Workbook

Sheet IN
F2: ENTRADA DE MATERIALES CT | X2: REALIZADO POR: ANGEL SUNIAGA
B5: # | C5: O/C | D5: TRANSF. | E5: PROPIEDAD DE | F5: ORIGEN | G5: SEMANA | H5: FECHA | I5: MES | J5: NRO. SIM | K5: CODIGO TEPECA | L5: DESCRIPCION | M5: MARCA | N5: MODELO | O5: SERIAL | P5: UBICACIÓN | Q5: CANT | R5: UM | S5: CONDICION | T5: RECIBIDO POR: | U5: GERENCIA | V5: DPTO.SOLICITANTE | W5: USO | X5: UNIDAD | Y5: DESTINO
B6: 1 | C6: N/A | D6: NOTA DE ENTREGA #0017 | E6: TEPECA | F6: CPVEN | G6: 4 | H6: 29/08/2022 | I6: AGOSTO | J6: 43166 | K6: N/A | L6: HERRAMIENTA SAND VAC | P6: ALM PPAL | Q6: 2 | R6: JGO | S6: NUEVO | T6: ANGEL S | U6: ADMINISTRACION | V6: COILED TUBING | W6: RECEPCION DE HERRAMIENTA Y COMPONENTES ASOCIADOS A EQUIPO COILED TUBING PROVENIENTE DE PROVEEDOR EXTERNO CPVEN | X6: COILED TUBING | Y6: SAN ANTONIO INTERNATIONAL BASE-SAN JOSE DE GUANIPA
B7: 2 | C7: N/A | D7: NOTA DE ENTREGA #0018 | E7: TEPECA | F7: CPVEN | G7: 4 | H7: 29/08/2022 | I7: AGOSTO | J7: 43170 | K7: N/A | L7: DESIOMETERS MECANICOS | P7: ALM PPAL | Q7: 2 | R7: JGO | S7: NUEVO | T7: ANGEL S | U7: ADMINISTRACION | V7: COILED TUBING | W7: RECEPCION DE HERRAMIENTA Y COMPONENTES ASOCIADOS A EQUIPO COILED TUBING PROVENIENTE DE PROVEEDOR EXTERNO CPVEN | X7: COILED TUBING | Y7: SAN ANTONIO INTERNATIONAL BASE-SAN JOSE DE GUANIPA
B8: 3 | C8: N/A | D8: NOTA DE ENTREGA #0018 | E8: TEPECA | F8: CPVEN | G8: 4 | H8: 29/08/2022 | I8: AGOSTO | J8: 43170 | K8: N/A | L8: LLAVE DE FRICCION 2,5 | P8: ALM PPAL | Q8: 2 | R8: PZA | S8: NUEVO | T8: ANGEL S | U8: ADMINISTRACION | V8: COILED TUBING | W8: RECEPCION DE HERRAMIENTA Y COMPONENTES ASOCIADOS A EQUIPO COILED TUBING PROVENIENTE DE PROVEEDOR EXTERNO CPVEN | X8: COILED TUBING | Y8: SAN ANTONIO INTERNATIONAL BASE-SAN JOSE DE GUANIPA
B9: 4 | C9: N/A | D9: DEV-2022-00135 | E9: TEPECA | F9: PETROALIANZA | G9: 4 | H9: 29/08/2022 | I9: AGOSTO | J9: N/P | K9: N/A | L9: FLANGE 4-1/16" CIEGO | P9: GALPON 2 | Q9: 1 | R9: UND | S9: NUEVO | T9: RAFAEL B | U9: ADMINISTRACION | V9: COILED TUBING | W9: RETORNO DE MATERIAL POR PARTE DE EMPRESA PETROALIANZA. DONDE PERMANECIA EN CALIDAD DE PRESTAMO PARA PRUEBA DE BOP | X9: COILED TUBING | Y9: SAN ANTONIO INTERNATIONAL BASE-SAN JOSE DE GUANIPA
B10: 5 | C10: N/A | D10: DEV-2022-00135 | E10: TEPECA | F10: PETROALIANZA | G10: 4 | H10: 29/08/2022 | I10: AGOSTO | J10: N/P | K10: N/A | L10: ESPARRAGOS DE 1" | P10: GALPON 2 | Q10: 8 | R10: UND | S10: NUEVO | T10: RAFAEL B | U10: ADMINISTRACION | V10: COILED TUBING | W10: RETORNO DE MATERIAL POR PARTE DE EMPRESA PETROALIANZA. DONDE PERMANECIA EN CALIDAD DE PRESTAMO PARA PRUEBA DE BOP | X10: COILED TUBING | Y10: SAN ANTONIO INTERNATIONAL BASE-SAN JOSE DE GUANIPA
B11: 6 | C11: N/A | D11: DEV-2022-00135 | E11: TEPECA | F11: PETROALIANZA | G11: 4 | H11: 29/08/2022 | I11: AGOSTO | J11: N/P | K11: N/A | L11: TUERCA PARA ESPARRAGO 1" | P11: GALPON 2 | Q11: 8 | R11: UND | S11: NUEVO | T11: RAFAEL B | U11: ADMINISTRACION | V11: COILED TUBING | W11: RETORNO DE MATERIAL POR PARTE DE EMPRESA PETROALIANZA. DONDE PERMANECIA EN CALIDAD DE PRESTAMO PARA PRUEBA DE BOP | X11: COILED TUBING | Y11: SAN ANTONIO INTERNATIONAL BASE-SAN JOSE DE GUANIPA
B12: 7 | C12: N/A | D12: NOTA DE ENTREGA #0020 | E12: TEPECA | F12: TORNO MOLINA | G12: 1 | H12: 01/09/2022 | I12: SEPT | J12: 82 | K12: N/A | L12: TAPA DEL FLUID END 3-1/2" INCLUYE: JGO DE O-RING Y SEPARADOR DE TEFLON | P12: ALMPPAL | Q12: 1 | R12: UND | S12: FABRICADO | T12: ANGEL S | U12: ADMINISTACION | V12: COILED TUBING | W12: RECEPCION DE MATERIALES EN ALMACEN Y POSTERIOR ENTREGA A PERSONAL DE COILED TUBING PARA REPARACION EN BOMBA DE LODO DEL EQUIPO | X12: COILED TUBING | Y12: SAN ANTONIO INTERNATIONAL BASE-SAN JOSE DE GUANIPA
B13: 8 | C13: N/A | D13: NOTA DE ENTREGA #0020 | E13: TEPECA | F13: TORNO MOLINA | G13: 1 | H13: 01/09/2022 | I13: SEPT | J13: 82 | K13: N/A | L13: TAPA DEL FLUID END 3" INCLUYE: JGO DE O-RING Y SEPARADOR DE TEFLON | P13: ALMPPAL | Q13: 1 | R13: UND | S13: FABRICADO | T13: ANGEL S | U13: ADMINISTACION | V13: COILED TUBING | W13: RECEPCION DE MATERIALES EN ALMACEN Y POSTERIOR ENTREGA A PERSONAL DE COILED TUBING PARA REPARACION EN BOMBA DE LODO DEL EQUIPO | X13: COILED TUBING | Y13: SAN ANTONIO INTERNATIONAL BASE-SAN JOSE DE GUANIPA
B14: 9 | C14: N/A | D14: AL--2022-03323 | E14: TEPECA | F14: TEPECA | G14: 3 | H14: 13/09/2022 | I14: SEPT | J14: MO-2022-473 | K14: N/A | L14: BOMBA DE AGUA DE CAMION COILED TUBING P/N: 23522721, P/N: 8922383 | O14: 4260 | P14: ALMPPAL | Q14: 1 | R14: UND | S14: REPARADO | T14: RAFAEL B | U14: ADMINISTACION | V14: COILED TUBING | W14: RECEPCION DE MATERIAL PARA ASIGNACION A EQUIPO COILED TUBING UBICADO EN BASE SAI | X14: COILED TUBING | Y14: SAN ANTONIO INTERNATIONAL BASE-SAN JOSE DE GUANIPA
B15: 10 | C15: N/A | D15: AL--2022-03409 | E15: TEPECA | F15: TEPECA | G15: 4 | H15: 21/09/2022 | I15: SEPT | J15: N/P | K15: 1.004.0014.0051 | L15: TENSOR P / CADENA (PERRO) 3/8"-1/2" TIPO RACHET INCLUYE CERTIFICADOS DE CALIDAD | P15: ALMPPAL | Q15: 6 | R15: UND | S15: NUEVO | T15: JOSEPTT M | U15: ADMINISTACION | V15: COILED TUBING | W15: RECEPCION DE MATERIALES ASIGNADOS A EQUIPO COILED TUBING UBICADO EN BASE SAI | X15: COILED TUBING | Y15: SAN ANTONIO INTERNATIONAL BASE-SAN JOSE DE GUANIPA
B16: 11 | C16: N/A | D16: AL--2022-03409 | E16: TEPECA | F16: TEPECA | G16: 4 | H16: 21/09/2022 | I16: SEPT | J16: N/P | K16: 1.004.0014.0052 | L16: FAJA NYLON DOBLE CAPA 3" X 6M DEBE INCLUIR CERTIFICADOS DE CALIDAD | O16: FP030206-06 | P16: ALMPPAL | Q16: 1 | R16: UND | S16: NUEVO | T16: JOSEPTT M | U16: ADMINISTACION | V16: COILED TUBING | W16: RECEPCION DE MATERIALES ASIGNADOS A EQUIPO COILED TUBING UBICADO EN BASE SAI | X16: COILED TUBING | Y16: SAN ANTONIO INTERNATIONAL BASE-SAN JOSE DE GUANIPA
B17: 12 | C17: N/A | D17: AL--2022-03409 | E17: TEPECA | F17: TEPECA | G17: 4 | H17: 21/09/2022 | I17: SEPT | J17: N/P | K17: 1.004.0014.0052 | L17: FAJA NYLON DOBLE CAPA 3" X 6M DEBE INCLUIR CERTIFICADOS DE CALIDAD | O17: FP030206-01 | P17: ALMPPAL | Q17: 1 | R17: UND | S17: NUEVO | T17: JOSEPTT M | U17: ADMINISTACION | V17: COILED TUBING | W17: RECEPCION DE MATERIALES ASIGNADOS A EQUIPO COILED TUBING UBICADO EN BASE SAI | X17: COILED TUBING | Y17: SAN ANTONIO INTERNATIONAL BASE-SAN JOSE DE GUANIPA
B18: 13 | C18: N/A | D18: AL--2022-03409 | E18: TEPECA | F18: TEPECA | G18: 4 | H18: 21/09/2022 | I18: SEPT | J18: N/P | K18: 1.004.0014.0054 | L18: FAJA NYLON CON RACHET 2" X 30FT INCLUYE CERTIFICADO DE CALIDAD | P18: ALMPPAL | Q18: 3 | R18: UND | S18: NUEVO | T18: JOSEPTT M | U18: ADMINISTACION | V18: COILED TUBING | W18: RECEPCION DE MATERIALES ASIGNADOS A EQUIPO COILED TUBING UBICADO EN BASE SAI | X18: COILED TUBING | Y18: SAN ANTONIO INTERNATIONAL BASE-SAN JOSE DE GUANIPA
B19: 14 | C19: N/A | D19: AL--2022-03409 | E19: TEPECA | F19: TEPECA | G19: 4 | H19: 21/09/2022 | I19: SEPT | J19: N/P | K19: 1.004.0014.0053 | L19: FAJA NYLON CON RACHET 2" X 8MTS DEBE INCLUIR CERTIFICADO DE CALIDAD | P19: ALMPPAL | Q19: 1 | R19: UND | S19: NUEVO | T19: JOSEPTT M | U19: ADMINISTACION | V19: COILED TUBING | W19: RECEPCION DE MATERIALES ASIGNADOS A EQUIPO COILED TUBING UBICADO EN BASE SAI | X19: COILED TUBING | Y19: SAN ANTONIO INTERNATIONAL BASE-SAN JOSE DE GUANIPA
B20: 15 | C20: N/A | D20: AL--2022-03409 | E20: TEPECA | F20: TEPECA | G20: 4 | H20: 21/09/2022 | I20: SEPT | J20: N/P | K20: 1.004.0014.0053 | L20: PULPO CABLE ACERO 4 RAMALES 1/2" X 2N 1,500KG (INCLUYE GUARDA CABOS Y ANILLOS) | P20: ALMPPAL | Q20: 1 | R20: UND | S20: NUEVO | T20: JOSEPTT M | U20: ADMINISTACION | V20: COILED TUBING | W20: RECEPCION DE MATERIALES ASIGNADOS A EQUIPO COILED TUBING UBICADO EN BASE SAI | X20: COILED TUBING | Y20: SAN ANTONIO INTERNATIONAL BASE-SAN JOSE DE GUANIPA
B21: 16 | C21: N/A | D21: AL--2022-03409 | E21: TEPECA | F21: TEPECA | G21: 4 | H21: 21/09/2022 | I21: SEPT | J21: N/P | K21: 1.004.0014.0055 | L21: GRILLETE DE ACERO 3/4" C/ PERNO ROSCADO Y CUPILLA DE SEGURIDAD | P21: ALMPPAL | Q21: 4 | R21: UND | S21: NUEVO | T21: JOSEPTT M | U21: ADMINISTACION | V21: COILED TUBING | W21: RECEPCION DE MATERIALES ASIGNADOS A EQUIPO COILED TUBING UBICADO EN BASE SAI | X21: COILED TUBING | Y21: SAN ANTONIO INTERNATIONAL BASE-SAN JOSE DE GUANIPA
B22: 17 | C22: N/A | D22: AL--2022-03409 | E22: TEPECA | F22: TEPECA | G22: 4 | H22: 21/09/2022 | I22: SEPT | J22: N/P | K22: 1.006.0003.0012 | L22: GRASA GADUS S2 V220 2 PARA ALTA PRESION MARCA: SHELL (400 GRAMOS | P22: ALMPPAL | Q22: 10 | R22: UND | S22: NUEVO | T22: JOSEPTT M | U22: ADMINISTACION | V22: COILED TUBING | W22: RECEPCION DE MATERIALES ASIGNADOS A EQUIPO COILED TUBING UBICADO EN BASE SAI | X22: COILED TUBING | Y22: SAN ANTONIO INTERNATIONAL BASE-SAN JOSE DE GUANIPA
B23: 18 | C23: N/A | D23: AL--2022-03409 | E23: TEPECA | F23: TEPECA | G23: 4 | H23: 21/09/2022 | I23: SEPT | J23: N/P | K23: 3.007.0001.0003 | L23: CAUTIN TIPO LAPZ 60W / 120 VAC (INCLUYE 5 PIEZAS ADICIONALES) | P23: ALMPPAL | Q23: 1 | R23: UND | S23: NUEVO | T23: JOSEPTT M | U23: ADMINISTACION | V23: COILED TUBING | W23: RECEPCION DE MATERIALES ASIGNADOS A EQUIPO COILED TUBING UBICADO EN BASE SAI | X23: COILED TUBING | Y23: SAN ANTONIO INTERNATIONAL BASE-SAN JOSE DE GUANIPA
B24: 19 | C24: N/A | D24: AL--2022-03410 | E24: TEPECA | F24: TEPECA | G24: 4 | H24: 21/09/2022 | I24: SEPT | J24: N/P | K24: N/A | L24: JUEGO DE LLAVES COMBINADAS MILIMETRICAS 14 PZAS ( 10MM, 11MM, 12MM, 13MM, 14MM, 17MM, 19MM, 21MM, 22MM, 23MM, 24MM, 26MM, 30MM, 32MM) | M24: STANLEY | P24: ALMPPAL | Q24: 1 | R24: JGO | S24: NUEVO | T24: JOSEPTT M | U24: ADMINISTACION | V24: COILED TUBING | W24: RECEPCION DE MATERIALES ASIGNADOS A EQUIPO COILED TUBING UBICADO EN BASE SAI | X24: COILED TUBING | Y24: SAN ANTONIO INTERNATIONAL BASE-SAN JOSE DE GUANIPA
B25: 20 | C25: N/A | D25: AL--2022-03410 | E25: TEPECA | F25: TEPECA | G25: 4 | H25: 21/09/2022 | I25: SEPT | J25: N/P | K25: N/A | L25: JUEGO DE LLAVES COMBINADAS EN PULGADAS MOD. 86-970 14PZAS (3/8", 7/16", 1/2", 9/16", 5/8", 11/16", 3/4", 13/16", 7/8", 15/16", 1", 1-1/16", 1-1/8", 1-1/4" | M25: STANLEY | P25: ALMPPAL | Q25: 1 | R25: JGO | S25: NUEVO | T25: JOSEPTT M | U25: ADMINISTACION | V25: COILED TUBING | W25: RECEPCION DE MATERIALES ASIGNADOS A EQUIPO COILED TUBING UBICADO EN BASE SAI | X25: COILED TUBING | Y25: SAN ANTONIO INTERNATIONAL BASE-SAN JOSE DE GUANIPA
B26: 21 | C26: N/A | D26: AL--2022-03410 | E26: TEPECA | F26: TEPECA | G26: 4 | H26: 21/09/2022 | I26: SEPT | J26: N/P | K26: N/A | L26: PALA CUADRADA CON CABO LARGO | P26: ALMPPAL | Q26: 2 | R26: UND | S26: NUEVO | T26: JOSEPTT M | U26: ADMINISTACION | V26: COILED TUBING | W26: RECEPCION DE MATERIALES ASIGNADOS A EQUIPO COILED TUBING UBICADO EN BASE SAI | X26: COILED TUBING | Y26: SAN ANTONIO INTERNATIONAL BASE-SAN JOSE DE GUANIPA
B27: 22 | C27: N/A | D27: AL--2022-03410 | E27: TEPECA | F27: TEPECA | G27: 4 | H27: 21/09/2022 | I27: SEPT | J27: N/P | K27: 3.013.0001.0027 | L27: ARCO DE SEGUETA | M27: STANLEY | P27: ALMPPAL | Q27: 1 | R27: UND | S27: NUEVO | T27: JOSEPTT M | U27: ADMINISTACION | V27: COILED TUBING | W27: RECEPCION DE MATERIALES ASIGNADOS A EQUIPO COILED TUBING UBICADO EN BASE SAI | X27: COILED TUBING | Y27: SAN ANTONIO INTERNATIONAL BASE-SAN JOSE DE GUANIPA
B28: 23 | C28: N/A | D28: AL--2022-03410 | E28: TEPECA | F28: TEPECA | G28: 4 | H28: 21/09/2022 | I28: SEPT | J28: N/P | K28: N/A | L28: CARRETILLA DE ALBAÑILERIA | P28: ALMPPAL | Q28: 1 | R28: UND | S28: NUEVO | T28: JOSEPTT M | U28: ADMINISTACION | V28: COILED TUBING | W28: RECEPCION DE MATERIALES ASIGNADOS A EQUIPO COILED TUBING UBICADO EN BASE SAI | X28: COILED TUBING | Y28: SAN ANTONIO INTERNATIONAL BASE-SAN JOSE DE GUANIPA
B29: 24 | C29: N/A | D29: AL--2022-03464 | E29: TEPECA | F29: TEPECA | G29: 4 | H29: 26/09/2022 | I29: SEPT | J29: N/P | K29: 3.008.0001.0003 | L29: CAJA DE HERRAMIENTAS METALICA GRANDE | M29: PROTO | P29: ALMPPAL | Q29: 1 | R29: UND | S29: NUEVO | T29: EDUARDO G | U29: ADMINISTACION | V29: COILED TUBING | W29: RECEPCION DE HERRAMIENTAS Y MATERIAL AIGNADO AL EQUIPO COILED TUBING UBICADO EN BASE SAI | X29: COILED TUBING | Y29: SAN ANTONIO INTERNATIONAL BASE-SAN JOSE DE GUANIPA
B30: 25 | C30: N/A | D30: AL--2022-03464 | E30: TEPECA | F30: TEPECA | G30: 4 | H30: 26/09/2022 | I30: SEPT | J30: N/P | K30: 3.004.0007.0003 | L30: LLAVE AJUSTABLE 8" | M30: STANLEY | P30: ALMPPAL | Q30: 2 | R30: UND | S30: NUEVO | T30: EDUARDO G | U30: ADMINISTACION | V30: COILED TUBING | W30: RECEPCION DE HERRAMIENTAS Y MATERIAL AIGNADO AL EQUIPO COILED TUBING UBICADO EN BASE SAI | X30: COILED TUBING | Y30: SAN ANTONIO INTERNATIONAL BASE-SAN JOSE DE GUANIPA
B31: 26 | C31: N/A | D31: AL--2022-03464 | E31: TEPECA | F31: TEPECA | G31: 4 | H31: 26/09/2022 | I31: SEPT | J31: N/P | K31: N/A | L31: LLAVE AJUSTABLE 12" | M31: STANLEY | P31: ALMPPAL | Q31: 2 | R31: UND | S31: NUEVO | T31: EDUARDO G | U31: ADMINISTACION | V31: COILED TUBING | W31: RECEPCION DE HERRAMIENTAS Y MATERIAL AIGNADO AL EQUIPO COILED TUBING UBICADO EN BASE SAI | X31: COILED TUBING | Y31: SAN ANTONIO INTERNATIONAL BASE-SAN JOSE DE GUANIPA
B32: 27 | C32: N/A | D32: AL--2022-03464 | E32: TEPECA | F32: TEPECA | G32: 4 | H32: 26/09/2022 | I32: SEPT | J32: N/P | K32: N/A | L32: ALICATE ELECTRICO 8" MOD STANLEY 84-056 PETRUL PEL8PX | M32: PRETUL | P32: ALMPPAL | Q32: 2 | R32: UND | S32: NUEVO | T32: EDUARDO G | U32: ADMINISTACION | V32: COILED TUBING | W32: RECEPCION DE HERRAMIENTAS Y MATERIAL AIGNADO AL EQUIPO COILED TUBING UBICADO EN BASE SAI | X32: COILED TUBING | Y32: SAN ANTONIO INTERNATIONAL BASE-SAN JOSE DE GUANIPA
B33: 28 | C33: N/A | D33: AL--2022-03464 | E33: TEPECA | F33: TEPECA | G33: 4 | H33: 26/09/2022 | I33: SEPT | J33: N/P | K33: 3.004.0006.0009 | L33: ALICATE DE PRESION 10" | M33: TRUPER | P33: ALMPPAL | Q33: 2 | R33: UND | S33: NUEVO | T33: EDUARDO G | U33: ADMINISTACION | V33: COILED TUBING | W33: RECEPCION DE HERRAMIENTAS Y MATERIAL AIGNADO AL EQUIPO COILED TUBING UBICADO EN BASE SAI | X33: COILED TUBING | Y33: SAN ANTONIO INTERNATIONAL BASE-SAN JOSE DE GUANIPA
B34: 29 | C34: N/A | D34: AL--2022-03464 | E34: TEPECA | F34: TEPECA | G34: 4 | H34: 26/09/2022 | I34: SEPT | J34: N/P | K34: N/A | L34: MARTILLO DE CARPINTERO | M34: BELLOTA | P34: ALMPPAL | Q34: 2 | R34: UND | S34: NUEVO | T34: EDUARDO G | U34: ADMINISTACION | V34: COILED TUBING | W34: RECEPCION DE HERRAMIENTAS Y MATERIAL AIGNADO AL EQUIPO COILED TUBING UBICADO EN BASE SAI | X34: COILED TUBING | Y34: SAN ANTONIO INTERNATIONAL BASE-SAN JOSE DE GUANIPA
B35: 30 | C35: N/A | D35: AL--2022-03464 | E35: TEPECA | F35: TEPECA | G35: 4 | H35: 26/09/2022 | I35: SEPT | J35: N/P | K35: 3.002.0003.0009 | L35: JGO DE DADOS HEXAGONAL 3/8" A 1-1/4" CON CUADRANTE 1/2" / MOD: J54126 | M35: PROTO | P35: ALMPPAL | Q35: 1 | R35: JGO | S35: NUEVO | T35: EDUARDO G | U35: ADMINISTACION | V35: COILED TUBING | W35: RECEPCION DE HERRAMIENTAS Y MATERIAL AIGNADO AL EQUIPO COILED TUBING UBICADO EN BASE SAI | X35: COILED TUBING | Y35: SAN ANTONIO INTERNATIONAL BASE-SAN JOSE DE GUANIPA
B36: 31 | C36: N/A | D36: AL--2022-03464 | E36: TEPECA | F36: TEPECA | G36: 4 | H36: 26/09/2022 | I36: SEPT | J36: N/P | K36: 3.004.0006.0011 | L36: ALICATE PUNTA LARGA 8" | M36: TRUPER | P36: ALMPPAL | Q36: 2 | R36: UND | S36: NUEVO | T36: EDUARDO G | U36: ADMINISTACION | V36: COILED TUBING | W36: RECEPCION DE HERRAMIENTAS Y MATERIAL AIGNADO AL EQUIPO COILED TUBING UBICADO EN BASE SAI | X36: COILED TUBING | Y36: SAN ANTONIO INTERNATIONAL BASE-SAN JOSE DE GUANIPA
B37: 32 | C37: N/A | D37: AL--2022-03464 | E37: TEPECA | F37: TEPECA | G37: 4 | H37: 26/09/2022 | I37: SEPT | J37: N/P | K37: 3.004.0006.0026 | L37: ALICATE PELACABLE 9" MOD: 84-223 | M37: STANLEY | P37: ALMPPAL | Q37: 2 | R37: UND | S37: NUEVO | T37: EDUARDO G | U37: ADMINISTACION | V37: COILED TUBING | W37: RECEPCION DE HERRAMIENTAS Y MATERIAL AIGNADO AL EQUIPO COILED TUBING UBICADO EN BASE SAI | X37: COILED TUBING | Y37: SAN ANTONIO INTERNATIONAL BASE-SAN JOSE DE GUANIPA
B38: 33 | C38: N/A | D38: AL--2022-03464 | E38: TEPECA | F38: TEPECA | G38: 4 | H38: 26/09/2022 | I38: SEPT | J38: N/P | K38: 3.005.0001.0016 | L38: MANDARRIA DE HIERRO 6 LBS | M38: HERROAGRO | P38: ALMPPAL | Q38: 2 | R38: UND | S38: NUEVO | T38: EDUARDO G | U38: ADMINISTACION | V38: COILED TUBING | W38: RECEPCION DE HERRAMIENTAS Y MATERIAL AIGNADO AL EQUIPO COILED TUBING UBICADO EN BASE SAI | X38: COILED TUBING | Y38: SAN ANTONIO INTERNATIONAL BASE-SAN JOSE DE GUANIPA
B39: 34 | C39: N/A | D39: AL--2022-03465 | E39: TEPECA | F39: TEPECA | G39: 4 | H39: 26/09/2022 | I39: SEPT | J39: N/P | K39: 3.005.0001.0007 | L39: MANDARRIA DE BRONCE 3 KG | P39: ALMPPAL | Q39: 1 | R39: UND | S39: NUEVO | T39: EDUARDO G | U39: ADMINISTACION | V39: COILED TUBING | W39: RECEPCION DE HERRAMIENTAS Y MATERIAL AIGNADO AL EQUIPO COILED TUBING UBICADO EN BASE SAI | X39: COILED TUBING | Y39: SAN ANTONIO INTERNATIONAL BASE-SAN JOSE DE GUANIPA
B40: 35 | C40: N/A | D40: AL--2022-03465 | E40: TEPECA | F40: TEPECA | G40: 4 | H40: 26/09/2022 | I40: SEPT | J40: N/P | K40: 3.004.0005.0021 | L40: JGO DE DESTORNILLADORES MARCA STANLEY 10 PZAS PALA Y ESTRIA CON PUNTA MAGNETICA | M40: STANLEY | P40: ALMPPAL | Q40: 1 | R40: UND | S40: NUEVO | T40: EDUARDO G | U40: ADMINISTACION | V40: COILED TUBING | W40: RECEPCION DE HERRAMIENTAS Y MATERIAL AIGNADO AL EQUIPO COILED TUBING UBICADO EN BASE SAI | X40: COILED TUBING | Y40: SAN ANTONIO INTERNATIONAL BASE-SAN JOSE DE GUANIPA
B41: 36 | C41: N/A | D41: AL--2022-03465 | E41: TEPECA | F41: TEPECA | G41: 4 | H41: 26/09/2022 | I41: SEPT | J41: N/P | K41: N/A | L41: CEPILLO DE ALAMBRE | M41: SUPERIOP TOOLS | P41: ALMPPAL | Q41: 4 | R41: UND | S41: NUEVO | T41: EDUARDO G | U41: ADMINISTACION | V41: COILED TUBING | W41: RECEPCION DE HERRAMIENTAS Y MATERIAL AIGNADO AL EQUIPO COILED TUBING UBICADO EN BASE SAI | X41: COILED TUBING | Y41: SAN ANTONIO INTERNATIONAL BASE-SAN JOSE DE GUANIPA
B42: 37 | C42: N/A | D42: AL--2022-03465 | E42: TEPECA | F42: TEPECA | G42: 4 | H42: 26/09/2022 | I42: SEPT | J42: N/P | K42: N/A | L42: CORREA 17485 P / COILED TUBING | P42: ALMPPAL | Q42: 12 | R42: UND | S42: NUEVO | T42: EDUARDO G | U42: ADMINISTACION | V42: COILED TUBING | W42: RECEPCION DE HERRAMIENTAS Y MATERIAL AIGNADO AL EQUIPO COILED TUBING UBICADO EN BASE SAI | X42: COILED TUBING | Y42: SAN ANTONIO INTERNATIONAL BASE-SAN JOSE DE GUANIPA
B43: 38 | C43: N/A | D43: AL--2022-03465 | E43: TEPECA | F43: TEPECA | G43: 4 | H43: 26/09/2022 | I43: SEPT | J43: N/P | K43: 3.009.0003.0006 | L43: LIMA MEDIA LUNA 10" | P43: ALMPPAL | Q43: 2 | R43: UND | S43: NUEVO | T43: EDUARDO G | U43: ADMINISTACION | V43: COILED TUBING | W43: RECEPCION DE HERRAMIENTAS Y MATERIAL AIGNADO AL EQUIPO COILED TUBING UBICADO EN BASE SAI | X43: COILED TUBING | Y43: SAN ANTONIO INTERNATIONAL BASE-SAN JOSE DE GUANIPA
B44: 39 | C44: N/A | D44: AL--2022-03465 | E44: TEPECA | F44: TEPECA | G44: 4 | H44: 26/09/2022 | I44: SEPT | J44: N/P | K44: 3.003.0004.0005 | L44: CINTA METRICA (METRO) DE 5 MTS | P44: ALMPPAL | Q44: 2 | R44: UND | S44: NUEVO | T44: EDUARDO G | U44: ADMINISTACION | V44: COILED TUBING | W44: RECEPCION DE HERRAMIENTAS Y MATERIAL AIGNADO AL EQUIPO COILED TUBING UBICADO EN BASE SAI | X44: COILED TUBING | Y44: SAN ANTONIO INTERNATIONAL BASE-SAN JOSE DE GUANIPA
B45: 40 | C45: N/A | D45: AL--2022-03465 | E45: TEPECA | F45: TEPECA | G45: 4 | H45: 26/09/2022 | I45: SEPT | J45: N/P | K45: 1.005.0007.0011 | L45: MECATE DE POLIPROPILENO 1/2" | P45: ALMPPAL | Q45: 20 | R45: MTS | S45: NUEVO | T45: EDUARDO G | U45: ADMINISTACION | V45: COILED TUBING | W45: RECEPCION DE HERRAMIENTAS Y MATERIAL AIGNADO AL EQUIPO COILED TUBING UBICADO EN BASE SAI | X45: COILED TUBING | Y45: SAN ANTONIO INTERNATIONAL BASE-SAN JOSE DE GUANIPA
B46: 41 | C46: N/A | D46: AL--2022-03465 | E46: TEPECA | F46: TEPECA | G46: 4 | H46: 26/09/2022 | I46: SEPT | J46: N/P | K46: 2.013.0001.0087 | L46: CORREA A-68 | M46: CONDOR | P46: ALMPPAL | Q46: 27 | R46: UND | S46: NUEVO | T46: EDUARDO G | U46: ADMINISTACION | V46: COILED TUBING | W46: RECEPCION DE HERRAMIENTAS Y MATERIAL AIGNADO AL EQUIPO COILED TUBING UBICADO EN BASE SAI | X46: COILED TUBING | Y46: SAN ANTONIO INTERNATIONAL BASE-SAN JOSE DE GUANIPA
B47: 42 | C47: N/A | D47: NOTA DE ENTREGA #0024 | E47: TEPECA | F47: SEBROMENCA | G47: 4 | H47: 27/09/2022 | I47: SEPT | J47: 10173.74 | K47: N/A | L47: RAM CIEGO DE BOP DE CABILLAS | P47: GALPON 2 | Q47: 2 | R47: UND | S47: REPARADO | T47: ANGEL S | U47: ADMINISTACION | V47: COILED TUBING | W47: RECEPCION DE MATERIAL ASIGNADO A EQUIPO COILED TUBING (SERVICIO EN PROVEEDOR EXTERNO) | X47: BASE SAI | Y47: SAN ANTONIO INTERNATIONAL BASE-SAN JOSE DE GUANIPA
B48: 43 | C48: N/A | D48: NOTA DE ENTREGA #0024 | E48: TEPECA | F48: SEBROMENCA | G48: 4 | H48: 27/09/2022 | I48: SEPT | J48: 10173.74 | K48: N/A | L48: RAM 3/4" DE BOP DE CABILLAS | P48: GALPON 2 | Q48: 2 | R48: UND | S48: REPARADO | T48: ANGEL S | U48: ADMINISTACION | V48: COILED TUBING | W48: RECEPCION DE MATERIAL ASIGNADO A EQUIPO COILED TUBING (SERVICIO EN PROVEEDOR EXTERNO) | X48: BASE SAI | Y48: SAN ANTONIO INTERNATIONAL BASE-SAN JOSE DE GUANIPA
B49: 44 | C49: N/A | D49: NOTA DE ENTREGA #0024 | E49: TEPECA | F49: SEBROMENCA | G49: 4 | H49: 27/09/2022 | I49: SEPT | J49: 10173.74 | K49: N/A | L49: BOP TIPO CONVI | N49: CATERPILLAR | O49: 153-48329 | P49: AREA EXTERNA | Q49: 1 | R49: UND | S49: REPARADO | T49: ANGEL S | U49: ADMINISTACION | V49: COILED TUBING | W49: RECEPCION DE MATERIAL ASIGNADO A EQUIPO COILED TUBING (SERVICIO EN PROVEEDOR EXTERNO) | X49: BASE SAI | Y49: SAN ANTONIO INTERNATIONAL BASE-SAN JOSE DE GUANIPA
B50: 45 | C50: N/A | D50: NOTA DE ENTREGA #0024 | E50: TEPECA | F50: SEBROMENCA | G50: 4 | H50: 27/09/2022 | I50: SEPT | J50: 10173.74 | K50: N/A | L50: BOP QUARTZ P/N: LE44-X1400B INCLUYE VALVULA 2X2 P/N: BH0006, VALVULA 2X1 P/N: FP10151 Y TEE DE FLUJO | N50: TEXAS OIL TOOLS | O50: 153-48327 | P50: GALPON 2 | Q50: 1 | R50: UND | S50: REPARADO | T50: ANGEL S | U50: ADMINISTACION | V50: COILED TUBING | W50: RECEPCION DE MATERIAL ASIGNADO A EQUIPO COILED TUBING (SERVICIO EN PROVEEDOR EXTERNO) | X50: BASE SAI | Y50: SAN ANTONIO INTERNATIONAL BASE-SAN JOSE DE GUANIPA
B51: 46 | C51: N/A | D51: NOTA DE ENTREGA #0024 | E51: TEPECA | F51: SEBROMENCA | G51: 4 | H51: 27/09/2022 | I51: SEPT | J51: 10173.74 | K51: 30121199 | L51: KIT 60:1 DE REPARACION DE BANCO DE PRUEBA DE BOP | P51: GALPON 2 | Q51: 1 | R51: KIT | S51: REPARADO | T51: ANGEL S | U51: ADMINISTACION | V51: COILED TUBING | W51: RECEPCION DE MATERIAL ASIGNADO A EQUIPO COILED TUBING (SERVICIO EN PROVEEDOR EXTERNO) | X51: BASE SAI | Y51: SAN ANTONIO INTERNATIONAL BASE-SAN JOSE DE GUANIPA
B52: 47 | C52: N/A | D52: AL--2022-03473 | E52: TEPECA | F52: TEPECA | G52: 4 | H52: 27/09/2022 | I52: SEPT | J52: PROYECTO 27-09-2022 | K52: 15W40 | L52: ACEITE DE MOTOR 15W40 | P52: GALPON 3 | Q52: 412.5 | R52: LTS | S52: NUEVO | T52: ANGEL S | U52: ADMINISTACION | V52: COILED TUBING | W52: RECEPCION DE MATERIALES AIGNADOS AL EQUIPO COILED TUBING UBICADO EN BASE SAI | X52: COILED TUBING | Y52: SAN ANTONIO INTERNATIONAL BASE-SAN JOSE DE GUANIPA
B53: 48 | C53: N/A | D53: AL--2022-03473 | E53: TEPECA | F53: TEPECA | G53: 4 | H53: 27/09/2022 | I53: SEPT | J53: PROYECTO 27-09-2022 | K53: ISO68 | L53: ACEITE HIDRAULICO ISO-68 | P53: GALPON 3 | Q53: 2060.5 | R53: LTS | S53: NUEVO | T53: ANGEL S | U53: ADMINISTACION | V53: COILED TUBING | W53: RECEPCION DE MATERIALES AIGNADOS AL EQUIPO COILED TUBING UBICADO EN BASE SAI | X53: COILED TUBING | Y53: SAN ANTONIO INTERNATIONAL BASE-SAN JOSE DE GUANIPA
B54: 49 | C54: N/A | D54: AL--2022-03473 | E54: TEPECA | F54: TEPECA | G54: 4 | H54: 27/09/2022 | I54: SEPT | J54: PROYECTO 27-09-2022 | K54: 80W90 | L54: ACEITE DE TRANSMISION 80W90 | P54: GALPON 3 | Q54: 415.5 | R54: LTS | S54: NUEVO | T54: ANGEL S | U54: ADMINISTACION | V54: COILED TUBING | W54: RECEPCION DE MATERIALES AIGNADOS AL EQUIPO COILED TUBING UBICADO EN BASE SAI | X54: COILED TUBING | Y54: SAN ANTONIO INTERNATIONAL BASE-SAN JOSE DE GUANIPA
B55: 50 | C55: N/A | D55: AL--2022-03473 | E55: TEPECA | F55: TEPECA | G55: 4 | H55: 27/09/2022 | I55: SEPT | J55: PROYECTO 27-09-2022 | K55: 1.006.0001.0007 | L55: REFRIGERANTE ANTICORROSIVO ROJO | P55: GALPON 3 | Q55: 200 | R55: LTS | S55: NUEVO | T55: ANGEL S | U55: ADMINISTACION | V55: COILED TUBING | W55: RECEPCION DE MATERIALES AIGNADOS AL EQUIPO COILED TUBING UBICADO EN BASE SAI | X55: COILED TUBING | Y55: SAN ANTONIO INTERNATIONAL BASE-SAN JOSE DE GUANIPA
B56: 51 | C56: N/A | D56: AL--2022-03473 | E56: TEPECA | F56: TEPECA | G56: 4 | H56: 27/09/2022 | I56: SEPT | J56: PROYECTO 27-09-2022 | K56: 3.005.0001.0007 | L56: MANDARRIA DE BRONCE 3 KG | M56: TRUPER | P56: ALMPPAL | Q56: 1 | R56: UND | S56: NUEVO | T56: ANGEL S | U56: ADMINISTACION | V56: COILED TUBING | W56: RECEPCION DE MATERIALES AIGNADOS AL EQUIPO COILED TUBING UBICADO EN BASE SAI | X56: COILED TUBING | Y56: SAN ANTONIO INTERNATIONAL BASE-SAN JOSE DE GUANIPA
B57: 52 | C57: N/A | D57: AL--2022-03473 | E57: TEPECA | F57: TEPECA | G57: 4 | H57: 27/09/2022 | I57: SEPT | J57: PROYECTO 27-09-2022 | K57: N/A | L57: DREMEL NEUMATICO MOD. CL2521 | M57: CAMPELL HAUSFELD | P57: ALMPPAL | Q57: 1 | R57: UND | S57: NUEVO | T57: ANGEL S | U57: ADMINISTACION | V57: COILED TUBING | W57: RECEPCION DE MATERIALES AIGNADOS AL EQUIPO COILED TUBING UBICADO EN BASE SAI | X57: COILED TUBING | Y57: SAN ANTONIO INTERNATIONAL BASE-SAN JOSE DE GUANIPA
B58: 53 | C58: N/A | D58: AL--2022-03473 | E58: TEPECA | F58: TEPECA | G58: 4 | H58: 27/09/2022 | I58: SEPT | J58: PROYECTO 27-09-2022 | K58: 1.005.0002.0001 | L58: SILICONE COLOR GRIS (ALTA TEMPERATURA) | M58: VERSELHAM | P58: ALMPPAL | Q58: 10 | R58: UND | S58: NUEVO | T58: ANGEL S | U58: ADMINISTACION | V58: COILED TUBING | W58: RECEPCION DE MATERIALES AIGNADOS AL EQUIPO COILED TUBING UBICADO EN BASE SAI | X58: COILED TUBING | Y58: SAN ANTONIO INTERNATIONAL BASE-SAN JOSE DE GUANIPA
B59: 54 | C59: N/A | D59: AL--2022-03475 | E59: TEPECA | F59: TEPECA | G59: 4 | H59: 27/09/2022 | I59: SEPT | J59: PROYECTO 27-09-2022 | K59: N/A | L59: KIT DE O-RING - VITON 70 AS-568 407 PZA / INCLUYE 23 MOD | P59: ALMPPAL | Q59: 2 | R59: CAJA | S59: NUEVO | T59: ANGEL S | U59: ADMINISTACION | V59: COILED TUBING | W59: RECEPCION DE MATERIALES AIGNADOS AL EQUIPO COILED TUBING UBICADO EN BASE SAI | X59: COILED TUBING | Y59: SAN ANTONIO INTERNATIONAL BASE-SAN JOSE DE GUANIPA
B60: 55 | C60: N/A | D60: AL--2022-03475 | E60: TEPECA | F60: TEPECA | G60: 4 | H60: 27/09/2022 | I60: SEPT | J60: PROYECTO 27-09-2022 | K60: N/A | L60: KIT DE O-RING - ASTM 70-NITRILO MOD AS-568 N 70A, 407 PZA 3 / INCLUYE 23 MOD | P60: ALMPPAL | Q60: 2 | R60: CAJA | S60: NUEVO | T60: ANGEL S | U60: ADMINISTACION | V60: COILED TUBING | W60: RECEPCION DE MATERIALES AIGNADOS AL EQUIPO COILED TUBING UBICADO EN BASE SAI | X60: COILED TUBING | Y60: SAN ANTONIO INTERNATIONAL BASE-SAN JOSE DE GUANIPA
B61: 56 | C61: N/A | D61: AL--2022-03526 | E61: TEPECA | F61: TEPECA | G61: 1 | H61: 01/10/2022 | I61: OCT | J61: GRUPO GERENCIA | K61: N/A | L61: UNIDAD DE FILTRADO ENSAMBLADA EN SKID PARA EQUIPO COILED TUBING | P61: AREA EXTERNA | Q61: 1 | R61: EQUIPO | S61: FABRICADO | T61: CARLOS M | U61: PROYECTO | V61: COILED TUBING | W61: RECEPCION DE MATERIAL PARA ASIGNACION A EQUIPO COILED TUBING | X61: COILED TUBING | Y61: SAN ANTONIO INTERNATIONAL BASE-SAN JOSE DE GUANIPA
B62: 57 | C62: N/A | D62: AL--2022-03543 | E62: TEPECA | F62: TEPECA | G62: 1 | H62: 03/10/2022 | I62: OCT | J62: PROYECTO 03-10-2022 | K62: 2.030.0001.0005 | L62: FILTRO DE ACEITE 51971 / P552100 / ML-25971 | M62: MILLARD | P62: ALMPPAL | Q62: 8 | R62: UND | S62: NUEVO | T62: ANGEL S | U62: ADMINISTACION | V62: COILED TUBING | W62: RECEPCION DE MATERIALES PARA ASIGNACION A EQUIPO COILET TUBING | X62: COILED TUBING | Y62: SAN ANTONIO INTERNATIONAL BASE-SAN JOSE DE GUANIPA
B63: 58 | C63: N/A | D63: AL--2022-03543 | E63: TEPECA | F63: TEPECA | G63: 1 | H63: 03/10/2022 | I63: OCT | J63: PROYECTO 03-10-2022 | K63: N/A | L63: FILTRO DE AIRE PRIMARIO DONALDSON P527682 WIX 46556 / RS3518 / ML-65139 | M63: MILLARD | P63: ALMPPAL | Q63: 2 | R63: UND | S63: NUEVO | T63: ANGEL S | U63: ADMINISTACION | V63: COILED TUBING | W63: RECEPCION DE MATERIALES PARA ASIGNACION A EQUIPO COILET TUBING | X63: COILED TUBING | Y63: SAN ANTONIO INTERNATIONAL BASE-SAN JOSE DE GUANIPA
B64: 59 | C64: N/A | D64: AL--2022-03543 | E64: TEPECA | F64: TEPECA | G64: 1 | H64: 03/10/2022 | I64: OCT | J64: PROYECTO 03-10-2022 | K64: 2.001.0006.0056 | L64: FILTRO DE COMB. TRAMPA DE AGUA 33651 / MF-61492 / WC-7772A | M64: MILLARD | P64: ALMPPAL | Q64: 2 | R64: UND | S64: NUEVO | T64: ANGEL S | U64: ADMINISTACION | V64: COILED TUBING | W64: RECEPCION DE MATERIALES PARA ASIGNACION A EQUIPO COILET TUBING | X64: COILED TUBING | Y64: SAN ANTONIO INTERNATIONAL BASE-SAN JOSE DE GUANIPA
B65: 60 | C65: N/A | D65: AL--2022-03543 | E65: TEPECA | F65: TEPECA | G65: 1 | H65: 03/10/2022 | I65: OCT | J65: PROYECTO 03-10-2022 | K65: N/A | L65: FILTRO DE RERIGERANTE 23516489 / BW5200 / DBC4088 | M65: BALDWIN | P65: ALMPPAL | Q65: 2 | R65: UND | S65: NUEVO | T65: ANGEL S | U65: ADMINISTACION | V65: COILED TUBING | W65: RECEPCION DE MATERIALES PARA ASIGNACION A EQUIPO COILET TUBING | X65: COILED TUBING | Y65: SAN ANTONIO INTERNATIONAL BASE-SAN JOSE DE GUANIPA
B66: 61 | C66: N/A | D66: AL--2022-03543 | E66: TEPECA | F66: TEPECA | G66: 1 | H66: 03/10/2022 | I66: OCT | J66: PROYECTO 03-10-2022 | K66: 2.031.0001.0013 | L66: FILTRO S. DE COMB. 33120 / P556916 / F3120 | M66: WEB | P66: ALMPPAL | Q66: 2 | R66: UND | S66: NUEVO | T66: ANGEL S | U66: ADMINISTACION | V66: COILED TUBING | W66: RECEPCION DE MATERIALES PARA ASIGNACION A EQUIPO COILET TUBING | X66: COILED TUBING | Y66: SAN ANTONIO INTERNATIONAL BASE-SAN JOSE DE GUANIPA
B67: 62 | C67: N/A | D67: AL--2022-03543 | E67: TEPECA | F67: TEPECA | G67: 1 | H67: 03/10/2022 | I67: OCT | J67: PROYECTO 03-10-2022 | K67: 2.031.0001.0013 | L67: FILTRO TRAMPA DE AGUA 33792 / FC33792 / PP-2020 | M67: PARTMO | P67: ALMPPAL | Q67: 2 | R67: UND | S67: NUEVO | T67: ANGEL S | U67: ADMINISTACION | V67: COILED TUBING | W67: RECEPCION DE MATERIALES PARA ASIGNACION A EQUIPO COILET TUBING | X67: COILED TUBING | Y67: SAN ANTONIO INTERNATIONAL BASE-SAN JOSE DE GUANIPA
B68: 63 | C68: N/A | D68: AL--2022-03547 | E68: TEPECA | F68: TEPECA | G68: 1 | H68: 03/10/2022 | I68: OCT | J68: PROYECTO 03-10-2022 | K68: N/A | L68: FILTRO HIDRAULICO 51730 / BT8879-MPG / P165659 | M68: DONALDSON | P68: ALMPPAL | Q68: 4 | R68: UND | S68: NUEVO | T68: ANGEL S | U68: ADMINISTACION | V68: COILED TUBING | W68: RECEPCION DE MATERIALES PARA ASIGNACION A EQUIPO COILET TUBING | X68: COILED TUBING | Y68: SAN ANTONIO INTERNATIONAL BASE-SAN JOSE DE GUANIPA
B69: 64 | C69: N/A | D69: AL--2022-03578 | E69: TEPECA | F69: TEPECA | G69: 1 | H69: 05/10/2022 | I69: OCT | J69: SEAP 04-10-2022 | K69: N/A | L69: RESALTADOR AMARILLO | P69: ALMPPAL | Q69: 2 | R69: UND | S69: NUEVO | T69: ANGEL S | U69: ADMINISTACION | V69: COILED TUBING | W69: RECEPCION DE MATERIAL DE OFICINA PARA ASIGNACION A PERSONAL DEL EQUIPO COILED TUBING UBICADO EN BASE SAI | X69: COILED TUBING | Y69: SAN ANTONIO INTERNATIONAL BASE-SAN JOSE DE GUANIPA
B70: 65 | C70: N/A | D70: AL--2022-03578 | E70: TEPECA | F70: TEPECA | G70: 1 | H70: 05/10/2022 | I70: OCT | J70: SEAP 04-10-2022 | K70: N/A | L70: RESALTADOR VERDE | P70: ALMPPAL | Q70: 2 | R70: UND | S70: NUEVO | T70: ANGEL S | U70: ADMINISTACION | V70: COILED TUBING | W70: RECEPCION DE MATERIAL DE OFICINA PARA ASIGNACION A PERSONAL DEL EQUIPO COILED TUBING UBICADO EN BASE SAI | X70: COILED TUBING | Y70: SAN ANTONIO INTERNATIONAL BASE-SAN JOSE DE GUANIPA
B71: 66 | C71: N/A | D71: DEV-2022-00161 | E71: TEPECA | F71: SAI-215 | G71: 1 | H71: 03/10/2022 | I71: OCT | J71: N/P | K71: ISO68 | L71: ACEITE DE HIDRAULICO ISO68 (USADO) | P71: GALPON 3 | Q71: 615 | R71: LTS | S71: USADO | T71: EDUARDO G | U71: ADMINISTACION | V71: COILED TUBING | W71: RECEPCION PARA RESGUARDO EN GALPON 3 DE LUBRICANTE EXTRAIDO DEL EQUIPO COILED TUBING PARA SER RECICLADO Y REUTILIZADO EN LUBRICACION DEL EQUIPO | X71: COILED TUBING | Y71: SAN ANTONIO INTERNATIONAL BASE-SAN JOSE DE GUANIPA
B72: 67 | C72: N/A | D72: AL--2022-03606 | E72: TEPECA | F72: TEPECA | G72: 1 | H72: 07/10/2022 | I72: OCT | J72: GRUPO GERENCIA | K72: N/A | L72: PEGA LOCTITE N° 277 | P72: ALMPPAL | Q72: 2 | R72: UND | S72: NUEVO | T72: RAFAEL B | U72: ADMINISTACION | V72: COILED TUBING | W72: RECEPCION DE MATERIAL ASIGNADO A EQUIPO COILED TUBING UBICADO EN BASE SAI | X72: COILED TUBING | Y72: SAN ANTONIO INTERNATIONAL BASE-SAN JOSE DE GUANIPA
B73: 68 | C73: N/A | D73: AL--2022-03606 | E73: TEPECA | F73: TEPECA | G73: 1 | H73: 07/10/2022 | I73: OCT | J73: GRUPO GERENCIA | K73: 2.013.0001.0010 | L73: CORREA A-47 | M73: IRON FLEX | P73: ALMPPAL | Q73: 12 | R73: UND | S73: NUEVO | T73: RAFAEL B | U73: ADMINISTACION | V73: COILED TUBING | W73: RECEPCION DE MATERIAL ASIGNADO A EQUIPO COILED TUBING UBICADO EN BASE SAI (MATERIAL CORRESPONDE A UN CAMBIO DE PN A LA OC: N°18657) | X73: COILED TUBING | Y73: SAN ANTONIO INTERNATIONAL BASE-SAN JOSE DE GUANIPA
B74: 69 | C74: N/A | D74: DEV-2022-00164 | E74: TEPECA | F74: COILED TUBING | G74: 2 | H74: 11/10/2022 | I74: OCT | J74: N/P | K74: ISO68 | L74: ACEITE DE HIDRAULICO ISO68 (USADO) | P74: GALPON 3 | Q74: 472.5 | R74: LTS | S74: USADO | T74: RAFAEL V | U74: ADMINISTACION | V74: COILED TUBING | W74: RECEPCION DE LUBRICANTE PARA RESGUARDO EN ALMACEN, PROVENIENTE DEL EQUIPO COILED TUBING UBICADO EN BASE SAI | X74: COILED TUBING | Y74: SAN ANTONIO INTERNATIONAL BASE-SAN JOSE DE GUANIPA
B75: 70 | C75: N/A | D75: AL--2022-03667 | E75: TEPECA | F75: TEPECA | G75: 2 | H75: 13/10/2022 | I75: OCT | J75: SIHOA 13-10-2022 | K75: N/A | L75: CONTENEDOR (TAMBOR) DE COLOR GRIS PARA DESECHOS PELIGROSOS C / TAPA | P75: GALPON 3 | Q75: 2 | R75: UND | S75: REMANUFACTURADO | T75: ANGEL S | U75: ADMINISTACION | V75: COILED TUBING | W75: RECEPCION DE MATERIAL DE SEGURIDAD PARA SER ASIGNADO AL EQUIPO COILED TUBING UBICADO EN BASE SAI | X75: COILED TUBING | Y75: SAN ANTONIO INTERNATIONAL BASE-SAN JOSE DE GUANIPA
B76: 71 | C76: N/A | D76: AL--2022-03667 | E76: TEPECA | F76: TEPECA | G76: 2 | H76: 13/10/2022 | I76: OCT | J76: SIHOA 13-10-2022 | K76: N/A | L76: CONTENEDOR (TAMBOR) DE COLOR VERDE PARA DESECHOS NO PELIGROSOS C/ TAPA | P76: GALPON 3 | Q76: 1 | R76: UND | S76: REMANUFACTURADO | T76: ANGEL S | U76: ADMINISTACION | V76: COILED TUBING | W76: RECEPCION DE MATERIAL DE SEGURIDAD PARA SER ASIGNADO AL EQUIPO COILED TUBING UBICADO EN BASE SAI | X76: COILED TUBING | Y76: SAN ANTONIO INTERNATIONAL BASE-SAN JOSE DE GUANIPA
B77: 72 | C77: N/A | D77: AL--2022-03668 | E77: TEPECA | F77: TEPECA | G77: 2 | H77: 13/10/2022 | I77: OCT | J77: SIHOA 13-10-2022 | K77: N/A | L77: CONTENEDOR (TAMBOR) DE COLOR VERDE PARA DESECHOS NO PELIGROSOS C/ TAPA | P77: GALPON 3 | Q77: 2 | R77: UND | S77: REMANUFACTURADO | T77: RAFAEL B | U77: ADMINISTACION | V77: COILED TUBING | W77: RECEPCION DE MATERIAL DE SEGURIDAD PARA SER ASIGNADO AL EQUIPO COILED TUBING UBICADO EN BASE SAI | X77: COILED TUBING | Y77: SAN ANTONIO INTERNATIONAL BASE-SAN JOSE DE GUANIPA
B78: 73 | C78: N/A | D78: AL--2022-03670 | E78: TEPECA | F78: TEPECA | G78: 2 | H78: 13/10/2022 | I78: OCT | J78: PENDIENTE | K78: 200100020008 | L78: FILTRO DE ACEITE 51085 / P550963 / AF-43 / W-16 | M78: AKSU | P78: ALMPPAL | Q78: 3 | R78: UND | S78: NUEVO | T78: RAFAEL B | U78: ADMINISTACION | V78: COILED TUBING | W78: RECEPCION DE MATERIAL PARA ASIGNACION A EQUIPO COILED TUBING UBICADO EN BASE SAI | X78: COILED TUBING | Y78: SAN ANTONIO INTERNATIONAL BASE-SAN JOSE DE GUANIPA
B79: 74 | C79: N/A | D79: AL--2022-03670 | E79: TEPECA | F79: TEPECA | G79: 2 | H79: 13/10/2022 | I79: OCT | J79: PENDIENTE | K79: N/A | L79: FILTRO DE COMB P. 33063 / FP888 / FFP550888 | M79: WIX | P79: ALMPPAL | Q79: 3 | R79: UND | S79: NUEVO | T79: RAFAEL B | U79: ADMINISTACION | V79: COILED TUBING | W79: RECEPCION DE MATERIAL PARA ASIGNACION A EQUIPO COILED TUBING UBICADO EN BASE SAI | X79: COILED TUBING | Y79: SAN ANTONIO INTERNATIONAL BASE-SAN JOSE DE GUANIPA
B80: 75 | C80: N/A | D80: AL--2022-03670 | E80: TEPECA | F80: TEPECA | G80: 2 | H80: 13/10/2022 | I80: OCT | J80: PENDIENTE | K80: N/A | L80: FILTRO DE AIRE P822686 / AF25538 / 46449 | M80: WIX | P80: ALMPPAL | Q80: 3 | R80: UND | S80: NUEVO | T80: RAFAEL B | U80: ADMINISTACION | V80: COILED TUBING | W80: RECEPCION DE MATERIAL PARA ASIGNACION A EQUIPO COILED TUBING UBICADO EN BASE SAI | X80: COILED TUBING | Y80: SAN ANTONIO INTERNATIONAL BASE-SAN JOSE DE GUANIPA
B81: 76 | C81: N/A | D81: AL--2022-03780 | E81: TEPECA | F81: TEPECA | G81: 3 | H81: 20/10/2022 | I81: OCT | J81: CT 20-10-2022 | K81: N/A | L81: MANGUERA DE AIRE 1/2" X 300 PSI TEFLON MALLA ACERO ALTA TEMPERATURA | P81: ALMPPAL | Q81: 30 | R81: MTS | S81: NUEVO | T81: RAFAEL BOLIVAR | U81: ADMINISTACION | V81: COILED TUBING | W81: RECEPCION DE MATERIALES PARA ASIGNACION A EQUIPO COILETD TUBING UBICADO EN BASE SAI | X81: COILED TUBING | Y81: SAN ANTONIO INTERNATIONAL BASE-SAN JOSE DE GUANIPA
B82: 77 | C82: N/A | D82: AL--2022-03780 | E82: TEPECA | F82: TEPECA | G82: 3 | H82: 20/10/2022 | I82: OCT | J82: CT 20-10-2022 | K82: N/A | L82: MANGUERA DE COMBUSTIBLE 3/4" 270 PSI CON MALLA | P82: ALMPPAL | Q82: 40 | R82: MTS | S82: NUEVO | T82: RAFAEL BOLIVAR | U82: ADMINISTACION | V82: COILED TUBING | W82: RECEPCION DE MATERIALES PARA ASIGNACION A EQUIPO COILETD TUBING UBICADO EN BASE SAI | X82: COILED TUBING | Y82: SAN ANTONIO INTERNATIONAL BASE-SAN JOSE DE GUANIPA
B83: 78 | C83: N/A | D83: AL--2022-03738 | E83: TEPECA | F83: TEPECA | G83: 4 | H83: 24/10/2022 | I83: OCT | J83: N/P | K83: N/A | L83: TABLERO ELECTRICO TRIFASICO 18 CIRCUITOS 250 AMP / TWP-18 | M83: LUMNEX | P83: ALMPPAL | Q83: 1 | R83: UND | S83: NUEVO | T83: RAFAEL V | U83: ADMINISTACION | V83: COILED TUBING | W83: RECEPCION DE MATERIALES PARA ASIGNACION A CAMPAMENTO DEL DEPARTAMENTO COILED TUBING | X83: COILED TUBING | Y83: SAN ANTONIO INTERNATIONAL BASE-SAN JOSE DE GUANIPA
B84: 79 | C84: N/A | D84: AL--2022-03738 | E84: TEPECA | F84: TEPECA | G84: 4 | H84: 24/10/2022 | I84: OCT | J84: N/P | K84: 1.008.0002.0052 | L84: BREAKER THQL EMPOTRABLE 2X50 AMP | M84: BTICINO | O84: 8902/60N | P84: ALMPPAL | Q84: 5 | R84: UND | S84: NUEVO | T84: RAFAEL V | U84: ADMINISTACION | V84: COILED TUBING | W84: RECEPCION DE MATERIALES PARA ASIGNACION A CAMPAMENTO DEL DEPARTAMENTO COILED TUBING | X84: COILED TUBING | Y84: SAN ANTONIO INTERNATIONAL BASE-SAN JOSE DE GUANIPA
B85: 80 | C85: N/A | D85: AL--2022-03738 | E85: TEPECA | F85: TEPECA | G85: 4 | H85: 24/10/2022 | I85: OCT | J85: N/P | K85: 1.008.0002.0051 | L85: BREAKER THQL EMPOTRABLE 1X20 AMP | M85: BTICINO | O85: 8901/20N | P85: ALMPPAL | Q85: 4 | R85: UND | S85: NUEVO | T85: RAFAEL V | U85: ADMINISTACION | V85: COILED TUBING | W85: RECEPCION DE MATERIALES PARA ASIGNACION A CAMPAMENTO DEL DEPARTAMENTO COILED TUBING | X85: COILED TUBING | Y85: SAN ANTONIO INTERNATIONAL BASE-SAN JOSE DE GUANIPA
B86: 81 | C86: N/A | D86: DEV-2022-00172 | E86: TEPECA | F86: COILED TUBING | G86: 4 | H86: 26/10/2022 | I86: OCT | J86: N/P | K86: N/A | L86: ACEITE DE MOTOR 15W40 (USADO) | P86: GALPON 3 | Q86: 77.5 | R86: LTS | S86: USADO | T86: YORGAN M | U86: ADMINISTACION | V86: COILED TUBING | W86: RECEPCION PARA RESGUARDO EN GALPON 3 DE LUBRICANTE EXTRAIDO DEL EQUIPO COILED TUBING PARA SER RECICLADO Y REUTILIZADO EN LUBRICACION DEL EQUIPO | X86: COILED TUBING | Y86: SAN ANTONIO INTERNATIONAL BASE-SAN JOSE DE GUANIPA
B87: 82 | C87: N/A | D87: AL--2022-03945 | E87: TEPECA | F87: TEPECA | G87: 4 | H87: 31/10/2022 | I87: OCT | J87: N/P | K87: 1.011.0001.0020 | L87: VALVULA DE PASO DE BRONCE ROSCADA 1/2" BAJA PRESION | P87: ALMPPAL | Q87: 2 | R87: UND | S87: NUEVO | T87: ANGEL S | U87: ADMINISTACION | V87: COILED TUBING | W87: RECEPCION DE MATERIAL PARA ASIGNACION AL EQUIPO COILED TUBING UBICADO EN BASE SAI | X87: COILED TUBING | Y87: SAN ANTONIO INTERNATIONAL BASE-SAN JOSE DE GUANIPA
B88: 83 | C88: N/A | D88: AL--2022-03945 | E88: TEPECA | F88: TEPECA | G88: 4 | H88: 31/10/2022 | I88: OCT | J88: N/P | K88: 2.046.0001.0014 | L88: KIT QUICK CONNECTOR COUPLING 1/2" 4500 PSI / MOD. 60-5 (INCLUYE 3 PIEZAS) | P88: ALMPPAL | Q88: 2 | R88: KIT | S88: NUEVO | T88: ANGEL S | U88: ADMINISTACION | V88: COILED TUBING | W88: RECEPCION DE MATERIAL PARA ASIGNACION AL EQUIPO COILED TUBING UBICADO EN BASE SAI | X88: COILED TUBING | Y88: SAN ANTONIO INTERNATIONAL BASE-SAN JOSE DE GUANIPA
B89: 84 | C89: N/A | D89: AL--2022-03945 | E89: TEPECA | F89: TEPECA | G89: 4 | H89: 31/10/2022 | I89: OCT | J89: N/P | K89: 1.011.0001.0004 | L89: VALVULA DE BOLA 3/4" / 200LBS / ROSCADA BRONCE | P89: ALMPPAL | Q89: 1 | R89: UND | S89: NUEVO | T89: ANGEL S | U89: ADMINISTACION | V89: COILED TUBING | W89: RECEPCION DE MATERIAL PARA ASIGNACION AL EQUIPO COILED TUBING UBICADO EN BASE SAI | X89: COILED TUBING | Y89: SAN ANTONIO INTERNATIONAL BASE-SAN JOSE DE GUANIPA
B90: 85 | C90: N/A | D90: AL--2022-03945 | E90: TEPECA | F90: TEPECA | G90: 4 | H90: 31/10/2022 | I90: OCT | J90: N/P | K90: 1.010.0005.0009 | L90: TAPON GALVANIZADO HEMBRA 4" ROSCA NPT | P90: ALMPPAL | Q90: 1 | R90: UND | S90: NUEVO | T90: ANGEL S | U90: ADMINISTACION | V90: COILED TUBING | W90: RECEPCION DE MATERIAL PARA ASIGNACION AL EQUIPO COILED TUBING UBICADO EN BASE SAI | X90: COILED TUBING | Y90: SAN ANTONIO INTERNATIONAL BASE-SAN JOSE DE GUANIPA
B91: 86 | C91: N/A | D91: AL--2022-03945 | E91: TEPECA | F91: TEPECA | G91: 4 | H91: 31/10/2022 | I91: OCT | J91: N/P | K91: N/A | L91: UPS APC BR1500G 1500VA, 865W, 120V, AVR, LCD, USB, RJ-45 10 TOMAS | M91: APC | O91: 4B2101P19482 | P91: ALMPPAL | Q91: 1 | R91: UND | S91: NUEVO | T91: ANGEL S | U91: ADMINISTACION | V91: COILED TUBING | W91: RECEPCION DE MATERIAL PARA ASIGNACION AL EQUIPO COILED TUBING UBICADO EN BASE SAI | X91: COILED TUBING | Y91: SAN ANTONIO INTERNATIONAL BASE-SAN JOSE DE GUANIPA
B92: 87 | C92: N/A | D92: AL--2022-03945 | E92: TEPECA | F92: TEPECA | G92: 4 | H92: 31/10/2022 | I92: OCT | J92: N/P | K92: N/A | L92: TAPON GALVANIZADO MACHO 4" ROSCA NPT | P92: ALMPPAL | Q92: 1 | R92: UND | S92: NUEVO | T92: ANGEL S | U92: ADMINISTACION | V92: COILED TUBING | W92: RECEPCION DE MATERIAL PARA ASIGNACION AL EQUIPO COILED TUBING UBICADO EN BASE SAI | X92: COILED TUBING | Y92: SAN ANTONIO INTERNATIONAL BASE-SAN JOSE DE GUANIPA
B93: 88 | C93: N/A | D93: AL-2022-03948 | E93: TEPECA | F93: TEPECA | G93: 1 | H93: 01/11/2022 | I93: NOV | J93: N/P | K93: 1.006.0002.0011 | L93: ACEITE DE TRANSMISION 80W90 | M93: SHELL | P93: GALPON 3 | Q93: 412.5 | R93: LTS | S93: NUEVO | T93: YORGAN M | U93: ADMINISTRACION | V93: COILED TUBING | W93: RECEPCION DE LUBRICANTES PARA ASIGNACION AL EQUIPO COILED TUBING UBICADO EN BASE SAI | X93: COILED TUBING | Y93: SAN ANTONIO INTERNATIONAL BASE-SAN JOSE DE GUANIPA
B94: 89 | C94: N/A | D94: DEV-2022-00188 | E94: TEPECA | F94: TEPECA | G94: 1 | H94: 01/11/2022 | I94: NOV | J94: N/P | K94: N/A | L94: ACEITE DE TRANSMISION 80W90 (USADO) | P94: GALPON 3 | Q94: 340 | R94: LTS | S94: USADO | T94: EDUARDO G | U94: ADMINISTRACION | V94: COILED TUBING | W94: RECEPCION PARA RESGUARDO EN GALPON 3 DE LUBRICANTE EXTRAIDO DEL EQUIPO COILED TUBING PARA SER RECICLADO Y REUTILIZADO EN LUBRICACION DEL EQUIPO | X94: COILED TUBING | Y94: SAN ANTONIO INTERNATIONAL BASE-SAN JOSE DE GUANIPA
B95: 90 | C95: N/A | D95: AL-2022-03978 | E95: TEPECA | F95: TEPECA | G95: 1 | H95: 03/11/2022 | I95: NOV | J95: N/P | K95: N/A | L95: CORTA TUBO 2-1/2" A 4" 44-S / MOD R32880 | M95: RIDGID | P95: ALMPPAL | Q95: 1 | R95: UND | S95: NUEVO | T95: JOSEPTT M | U95: ADMINISTRACION | V95: COILED TUBING | W95: RECEPCION DE MATERIAL Y HERRAMIENTAS ASIGNADAS AL EQUIPO COILED TUBING UBICADO EN BASE SAI | X95: COILED TUBING | Y95: SAN ANTONIO INTERNATIONAL BASE-SAN JOSE DE GUANIPA
B96: 91 | C96: N/A | D96: AL-2022-03978 | E96: TEPECA | F96: TEPECA | G96: 1 | H96: 03/11/2022 | I96: NOV | J96: N/P | K96: N/A | L96: BOMBA DE TRANSFERENCIA DE FLUIDOS WILDEN PUMP / DOBLE DIAFRAGMA / C / IN 1" / OUT 3/4" CONEXIÓN NPT / AIRE 1/2" REDUCCION 1/4" MOD WE1-02-1170 | M96: WILDEN | P96: ALMPPAL | Q96: 1 | R96: EQUIPO | S96: NUEVO | T96: JOSEPTT M | U96: ADMINISTRACION | V96: COILED TUBING | W96: RECEPCION DE MATERIAL Y HERRAMIENTAS ASIGNADAS AL EQUIPO COILED TUBING UBICADO EN BASE SAI | X96: COILED TUBING | Y96: SAN ANTONIO INTERNATIONAL BASE-SAN JOSE DE GUANIPA
B97: 92 | C97: N/A | D97: AL-2022-03978 | E97: TEPECA | F97: TEPECA | G97: 1 | H97: 03/11/2022 | I97: NOV | J97: N/P | K97: N/A | L97: MANOMETRO DE 2" 0-5000 PSI CONEXIÓN POSTERIOR DE 1/4" NPT | M97: SEALFAST | P97: ALMPPAL | Q97: 2 | R97: UND | S97: NUEVO | T97: JOSEPTT M | U97: ADMINISTRACION | V97: COILED TUBING | W97: RECEPCION DE MATERIAL Y HERRAMIENTAS ASIGNADAS AL EQUIPO COILED TUBING UBICADO EN BASE SAI | X97: COILED TUBING | Y97: SAN ANTONIO INTERNATIONAL BASE-SAN JOSE DE GUANIPA
B98: 93 | C98: N/A | D98: AL-2022-03978 | E98: TEPECA | F98: TEPECA | G98: 1 | H98: 03/11/2022 | I98: NOV | J98: N/P | K98: 2.023.0001.0014 | L98: MANOMETRO 2" 0-5000 PSI CONEXIÓN INFERIOR DE 1/4" NPT | M98: SEALFAST | P98: ALMPPAL | Q98: 3 | R98: UND | S98: NUEVO | T98: JOSEPTT M | U98: ADMINISTRACION | V98: COILED TUBING | W98: RECEPCION DE MATERIAL Y HERRAMIENTAS ASIGNADAS AL EQUIPO COILED TUBING UBICADO EN BASE SAI | X98: COILED TUBING | Y98: SAN ANTONIO INTERNATIONAL BASE-SAN JOSE DE GUANIPA
B99: 94 | C99: N/A | D99: AL-2022-03978 | E99: TEPECA | F99: TEPECA | G99: 1 | H99: 03/11/2022 | I99: NOV | J99: N/P | K99: N/A | L99: MANOMETRO 2,5" / 0-300 PSI CONEXIÓN POSTERIOR 1/4" NPT | M99: SEALFAST | P99: ALMPPAL | Q99: 1 | R99: UND | S99: NUEVO | T99: JOSEPTT M | U99: ADMINISTRACION | V99: COILED TUBING | W99: RECEPCION DE MATERIAL Y HERRAMIENTAS ASIGNADAS AL EQUIPO COILED TUBING UBICADO EN BASE SAI | X99: COILED TUBING | Y99: SAN ANTONIO INTERNATIONAL BASE-SAN JOSE DE GUANIPA
B100: 95 | C100: N/A | D100: AL-2022-03978 | E100: TEPECA | F100: TEPECA | G100: 1 | H100: 03/11/2022 | I100: NOV | J100: N/P | K100: N/A | L100: MANOMETRO DE 2" 0-6000 PSI CONEXIÓN POSTERIOR DE 1/4" NPT | M100: BAUMER | P100: ALMPPAL | Q100: 6 | R100: UND | S100: NUEVO | T100: JOSEPTT M | U100: ADMINISTRACION | V100: COILED TUBING | W100: RECEPCION DE MATERIAL Y HERRAMIENTAS ASIGNADAS AL EQUIPO COILED TUBING UBICADO EN BASE SAI | X100: COILED TUBING | Y100: SAN ANTONIO INTERNATIONAL BASE-SAN JOSE DE GUANIPA
B101: 96 | C101: N/A | D101: AL-2022-03995 | E101: TEPECA | F101: TEPECA | G101: 2 | H101: 07/11/2022 | I101: NOV | J101: N/P | K101: N/A | L101: FILTRO TIPO MANGA | P101: ALMPPAL | Q101: 12 | R101: UND | S101: NUEVO | T101: JOSEPTT M | U101: ADMINISTRACION | V101: COILED TUBING | W101: RECEPCION DE MATERIAL PARA ASIGNACION AL EQUIPO COILED TUBING | X101: COILED TUBING | Y101: SAN ANTONIO INTERNATIONAL BASE-SAN JOSE DE GUANIPA
B102: 97 | C102: N/A | D102: AL-2022-03995 | E102: TEPECA | F102: TEPECA | G102: 2 | H102: 07/11/2022 | I102: NOV | J102: N/P | K102: N/A | L102: CORTA TUBO 1" A 3" MOD. 32830 CON HOJILLA Y ROLEADOR | P102: ALMPPAL | Q102: 1 | R102: UND | S102: NUEVO | T102: JOSEPTT M | U102: ADMINISTRACION | V102: COILED TUBING | W102: RECEPCION DE MATERIAL PARA ASIGNACION AL EQUIPO COILED TUBING | X102: COILED TUBING | Y102: SAN ANTONIO INTERNATIONAL BASE-SAN JOSE DE GUANIPA
B103: 98 | C103: N/A | D103: AL-2022-03995 | E103: TEPECA | F103: TEPECA | G103: 2 | H103: 07/11/2022 | I103: NOV | J103: N/P | K103: N/A | L103: LLAVE DE TUBO 12" | P103: ALMPPAL | Q103: 2 | R103: UND | S103: NUEVO | T103: JOSEPTT M | U103: ADMINISTRACION | V103: COILED TUBING | W103: RECEPCION DE MATERIAL PARA ASIGNACION AL EQUIPO COILED TUBING | X103: COILED TUBING | Y103: SAN ANTONIO INTERNATIONAL BASE-SAN JOSE DE GUANIPA
...

Sheet OUT
D2: MANTENIMIENTOS EJECUTADOS CT | X2: REALIZADO POR: ANGEL SUNIAGA
D5: INICIO | F5: FINAL | H5: CT | K5: MTTO | P5: MATERIALES | X5: OBSERVACIONES
B6: # | C6: NRO. REPORT | D6: FECHA | E6: HORA | F6: FECHA | G6: HORA | H6: UNIDAD | I6: EQUIPO | J6: HORAS T | K6: TIPO DE MTTO | L6: CAUSA O FALLA | M6: DESCRIPCION DE ACTIVIDAD | N6: ODS | O6: TIEMPO DE PARADA | P6: NRO. TRANS. ALM | Q6: DESCRIPCION DE INSUMOS | R6: P/N | S6: MARCA | T6: S/N | U6: CANT | V6: UND | W6: CONDICION | X6: USO
D7: 44796 | H7: TP-DCT-001 | I7: POWER PACK | K7: RUTINARIO | L7: HIGIENE Y SEGURIDAD | M7: LIMPIEZA DE CONEXIONES HIDRAULICAS | N7: N/A | O7: 0 | Q7: TRAPO PARA MANTENIMIENTO INDUSTRIAL | R7: N/A | U7: 4 | V7: KG | W7: NUEVO | X7: CONSUMIBLE REQUERIDO PARA REALIZACION DE LIMPIEZA EN CONEXIONES HIDRAULICAS DEL EQUIPO
D8: 44798 | H8: TP-DCT-001 | I8: UNIDAD DE BOMBEO | K8: PREVENTIVO | L8: PREVENCION ANTE FUTURAS FALLAS | M8: REEMPLAZO DE EMPAQUES EN BOMBA TRIPLEX "A" | N8: N/A | O8: 0 | Q8: PACKING DE BOMBA TRIPLEX DE 3-1/2", P/N: 6M-3500-WSPI-R | R8: 6M-3500-WSP1-R | U8: 1 | V8: KIT | W8: NUEVO | X8: ENTREGA DE MATERIAL REQUERIDO PARA USO EN BOMBA TRIPLEX DE UNIDAD DE BOMBEO DE EQUIPO
D9: 44798 | H9: TP-DCT-001 | I9: CT | K9: N/A | L9: PRESTAMO PARA PRUEBAS | M9: PRESTAMO CON CARÁCTER DEVOLUTIVO | N9: N/A | O9: 0 | Q9: FLANGE 4-1/16" CIEGO | R9: N/A | T9: 153-48330 | U9: 1 | V9: UND | W9: NUEVO | X9: SALIDA DE MATERIAL EN CALIDAD DE PRESTAMO PARA PRUEBA DE BOP. DEBE RETORNAR A BASE AL FINALIZAR PRUEBA
D10: 44798 | H10: TP-DCT-001 | I10: CT | K10: N/A | L10: PRESTAMO PARA PRUEBAS | M10: PRESTAMO CON CARÁCTER DEVOLUTIVO | N10: N/A | O10: 0 | Q10: ESPARRAGOS DE 1" | R10: N/A | U10: 8 | V10: UND | W10: NUEVO | X10: SALIDA DE MATERIAL EN CALIDAD DE PRESTAMO PARA PRUEBA DE BOP. DEBE RETORNAR A BASE AL FINALIZAR PRUEBA
D11: 44798 | H11: TP-DCT-001 | I11: CT | K11: N/A | L11: PRESTAMO PARA PRUEBAS | M11: PRESTAMO CON CARÁCTER DEVOLUTIVO | N11: N/A | O11: 0 | Q11: TUERCA PARA ESPARRAGO 1" | R11: N/A | U11: 8 | V11: UND | W11: NUEVO | X11: SALIDA DE MATERIAL EN CALIDAD DE PRESTAMO PARA PRUEBA DE BOP. DEBE RETORNAR A BASE AL FINALIZAR PRUEBA
D12: 44798 | H12: TP-DCT-001 | I12: UNIDAD DE BOMBEO | K12: PREVENTIVO | L12: PREVENCION ANTE FUTURAS FALLAS | M12: REEMPLAZO DE EMPAQUES EN BOMBA TRIPLEX "A" | N12: N/A | O12: 0 | Q12: O-RING 4" P/N: OR-343 | R12: OR-343 | U12: 3 | V12: UND | W12: NUEVO | X12: ENTREGA DE MATERIAL REQUERIDO PARA INSTALACION EN EQUIPO BOMBA
D13: 44798 | H13: TP-DCT-001 | I13: UNIDAD DE BOMBEO | K13: PREVENTIVO | L13: PREVENCION ANTE FUTURAS FALLAS | M13: REEMPLAZO DE EMPAQUES EN BOMBA TRIPLEX "A" | N13: N/A | O13: 0 | Q13: O-RING | R13: 65021190 | U13: 3 | V13: UND | W13: NUEVO | X13: ENTREGA DE MATERIAL REQUERIDO PARA INSTALACION EN EQUIPO BOMBA
D14: 44799 | H14: TP-DCT-001 | I14: UNIDAD DE BOMBEO | K14: CORRECTIVO | L14: FRACTURA EN TAPAS DE FLUID-END "A" | M14: ENVIO DE COMPONENTE PARA TOMA DE MEDIDAS EN TALLER EXTERNO "A. MOLINA" | N14: N/A | O14: 0 | Q14: TAPA DEL FLUID END 3-1/2" INCLUYE: JGO DE O-RING Y SEPARADOR DE TEFLON | R14: N/A | U14: 1 | V14: UND | W14: USADO | X14: ENVIO DE COMPONENTES DE LA BOMBA TRIPLEX ASOCIADO A EQUIPO COILED TUBING A PROVEEDOR EXTERNO (TOMA DE MEDIDAS PARA REALIZAR PRESUPUESTO)
D15: 44799 | H15: TP-DCT-001 | I15: UNIDAD DE BOMBEO | K15: CORRECTIVO | L15: FRACTURA EN TAPAS DE FLUID-END "B" | M15: ENVIO DE COMPONENTE PARA TOMA DE MEDIDAS EN TALLER EXTERNO "A. MOLINA" | N15: N/A | O15: 0 | Q15: TAPA DEL FLUID END 3" INCLUYE: JGO DE O-RING Y SEPARADOR DE TEFLON | R15: N/A | U15: 1 | V15: UND | W15: USADO | X15: ENVIO DE COMPONENTES DE LA BOMBA TRIPLEX ASOCIADO A EQUIPO COILED TUBING A PROVEEDOR EXTERNO (TOMA DE MEDIDAS PARA REALIZAR PRESUPUESTO)
D16: 44799 | H16: TP-DCT-001 | I16: POWER PACK | K16: PREVENTIVO | L16: PREVENCION ANTE FUTURAS FALLAS | M16: REEMPLAZO DE FILTRO DE AIRE DEL MOTOR S60 | N16: N/A | O16: 0 | Q16: FILTRO DE AIRE P/N: CAT-61-2505 | R16: CAT-612505 | S16: CAT | U16: 1 | V16: UND | W16: NUEVO | X16: ENTREGA DE MATERIAL REQUERIDO PARA ADAPTACION EN POWER PACK DE EQUIPO
D17: 44803 | H17: TP-DCT-001 | I17: UNIDAD DE BOMBEO | K17: CORRECTIVO | L17: FUGA DE REFRIGERANTE, EN SELLO DE LA BOMBA DE REFRIGERANTE | M17: ENVIO DE BOMBA A TALLER EXTERNO "MULTIBOMBAS EL TIGRE C.A" PARA REEMPLAZO DE SELLOS | N17: GP-CT-2022-004 | O17: 0 | Q17: BOMBA DE AGUA | R17: N/A | S17: DETROIT | T17: 4280 | U17: 1 | V17: UND | W17: USADO | X17: ENVIO DE COMPONENTE A SERVICIO DE REPARACION EN TALLER EXTERNO SEGÚN ODS: GP-CL-2022-004
D18: 44805 | H18: TP-DCT-001 | I18: UNIDAD DE BOMBEO | K18: CORRECTIVO | L18: FRACTURA EN TAPAS DE FLUID-END "A" | M18: INSTALACION DE TAPA DEL FLUID END "A" | N18: N/A | O18: 0 | Q18: TAPA DEL FLUID END 3-1/2" INCLUYE: JGO DE O-RING Y SEPARADOR DE TEFLON | R18: N/A | U18: 1 | V18: UND | W18: FABRICADO | X18: ENTREGA DE MATERIALES PARA REPARACION EN BOMBA DE LODO DEL EQUIPO
D19: 44805 | H19: TP-DCT-001 | I19: UNIDAD DE BOMBEO | K19: CORRECTIVO | L19: FRACTURA EN TAPAS DE FLUID-END "B" | M19: INSTALACION DE TAPA DEL FLUID END "B" | N19: N/A | O19: 0 | Q19: TAPA DEL FLUID END 3" INCLUYE: JGO DE O-RING Y SEPARADOR DE TEFLON | R19: N/A | U19: 1 | V19: UND | W19: FABRICADO | X19: ENTREGA DE MATERIALES PARA REPARACION EN BOMBA DE LODO DEL EQUIPO
D20: 44809 | H20: TP-DCT-001 | I20: UNIDAD DE BOMBEO | K20: CORRECTIVO | L20: FRACTURA EN TAPAS DE FLUID-END "A" | M20: INSTALACION DE TAPA DEL FLUID END "A" | N20: N/A | O20: 0 | Q20: TAPA DEL FLUID END 3-1/2" | R20: N/A | U20: 1 | V20: UND | W20: FABRICADO | X20: ENTREGA DE MATERIAL FABRICADO EN PROVEEDOR EXTERNO REQUERIDO PARA REPARACION DE BOMBA DE LODO ASOCIADA A EQUIPO
D21: 44810 | H21: TP-DCT-001 | I21: CT | K21: PLANIFICADO | L21: PREVENCION ANTE FUTURAS FALLAS | M21: CERTIFICACION DE COMPONENTE EN TALLER EXTERNO "SEBROMEN,C.A" | N21: GP-CT-2022-013 | O21: 0 | Q21: BOP TIPO CONVI | R21: N/A | S21: TEXAS OIL TOOLS | T21: 153-48329 | U21: 1 | V21: UND | W21: USADO | X21: ENVIO DE COMPONENTE A SERVICIO DE CERTIFICACION EN PROVEEDOR EXTERNO SEGÚN ODS: GP-CL-2022-013 LA MISMA DEBE RETORNAR AL FINALIZAR SERVICIO
D22: 44810 | H22: TP-DCT-001 | I22: CT | K22: PLANIFICADO | L22: PREVENCION ANTE FUTURAS FALLAS | M22: CERTIFICACION DE COMPONENTE EN TALLER EXTERNO "SEBROMEN,C.A" | N22: GP-CT-2022-013 | O22: 0 | Q22: BOP QUARTZ P/N: LE44-X1400B INCLUYE VALVULA 2X2 P/N: BH0006, VALVULA 2X1 P/N: FP10151 Y TEE DE FLUJO | R22: N/A | S22: TEXAS OIL TOOLS | T22: 153-48327 | U22: 1 | V22: UND | W22: USADO | X22: ENVIO DE COMPONENTE A SERVICIO DE CERTIFICACION EN PROVEEDOR EXTERNO SEGÚN ODS: GP-CL-2022-013 LA MISMA DEBE RETORNAR AL FINALIZAR SERVICIO
D23: 44817 | H23: TP-DCT-001 | I23: UNIDAD DE BOMBEO | K23: CORRECTIVO | L23: FUGA DE REFRIGERANTE, EN SELLO DE LA BOMBA DE REFRIGERANTE | M23: INSTALACION DE BOMBA DE REFRIGERANTE REPARADA EN PROVEEDOR EXTERNO "MULTIBOMBAS EL TIGRE C.A" | N23: N/A | O23: 0 | Q23: BOMBA DE AGUA DE CAMION COILED TUBING P/N: 23522721, P/N: 8922383 | R23: N/A | T23: 4260 | U23: 1 | V23: UND | W23: REPARADO | X23: ENTREGA DE COMPONENTE PARA SER INSTALADO EN CAMION DEL EQUIPO COILED TUBING UBICADO EN BASE SAI
D24: 44830 | H24: TP-DCT-001 | I24: CT | K24: PLANIFICADO | L24: ADAPTACION DE HERRAMIENTA WELL-VAC Y SAND-VAC EN CT | M24: ENVIO DE COMPONENTE PARA MECANIZACION EN TALLER EXTERNO "A. MOLINA" | N24: GP-CT-2022-015 | O24: 0 | Q24: ROLL-ON CONECTOR 2-3/8" X 0,185' | R24: N/A | U24: 2 | V24: PZA | W24: NUEVO | X24: ENVIO DE COMPONENTE A PROVEEDOR EXTERNO PARA REALIZAR SERVICIO DE MECANIZADO SEGÚN ODS: GP-CL-2022-015
D25: 44830 | H25: TP-DCT-001 | I25: CT | K25: PLANIFICADO | L25: ADAPTACION DE HERRAMIENTA WELL-VAC Y SAND-VAC EN CT | M25: ENVIO DE COMPONENTE PARA MECANIZACION EN TALLER EXTERNO "A. MOLINA" | N25: GP-CT-2022-015 | O25: 0 | Q25: CROSSOVER PIN TO PIN 2-1/2" | R25: N/A | U25: 1 | V25: PZA | W25: NUEVO | X25: ENVIO DE COMPONENTE A PROVEEDOR EXTERNO PARA REALIZAR SERVICIO DE MECANIZADO SEGÚN ODS: GP-CL-2022-015
D26: 44831 | H26: TP-DCT-001 | I26: UNIDAD DE BOMBEO | K26: CORRECTIVO | L26: FALLA EN SISTEMA ELECTRICO | M26: REEMPLAZO DE FUSIBLE EN PLC DE LA UNIDAD DE BOMBEO | N26: N/A | O26: 0 | Q26: FUSIBLE 250V X 6,3 AMP | R26: 617006 | U26: 1 | V26: UND | W26: NUEVO | X26: ENTREGA DE MATERIAL PARA REEMPLAZO EN PLC DE LA UNIDAD BOMBA DEL EQUIPO COILED TUBING
D27: 44833 | H27: TP-DCT-001 | I27: UNIDAD DE BOMBEO | K27: PREVENTIVO | L27: PREVENCION ANTE FUTURAS FALLAS | M27: REEMPLAZO DE FLUIDO REFRIGERANTE EN UNIDAD DE BOMBEO Y POWER PACK | N27: N/A | O27: 0 | Q27: REFRIGERANTE ANTICORROSIVO ROJO | R27: 1.006.0001.0007 | U27: 170 | V27: LTS | W27: NUEVO | X27: ENTREGA DE MATERIAL REQUERIDO PARA CAMBIO DE REFRIGERANTE EN LA UNIDAD DE BOMBEO DEL EQUIPO COILED TUBING UBICADO EN BASE SAI
D28: 44838 | H28: TP-DCT-001 | I28: CANOA | K28: CORRECTIVO | L28: ADECUACIONES Y REEMPLAZO DE LAMINAS Y FLANGES | M28: ENVIO DE COMPONENTE PARA REPARACION EN BASE TEPECA POR PERSONAL DE FABRICACION | N28: N/A | O28: 0 | Q28: CANOA DE 12 MTS X 3 MTS | R28: N/A | U28: 1 | V28: UND | W28: USADO | X28: ENVIO DE COMPONENTE PARA REPARACION EN TALLER DE FABRICACION BASE TEPECA
D29: 44838 | H29: TP-DCT-001 | I29: POWER PACK | K29: PREVENTIVO | L29: PREVENCION ANTE FUTURAS FALLAS | M29: REEMPLAZO DE FILTROS DE ACEITE DE MOTOR S60 | N29: N/A | O29: 0 | Q29: FILTRO DE ACEITE 51971 / P552100 / ML-25971 | R29: 2.030.0001.0005 | S29: MILLARD | U29: 2 | V29: UND | W29: NUEVO | X29: ENTREGA DE MATERIAL PARA MANTENIMIENTO PREVENTIVO A EQUIPO COILED TUBING (UNIDAD POWER PACK)
D30: 44838 | H30: TP-DCT-001 | I30: POWER PACK | K30: PREVENTIVO | L30: PREVENCION ANTE FUTURAS FALLAS | M30: REEMPLAZO DE FILTRO SECUNDARIO DE COMBUSTIBLE DE MOTOR S60 | N30: N/A | O30: 0 | Q30: FILTRO S. DE COMB. 33120 / P556916 / F3120 | R30: 2.031.0001.0013 | S30: WEB | U30: 1 | V30: UND | W30: NUEVO | X30: ENTREGA DE MATERIAL PARA MANTENIMIENTO PREVENTIVO A EQUIPO COILED TUBING (UNIDAD POWER PACK)
D31: 44838 | H31: TP-DCT-001 | I31: POWER PACK | K31: PREVENTIVO | L31: PREVENCION ANTE FUTURAS FALLAS | M31: REEMPLAZO DE FILTRO PRIMARIO DE COMBUSTIBLE DE MOTOR S60 | N31: N/A | O31: 0 | Q31: FILTRO P. DE COMB. 33118 / P556915 | R31: 33118 | U31: 1 | V31: UND | W31: NUEVO | X31: ENTREGA DE MATERIAL PARA MANTENIMIENTO PREVENTIVO A EQUIPO COILED TUBING (UNIDAD POWER PACK)
D32: 44838 | H32: TP-DCT-001 | I32: POWER PACK | K32: PREVENTIVO | L32: PREVENCION ANTE FUTURAS FALLAS | M32: REEMPLAZO DE FILTRO DE COMBUSTIBLE EN TRAMPA DE AGUA DEL MOTOR S60 | N32: N/A | O32: 0 | Q32: FILTRO TRAMPA DE AGUA 33792 / FC33792 / PP-2020 | R32: 2.031.0001.0013 | U32: 1 | V32: UND | W32: NUEVO | X32: ENTREGA DE MATERIAL PARA MANTENIMIENTO PREVENTIVO A EQUIPO COILED TUBING (UNIDAD POWER PACK)
D33: 44838 | H33: TP-DCT-001 | I33: POWER PACK | K33: PREVENTIVO | L33: PREVENCION ANTE FUTURAS FALLAS | M33: CAMBIO DE ACEITE DE MOTOR S60 | N33: N/A | O33: 0 | Q33: ACEITE DE MOTOR 15W40 | R33: 15W40 | U33: 40 | V33: LTS | W33: NUEVO | X33: ENTREGA DE MATERIAL PARA MANTENIMIENTO PREVENTIVO A EQUIPO COILED TUBING (UNIDAD POWER PACK)
D34: 44838 | H34: TP-DCT-001 | I34: POWER PACK | K34: PREVENTIVO | L34: PREVENCION ANTE FUTURAS FALLAS | M34: REEMPLAZO DE FILTRO DE REFRIGERANTE DEL MOTOR S60 | N34: N/A | O34: 0 | Q34: FILTRO DE RERIGERANTE 23516489 / BW5200 / DBC4088 | R34: N/A | U34: 1 | V34: UND | W34: NUEVO | X34: ,
D35: 44838 | H35: TP-DCT-001 | I35: POWER PACK | K35: PREVENTIVO | L35: PREVENCION ANTE FUTURAS FALLAS | M35: REEMPLAZO DE FILTRO DEL SISTEMA HIDRAULICO DEL POWER PACK | N35: N/A | O35: 0 | Q35: FILTRO HIDRAULICO 51730 / BT8879-MPG / P165659 | R35: N/A | U35: 2 | V35: UND | W35: NUEVO | X35: ENTREGA DE MATERIAL PARA MANTENIMIENTO PREVENTIVO A EQUIPO COILED TUBING (UNIDAD POWER PACK)
D36: 44838 | H36: TP-DCT-001 | I36: POWER PACK | K36: PREVENTIVO | L36: PREVENCION ANTE FUTURAS FALLAS | M36: REEMPLAZO DE CORREA DE FAN DEL MOTOR S60 | N36: N/A | O36: 0 | Q36: CORREA A-68 | R36: 2.013.0001.0087 | U36: 3 | V36: UND | W36: NUEVO | X36: ENTREGA DE MATERIAL PARA MANTENIMIENTO PREVENTIVO A EQUIPO COILED TUBING (UNIDAD POWER PACK)
D37: 44838 | H37: TP-DCT-001 | I37: POWER PACK | K37: PREVENTIVO | L37: PREVENCION ANTE FUTURAS FALLAS | M37: REEMPLAZO DE CORREA DE ALTERNADOR DEL MOTOR S60 | N37: N/A | O37: 0 | Q37: CORREA PARA MOTOR DETROIT S60 N/P: 23520032 | R37: N/A | U37: 1 | V37: UND | W37: NUEVO | X37: ENTREGA DE MATERIAL PARA MANTENIMIENTO PREVENTIVO A EQUIPO COILED TUBING (UNIDAD POWER PACK)
D38: 44838 | H38: TP-DCT-001 | I38: POWER PACK | K38: PREVENTIVO | L38: PREVENCION ANTE FUTURAS FALLAS | M38: CAMBIO DE ACEITE DEL SISTEMA HIDRAULICO DEL POWER PACK | N38: N/A | O38: 0 | Q38: ACEITE HIDRAULICO ISO-68 | R38: ISO68 | U38: 695 | V38: LTS | W38: NUEVO | X38: ENTREGA DE MATERIAL PARA MANTENIMIENTO PREVENTIVO A EQUIPO COILED TUBING (UNIDAD POWER PACK)
D39: 44839 | H39: TP-DCT-001 | I39: UNIDAD DE BOMBEO | K39: PREVENTIVO | L39: PREVENCION ANTE FUTURAS FALLAS | M39: REEMPLAZO DE FILTROS EN MOTOR "A" Y "B" | N39: N/A | O39: 0 | Q39: FILTRO DE ACEITE 51971 / P552100 / ML-25971 | R39: 2.030.0001.0005 | S39: MILLARD | U39: 4 | V39: UND | W39: NUEVO | X39: ENTREGA DE MATERIAL PARA MANTENIMIENTO PREVENTIVO A EQUIPO COILED TUBING (UNIDAD DE BOMBEO)
D40: 44839 | H40: TP-DCT-001 | I40: UNIDAD DE BOMBEO | K40: PREVENTIVO | L40: PREVENCION ANTE FUTURAS FALLAS | M40: CAMBIO DE FILTRO DE COMBUSTIBLE DE MOTOR "A" Y "B" | N40: N/A | O40: 0 | Q40: FILTRO DE COMB. TRAMPA DE AGUA 33651 / MF-61492 / WC-7772A | R40: 2.001.0006.0056 | S40: MILLARD | U40: 2 | V40: UND | W40: NUEVO | X40: ENTREGA DE MATERIAL PARA MANTENIMIENTO PREVENTIVO A EQUIPO COILED TUBING (UNIDAD DE BOMBEO)
D41: 44839 | H41: TP-DCT-001 | I41: UNIDAD DE BOMBEO | K41: PREVENTIVO | L41: PREVENCION ANTE FUTURAS FALLAS | M41: CAMBIO DE ACEITE A MOTOR "A" Y "B" | N41: N/A | O41: 0 | Q41: ACEITE DE MOTOR 15W40 | R41: 15W40 | U41: 80 | V41: LTS | W41: NUEVO | X41: ENTREGA DE MATERIAL PARA MANTENIMIENTO PREVENTIVO A EQUIPO COILED TUBING (UNIDAD DE BOMBEO)
D42: 44839 | H42: TP-DCT-001 | I42: UNIDAD DE BOMBEO | K42: RUTINARIO | L42: HIGIENE Y SEGURIDAD | M42: LIMPIEZA DE EQUIPO Y VALVULAS | N42: N/A | O42: 0 | Q42: CEPILLO DE ALAMBRE | R42: N/A | U42: 1 | V42: UND | W42: NUEVO | X42: ENTREGA DE MATERIAL PARA MANTENIMIENTO PREVENTIVO A EQUIPO COILED TUBING (UNIDAD DE BOMBEO)
D43: 44839 | H43: TP-DCT-001 | I43: UNIDAD DE BOMBEO | K43: PREVENTIVO | L43: PREVENCION ANTE FUTURAS FALLAS | M43: CAMBIO DE ACEITE DE SISTEMA HIDRAULICO DE LA UNIDAD DE BOMBEO | N43: N/A | O43: 0 | Q43: ACEITE HIDRAULICO ISO-68 | R43: ISO68 | U43: 541 | V43: LTS | W43: NUEVO | X43: ENTREGA DE MATERIAL PARA MANTENIMIENTO PREVENTIVO A EQUIPO COILED TUBING (UNIDAD DE BOMBEO)
D44: 44840 | H44: TP-DCT-001 | I44: UNIDAD DE BOMBEO | K44: PREVENTIVO | L44: PREVENCION ANTE FUTURAS FALLAS | M44: REEMPLAZO DE CORREA DE FAN DE MOTOR "A" Y "B" | N44: N/A | O44: 0 | Q44: CORREA A-68 | R44: 2.013.0001.0087 | S44: CONDOR | U44: 6 | V44: UND | W44: NUEVO | X44: ENTREGA DE MATERIAL REQUERIDO PARA SER INSTALADO EN BOMBA DE FLUIDO DEL EQUIPO COILED TUBING UBICADO EN BASE SAI
D45: 44840 | H45: TP-DCT-001 | I45: UNIDAD DE BOMBEO | K45: PLANIFICADO | L45: SIMPLICACION DE INSTALACION DE LINEAS EN CAMPO | M45: INSTALACION DE LINEAS DE SUCCION Y DESCARGA DEL CT | N45: N/A | O45: 0 | Q45: TUBERIA DE 2" FIG 1502 X 3 FT (ROJO) | R45: N/A | U45: 4 | V45: UND | W45: USADO | X45: ENTREGA DE MATERIAL PARA INSTALACION EN UNIDAD DE BOMBEO (LINEA DE SUCCION Y DESCARGA) DEL EQUIPO COILED TUBING UBICADO EN BASE SAI
D46: 44840 | H46: TP-DCT-001 | I46: UNIDAD DE BOMBEO | K46: PLANIFICADO | L46: SIMPLICACION DE INSTALACION DE LINEAS EN CAMPO | M46: INSTALACION DE LINEAS DE SUCCION Y DESCARGA DEL CT | N46: N/A | O46: 0 | Q46: TUBERIA DE 2" FIG 1502 X 3 FT (VERDE) | R46: N/A | U46: 1 | V46: UND | W46: USADO | X46: ENTREGA DE MATERIAL PARA INSTALACION EN UNIDAD DE BOMBEO (LINEA DE SUCCION Y DESCARGA) DEL EQUIPO COILED TUBING UBICADO EN BASE SAI
D47: 44840 | H47: TP-DCT-001 | I47: UNIDAD DE BOMBEO | K47: PLANIFICADO | L47: SIMPLICACION DE INSTALACION DE LINEAS EN CAMPO | M47: INSTALACION DE LINEAS DE SUCCION Y DESCARGA DEL CT | N47: N/A | O47: 0 | Q47: TUBERIA DE 2" FIG 1502 X 4 FT (ROJO) | R47: N/A | U47: 1 | V47: UND | W47: USADO | X47: ENTREGA DE MATERIAL PARA INSTALACION EN UNIDAD DE BOMBEO (LINEA DE SUCCION Y DESCARGA) DEL EQUIPO COILED TUBING UBICADO EN BASE SAI
D48: 44840 | H48: TP-DCT-001 | I48: UNIDAD DE BOMBEO | K48: PLANIFICADO | L48: SIMPLICACION DE INSTALACION DE LINEAS EN CAMPO | M48: INSTALACION DE LINEAS DE SUCCION Y DESCARGA DEL CT | N48: N/A | O48: 0 | Q48: TUBERIA DE 2" FIG 1502 X 6 FT (VERDE) | R48: N/A | U48: 4 | V48: UND | W48: USADO | X48: ENTREGA DE MATERIAL PARA INSTALACION EN UNIDAD DE BOMBEO (LINEA DE SUCCION Y DESCARGA) DEL EQUIPO COILED TUBING UBICADO EN BASE SAI
D49: 44841 | H49: TP-DCT-001 | I49: TANQUE DE COMBUSTIBLE | K49: PLANIFICADO | L49: ADECUACION DE SISTEMA DE DISTRIBUCION DE COMBUSTIBLE EN EL CAMPAMENTO | M49: INSTALACION EN BOMBA NEUMATICA DE DIAFRAGMA | N49: N/A | O49: 0 | Q49: NIPLE REY 1" | R49: N/A | U49: 1 | V49: UND | W49: USADO | X49: ENTREGA DE MATERIAL REQUERIDO PARA USO EQUIPO COILED TUBING UBICADO EN BASE SAI
D50: 44841 | H50: TP-DCT-001 | I50: TANQUE DE COMBUSTIBLE | K50: PLANIFICADO | L50: ADECUACION DE SISTEMA DE DISTRIBUCION DE COMBUSTIBLE EN EL CAMPAMENTO | M50: INSTALACION EN BOMBA NEUMATICA DE DIAFRAGMA | N50: N/A | O50: 0 | Q50: MANGUERA MULTIUSO 1" X 300 PSI COLOR ROJO | R50: N/A | U50: 9 | V50: MTS | W50: NUEVO | X50: ENTREGA DE MATERIAL PARA INSTALACION EN DISTRIBUCION DE COMBUSTIBLE DEL EQUIPO COILED TUBING UBICADO EN BASE SAI
D51: 44844 | H51: TP-DCT-001 | I51: INYECTOR | K51: PREVENTIVO | L51: BAJO NIVEL DE ACEITE | M51: COMPLETACION DE NIVEL DE ACEITE EN LUBRICACION DE CADENAS DEL INYECTOR | N51: N/A | O51: 0 | Q51: ACEITE DE HIDRAULICO ISO68 (USADO) | R51: ISO68 | U51: 20 | V51: LTS | W51: USADO | X51: ENTREGA DE LUBRICANTES PARA LUBRICACION DE CADENAS DEL EQUIPO COILED TUBING UBICADO EN BASE SAI
D52: 44844 | H52: TP-DCT-001 | I52: UNIDAD DE BOMBEO | K52: PREVENTIVO | L52: PREVENCION ANTE FUTURAS FALLAS | M52: REEMPLAZO DE CORREA DE ALTERNADOR DE MOTOR "A" Y "B" | N52: N/A | O52: 0 | Q52: CORREA A-47 | R52: 2.013.0001.0010 | S52: IRON FLEX | U52: 4 | V52: UND | W52: NUEVO | X52: ENTREGA DE MATERIAL REQUERIDO PARA SER INSTALADO EN LA UNIDAD DE BOMBEO DEL EQUIPO COILED TUBING UBICADO EN BASE SAI
D53: 44845 | H53: TP-DCT-001 | I53: STRIPPER | K53: PLANIFICADO | L53: FATIGA DE ELEMENTOS SELLANTES | M53: REEMPLAZO DE PACKER INTERLOCK | N53: N/A | O53: 0 | Q53: PACKER INTERLOOK 2,375", P/N: 8412-6061 | R53: 8412-6061 | U53: 1 | V53: UND | W53: NUEVO | X53: ENTREGA DE MATERIALES PARA INSTALACION EN INYECCION LOW (PROVENIENTE DE MATERIAL BAJO RESGUARDO DEL EQUIPO COILED TUBING)
D54: 44845 | H54: TP-DCT-001 | I54: STRIPPER | K54: PLANIFICADO | L54: FATIGA DE ELEMENTOS SELLANTES | M54: REEMPLAZO DE NON EXTRUSION | N54: N/A | O54: 0 | Q54: NON-EXTRUSION 2,375", P/N: 8412-2461 | R54: 8412-2461 | U54: 1 | V54: UND | W54: NUEVO | X54: ENTREGA DE MATERIALES PARA INSTALACION EN INYECCION LOW (PROVENIENTE DE MATERIAL BAJO RESGUARDO DEL EQUIPO COILED TUBING)
D55: 44845 | H55: TP-DCT-001 | I55: STRIPPER | K55: PLANIFICADO | L55: FATIGA DE ELEMENTOS SELLANTES | M55: REEMPLAZO DE ENERGIZADOR | N55: N/A | O55: 0 | Q55: ENERGIZER, P/N: 8412-3750 | R55: 8412-3750 | U55: 1 | V55: UND | W55: NUEVO | X55: ENTREGA DE MATERIALES PARA INSTALACION EN INYECCION LOW (PROVENIENTE DE MATERIAL BAJO RESGUARDO DEL EQUIPO COILED TUBING)
D56: 44847 | H56: TP-DCT-001 | I56: CT | K56: PLANIFICADO | L56: PREVENCION ANTE FUTURAS FALLAS | M56: REEMPLAZO DE DISTINTOS SELLOS EN EQUIPOS Y COMPONENTES | N56: N/A | O56: 0 | Q56: KIT DE O-RING - VITON 70 AS-568 407 PZA / INCLUYE 23 MOD | R56: N/A | U56: 1 | V56: KIT | W56: NUEVO | X56: ENTREGA DE MATERIAL PARA ASIGNACION A PERSONAL DE EQUIPO COILED TUBING UBICADO EN BASE SAI
D57: 44847 | H57: TP-DCT-001 | I57: GENERADOR 10KVA | K57: PREVENTIVO | L57: PREVENCION ANTE FUTURAS FALLAS | M57: CAMBIO DE ACEITE DE MOTOR DE GENERADOR DE 10KVA | N57: N/A | O57: 0 | Q57: ACEITE DE MOTOR 15W40 | R57: 15W40 | U57: 4 | V57: LTS | W57: NUEVO | X57: ENTREGA DE LUBRICANTE PARA COMPLETACION DE NIVEL EN GENERADOR DEL EQUIPO COILED TUBING
D58: 44847 | H58: TP-DCT-001 | I58: GENERADOR 10KVA | K58: PREVENTIVO | L58: PREVENCION ANTE FUTURAS FALLAS | M58: REEMPLAZO DE FILTRO DE ACEITE DE MOTOR DE GENERADOR DE 10KVA | N58: N/A | O58: 0 | Q58: FILTRO DE ACEITE 51085 / P550963 / AF-43 / W-16 | R58: 200100020008 | U58: 1 | V58: UND | W58: NUEVO | X58: ENTREGA DE MATERIAL PARA SER INSTALADO EN GENERADOR ELECTRICO Y POWER PACK DEL EQUIPO COILED TUBING UBICADO EN BASE SAI
D59: 44847 | H59: TP-DCT-001 | I59: GENERADOR 10KVA | K59: PREVENTIVO | L59: PREVENCION ANTE FUTURAS FALLAS | M59: REEMPLAZO DE FILTRO DE COMBUSTIBLE DE MOTOR DE GENERADOR DE 10KVA | N59: N/A | O59: 0 | Q59: FILTRO DE COMB P. 33063 / FP888 / FFP550888 | R59: N/A | U59: 1 | V59: UND | W59: NUEVO | X59: ENTREGA DE MATERIAL PARA SER INSTALADO EN GENERADOR ELECTRICO Y POWER PACK DEL EQUIPO COILED TUBING UBICADO EN BASE SAI
D60: 44847 | H60: TP-DCT-001 | I60: GENERADOR 10KVA | K60: PREVENTIVO | L60: PREVENCION ANTE FUTURAS FALLAS | M60: REEMPLAZO DE FILTRO DE AIRE DE MOTOR DE GENERADOR DE 10KVA | N60: N/A | O60: 0 | Q60: FILTRO DE AIRE P822686 / AF25538 / 46449 | R60: N/A | U60: 1 | V60: UND | W60: NUEVO | X60: ENTREGA DE MATERIAL PARA SER INSTALADO EN GENERADOR ELECTRICO Y POWER PACK DEL EQUIPO COILED TUBING UBICADO EN BASE SAI
D61: 44848 | H61: TP-DCT-001 | I61: TANQUE DE COMBUSTIBLE | K61: PLANIFICADO | L61: ADECUACION DE SISTEMA DE DISTRIBUCION DE COMBUSTIBLE EN EL CAMPAMENTO | M61: INSTALACION EN TANQUE DE COMBUSTIBLE DEL CAMPAMENTO | N61: N/A | O61: 0 | Q61: CONECTOR NPT 90° | R61: 992141S44 | U61: 1 | V61: UND | W61: NUEVO | X61: ENTREGA DE MATERIAL PARA SER INSTALADO EN SISTEMA DE COMBUSTIBLE DEL EQUIPO COILED TUBING UBICADO EN BASE SAI
D62: 44852 | H62: TP-DCT-001 | I62: CT | K62: PLANIFICADO | L62: ADECUACION DEL SISTEMA NEUMATICO DEL CT | M62: INSTALACION DE TAPON EN SISTEMA NEUMATICO | N62: N/A | O62: 0 | Q62: PLUG 1/4" (TAPON MACHO NPT 1/4") | R62: 4PNMP4 | U62: 1 | V62: UND | W62: NUEVO | X62: ENTREGA DE MATERIAL REQUERIDO PARA INSTALACION EN SISTEMA NEUMATICO DEL EQUIPO COILED TUBING UBICADO EN BASE SAI
D63: 44854 | H63: TP-DCT-001 | I63: UNIDAD DE BOMBEO | K63: RUTINARIO | L63: BAJO NIVEL DE COMBUSTIBLE | M63: COMPLETACION DE NIVEL EN BASE TEPECA | N63: N/A | O63: 0 | Q63: UNIDAD DE BOMBEO (MONTADA EN TRAILER TIPO 5TA RUEDA) MOTOR DETROIT DIESEL S60 | R63: N/A | S63: JEREH | T63: 11150013 | U63: 1 | V63: EQUIPO | W63: USADO | X63: SALIDA DE EQUIPO A BASE TEPECA PARA CARGA DE GASOIL. DEBE RETORNAR A BASE SAI AL FINALIZAR ACTIVIDAD
D64: 44855 | H64: TP-DCT-001 | I64: UNIDAD DE BOMBEO | K64: PREVENTIVO | L64: PREVENCION ANTE FUTURAS FALLAS | M64: REEMPLAZO DE SELLO DE VALVULAS DEL FLUID END DE LA BOMBA TRIPLEX "B" | N64: N/A | O64: 0 | Q64: INSERTO DE VALVULA 3", P/N: MI-62 | R64: MI-62 | U64: 3 | V64: UND | W64: NUEVO | X64: ENTREGA DE MATERIAL REQUERIDO PARA SER INSTALADO EN UNIDAD DE BOMBEO, ASOCIADO AL EQUIPO COILED TUBING (TOMADO DE INVENTARIO COILED TUBING)
D65: 44858 | H65: TP-DCT-001 | I65: UNIDAD DE BOMBEO | K65: RUTINARIO | L65: BAJO NIVEL DE COMBUSTIBLE | M65: COMPLETACION DE NIVEL EN BASE TEPECA | N65: N/A | O65: 0 | Q65: UNIDAD DE BOMBEO (MONTADA EN TRAILER TIPO 5TA RUEDA) MOTOR DETROIT DIESEL S60 | R65: N/A | S65: JEREH | T65: 11150013 | U65: 1 | V65: EQUIPO | W65: USADO | X65: SALIDA DE EQUIPO A BASE TEPECA PARA CARGA DE GASOIL. DEBE RETORNAR A BASE SAI AL FINALIZAR ACTIVIDAD
D66: 44860 | H66: TP-DCT-001 | I66: GENERADOR 10KVA | K66: CORRECTIVO | L66: DINAMO DAÑADO | M66: BUSQUEDA DE COMPONENTE EN PROVEEDORES LOCALES | N66: N/A | O66: 0 | Q66: DINAMO PARA GENERADOR ELECTRICO | R66: N/A | T66: GP9928 | U66: 1 | V66: UND | W66: USADO | X66: COMPONENTE PARA SER UTILIZADO COMO MUESTRA EN VARIOS PROVEEDORES, DEBE RETORNA A BASE SAI
D67: 44860 | H67: TP-CH-018 | I67: TP-CH-018 | K67: N/A | L67: PRESTAMO DE INSUMOS | M67: PRESTAMO DE INSUMOS A DPTO. DE MTTO. | N67: N/A | O67: 0 | Q67: ACEITE DE MOTOR 15W40 | R67: N/A | U67: 2 | V67: UND | W67: USADO | X67: ENTREGA DE CONSUMIBLE PARA COMPLETACION DE NIVEL AL CHUTO TP-018
D68: 44860 | H68: TP-DCT-001 | I68: CT | K68: RUTINARIO | L68: PREVENCION ANTE FUTURAS FALLAS | M68: ENGRASE DE RUTINA A JOINTS SWIVELS EN EQUIPO | N68: N/A | O68: 0 | Q68: GRASA GADUS S2 V220 2 PARA ALTA PRESION MARCA: SHELL (400 GRAMOS) | R68: 1.006.0003.0012 | S68: SHELL | U68: 1 | V68: UND | W68: NUEVO | X68: ENTREGA DE MATERIAL PARA ENGRASE DE JOINT SWIVEL EN EL EQUIPO COILED TUBING
D69: 44860 | H69: TP-DCT-001 | I69: CT | K69: RUTINARIO | L69: PREVENCION ANTE FUTURAS FALLAS | M69: ENGRASE DE RUTINA VALVULAS DE EN EQUIPO | N69: N/A | O69: 0 | Q69: PACKING PLASTIC | R69: 3100453 | U69: 4 | V69: UND | W69: NUEVO | X69: ENTREGA DE MATERIAL PARA ENGRASE DE VALVULA EN EL EQUIPO COILED TUBING
D70: 44861 | H70: TP-DCT-001 | I70: UNIDAD DE BOMBEO | K70: CORRECTIVO | L70: BAJO NIVEL DE ACEITE | M70: COMPLETACION DE NIVEL DE ACEITE EN LUBRICACION DE PLUNGER DE BOMBAS TRIPLEX "A" Y "B" | N70: N/A | O70: 0 | Q70: ACEITE DE HIDRAULICO ISO68 (USADO) | R70: N/A | U70: 60 | V70: LTS | W70: USADO | X70: ENTREGA DE CONSUMIBLE PARA COMPLETACION DE NIVEL BOMBA DE LODO ASOCIADO AL EQUIPO COILED TUBING
D71: 44862 | H71: TP-MT-017 | I71: TP-MT-017 | K71: N/A | L71: PRESTAMO DE INSUMOS | M71: PRESTAMO DE INSUMOS PARA INSTALACION EN MONTCARGAS HYSTER | N71: N/A | O71: 0 | Q71: CAUCHO 12-00-20 CON TRIPA Y PROTECTOR | R71: N/A | S71: GOODYEAR | U71: 6 | V71: UND | W71: USADO | X71: ENVIO DE MATERIALES A PROVEEDOR EXTERNO PARA SERVICIO DE MONTURA EN RINES DEL MONTARCAGA HISTER ASOCIADO A EQUIPO SAI-205 SEGÚN ODS: MT-MP-2022-333 (MATERIAL TOMADO DEL RESGUARDO PERTENECIENTE AL EQUIPO COILED TUBING)
D72: 44867 | H72: TP-DCT-001 | I72: UNIDAD DE BOMBEO | K72: PREVENTIVO | L72: PREVENCION ANTE FUTURAS FALLAS | M72: CAMBIO DE ACEITE EN FLUID END "A" Y "B" | N72: N/A | O72: 0 | Q72: ACEITE DE TRANSMISION 80W90 | R72: 80W90 | U72: 412.5 | V72: LTS | W72: NUEVO | X72: ENTREGA DE LUBRICANTE PARA CAMBIO EN POWER END ASOCIADO AL EQUIPO COILED TUBING UBICADO EN BASE SAI
D73: 44867 | H73: TP-DCT-001 | I73: CANOA | K73: PLANIFICADO | L73: ADECUACION Y REPARACION DE CANOA | M73: FABRICACION DE PERNOS PARA INSTALACION DE VALVULAS MARIPOSAS EN CANOA | N73: N/A | O73: 0 | Q73: BARRA CORRIDA DE 5/8 " X 70" (TORNILLO SIN FIN) | R73: N/A | U73: 1 | V73: UND | W73: NUEVO | X73: ENTREGA DE MATERIAL PARA INSTALACION DE VALVULA EN CANOA ASOCIADA AL EQUIPO COILED TUBING UBICADO EN BASE SAI
D74: 44867 | H74: TP-DCT-001 | I74: CANOA | K74: PLANIFICADO | L74: ADECUACION Y REPARACION DE CANOA | M74: FABRICACION DE PERNOS PARA INSTALACION DE VALVULAS MARIPOSAS EN CANOA | N74: N/A | O74: 0 | Q74: TUERCA PARA ESPARRAGO 5/8 | R74: 1H8657 | U74: 25 | V74: UND | W74: NUEVO | X74: ENTREGA DE MATERIAL PARA INSTALACION DE VALVULA EN CANOA ASOCIADA AL EQUIPO COILED TUBING UBICADO EN BASE SAI
D75: 44867 | H75: TP-DCT-001 | I75: CANOA | K75: PLANIFICADO | L75: ADECUACION Y REPARACION DE CANOA | M75: FABRICACION DE PERNOS PARA INSTALACION DE VALVULAS MARIPOSAS EN CANOA | N75: N/A | O75: 0 | Q75: CEPILLO DE ALAMBRE | R75: N/A | U75: 1 | V75: UND | W75: NUEVO | X75: ENTREGA DE MATERIAL PARA MANTENIMIENTOS EN EL EQUIPO COILED TUBING UBICADO EN BASE SAI
D76: 44867 | H76: TP-DCT-001 | I76: UNIDAD DE BOMBEO | K76: PLANIFICADO | L76: SENSORES DE PRESION DESCALIBRADOS | M76: CALIBRACION DE SENSORES DE PRESION CONVENCIONALES | N76: N/A | O76: 0 | Q76: FLUIDO DE INSTRUMENTACION | R76: W154 | U76: 1 | V76: GALON | W76: NUEVO | X76: ENTREGA DE MATERIALES PARA ACTIVIDADES EN EL EQUIPO COILED TUBING UBICADO EN BASE SAI
D77: 44867 | H77: TP-DCT-001 | I77: UNIDAD DE BOMBEO | K77: PLANIFICADO | L77: ADECUACION DE SENSOR DE PRESION DESCALIBRADOS | M77: CALIBRACION DE SENSORES DE PRESION CONVENCIONALES | N77: N/A | O77: 0 | Q77: PLUG 174" TAPON | R77: 4P470MN | U77: 1 | V77: UND | W77: NUEVO | X77: ENTREGA DE MATERIALES PARA ACTIVIDADES EN EL EQUIPO COILED TUBING UBICADO EN BASE SAI
D78: 44868 | H78: TP-DCT-001 | I78: POWER PACK | K78: PLANIFICADO | L78: INDICADORES DE PRESION HIDRAULICA EXTERIORES DAÑADOS | M78: REEMPLAZO DE MANOMETROS EXTERNOS | N78: N/A | O78: 0 | Q78: MANOMETRO DE 2" 0-6000 PSI CONEXIÓN POSTERIOR DE 1/4" NPT | R78: N/A | S78: BAUMER | U78: 3 | V78: UND | W78: NUEVO | X78: ENTREGA DE MATERIAL PARA INSTALACION EN UNIDAD POWER PACK DEL EQUIPO COILED TUBING UBICADO EN BASE SAI
D79: 44868 | H79: TP-DCT-001 | I79: CT | K79: N/A | L79: DEVOLUCION POR NO APLICAR A LO REQUERIDO | M79: ENVIO DE HERRAMIENTA A BASE TEPECA PARA REEMPLAZO POR PARTE DE PROVEEDOR | N79: N/A | O79: 0 | Q79: CORTA TUBO 2-1/2" A 4" 44-S / MOD R32880 | R79: N/A | S79: RIDGID | U79: 1 | V79: UND | W79: NUEVO | X79: ENVIO DE HERRAMIENTA A BASE TEPECA PARA RESGUARDO Y POSTERIOR DEVOLUCION A PROVEEDOR
D80: 44869 | H80: SAI-215 | I80: SAI-215 | K80: N/A | L80: PRESTAMO DE INSUMOS | M80: PRESTAMO DE INSUMOS A DPTO. DE MTTO. | N80: N/A | O80: 0 | Q80: ACEITE DE HIDRAULICO ISO68 (USADO) | R80: N/A | U80: 205 | V80: LTS | W80: USADO | X80: ENVIO DE LUBRICANTE PARA COMPLETACION DE NIVEL EN EL SISTEMA HIDRAULICO DEL HOIST Y ACUMULADOR DE PRESION ASOCIADO AL EQUIPO SAI-215 (TOMADO EN CALIDAD DE PRESTAMO DEL EQUIPO COILED TUBING)
D81: 44869 | H81: TP-554 | I81: TP-554 | K81: N/A | L81: PRESTAMO DE INSUMOS | M81: PRESTAMO DE INSUMOS A DPTO. DE MTTO. | N81: N/A | O81: 0 | Q81: ACEITE DE HIDRAULICO ISO68 (USADO) | R81: N/A | U81: 105 | V81: LTS | W81: USADO | X81: ENVIO DE LUBRICANTE PARA COMPLETACION DE NIVEL EN EL SISTEMA HIDRAULICO PRINCIPAL ASOCIADO AL EQUIPO TP-554 (TOMADO EN CALIDAD DE PRESTAMO DEL EQUIPO COILED TUBING)
D82: 44869 | H82: TP-552 | I82: TP-552 | K82: N/A | L82: PRESTAMO DE INSUMOS | M82: PRESTAMO DE INSUMOS A DPTO. DE MTTO. | N82: N/A | O82: 0 | Q82: ACEITE DE HIDRAULICO ISO68 (USADO) | R82: N/A | U82: 105 | V82: LTS | W82: USADO | X82: ENVIO DE LUBRICANTE PARA COMPLETACION DE NIVEL EN EL SISTEMA HIDRAULICO PRINCIPAL ASOCIADO AL EQUIPO TP-552 (TOMADO EN CALIDAD DE PRESTAMO DEL EQUIPO COILED TUBING)
D83: 44873 | H83: TP-DCT-001 | I83: CT | K83: N/A | L83: DEVOLUCION POR NO APLICAR A LO REQUERIDO | M83: ENVIO DE HERRAMIENTA A BASE TEPECA PARA REEMPLAZO POR PARTE DE PROVEEDOR | N83: N/A | O83: 0 | Q83: PINZA AMPERIMETRICA AC/DC 400A MODELO FLUKE 323 (INCLUYE ESTUCHE PINZAS ROJO Y NEGRO) | R83: N/A | S83: FLUKE | U83: 1 | V83: UND | W83: NUEVO | X83: ENVIO DE MATERIAL A BASE TEPECA PARA RESGUARDO Y POSTERIOR DEVOLUCION A PROVEEDOR POR NO CUMPLIR CON LOS REQUERIMIENTOS
D84: 44873 | H84: PDV-181 | I84: PDV-181 | K84: N/A | L84: PRESTAMO DE INSUMOS | M84: PRESTAMO DE INSUMOS A DPTO. DE MTTO. | N84: N/A | O84: 0 | Q84: ACEITE DE HIDRAULICO ISO68 (USADO) | R84: N/A | U84: 205 | V84: LTS | W84: USADO | X84: ENVIO DE LUBRICANTE PARA COMPLETACION DE NIVEL EN EL SISTEMA HIDRAULICO ASOCIADO AL EQUIPO PDV-181 (MATERIAL TOMADO EN CALIDAD DE PRESTAMO DEL EQUIPO COILED TUBING)
D85: 44873 | H85: SAI-205 | I85: SAI-205 | K85: N/A | L85: PRESTAMO DE INSUMOS | M85: PRESTAMO DE INSUMOS A DPTO. DE MTTO. | N85: N/A | O85: 0 | Q85: ACEITE DE HIDRAULICO ISO68 (USADO) | R85: N/A | U85: 205 | V85: LTS | W85: USADO | X85: ENVIO DE LUBRICANTE PARA COMPLETACION DE NIVEL EN EL SISTEMA HIDRAULICO ASOCIADO AL EQUIPO SAI-205 (MATERIAL TOMADO EN CALIDAD DE PRESTAMO DEL EQUIPO COILED TUBING)
D86: 44873 | H86: TP-DCT-001 | I86: POWER PACK | K86: PLANIFICADO | L86: INDICADOR DE PRESION HIDRAULICA EXTERIOR DAÑADO | M86: REEMPLAZO DE MANOMETRO EXTERNO | N86: N/A | O86: 0 | Q86: MANOMETRO DE 2" 0-6000 PSI CONEXIÓN POSTERIOR DE 1/4" NPT | R86: N/A | U86: 1 | V86: UND | W86: NUEVO | X86: ENTREGA DE MATERIAL PARA INSTALACION EN EL POWER PACK DEL EQUIPO COILED TUBING
D87: 44875 | H87: TP-DCT-001 | I87: UNIDAD DE BOMBEO | K87: CORRECTIVO | L87: FUGA DE REFRIGERANTE, EN SELLO DE LA BOMBA DE REFRIGERANTE | M87: ENVIO DE BOMBA A TALLER EXTERNO "MULTIBOMBAS EL TIGRE C.A" POR GARANTIA | N87: GP-CL-2022-004 | O87: 0 | Q87: BOMBA DE AGUA PARA CAMION COILED TUBING P/N 23522721 | R87: N/A | U87: 1 | V87: UND | W87: USADO | X87: ENVIO DE COMPONENTE A PROVEEDOR EXTERNO PARA SERVICIO DE REPARACION POR GARANTIA, SEGÚN ORDEN DE SERVICIO GP-CL-2022-004
D88: 44879 | H88: TP-MT-017 | I88: TP-MT-017 | K88: N/A | L88: PRESTAMO DE INSUMOS | M88: PRESTAMO DE INSUMOS A DPTO. DE MTTO. | N88: N/A | O88: 0 | Q88: ACEITE DE MOTOR 15W40 (USADO) | R88: N/A | U88: 20 | V88: LTS | W88: USADO | X88: ENVIO DE LUBRICANTE PARA COMPLETACION DE NIVELES EN MONTACARGA ASOCIADO AL CAMPAMENTO DEL EQUIPO SAI-205 (MATERIAL PROVENIENTE DE RESGUARDO DE EQUIPO COILED TUBING)
D89: 44880 | H89: TP-DCT-001 | I89: UNIDAD DE BOMBEO | K89: CORRECTIVO | L89: FUGA DE REFRIGERANTE, EN SELLO DE LA BOMBA DE REFRIGERANTE | M89: INSTALACION DE BOMBA DE REFRIGERANTE PROVENIENTE DE PROVEEDOR EXTERNO "MULTIBOMBAS EL TIGRE, C.A" POR GARANTIA | N89: GP-CL-2022-004 | O89: 0 | Q89: BOMBA DE AGUA PARA CAMION COILED TUBING P/N 23522721 | R89: N/A | U89: 1 | V89: UND | W89: USADO | X89: ENTREGA DE MATERIAL PARA SER INSTALADO EN EQUIPO COILED TUBING (MATERIAL REGRESADO DE PROVEEDOR EXTERNO REPARADO POR GARANTIA)
D90: 44881 | H90: TP-DCT-001 | I90: UNIDAD DE BOMBEO | K90: CORRECTIVO | L90: FUGA DE REFRIGERANTE, EN SELLO DE LA BOMBA DE REFRIGERANTE | M90: ENVIO DE BOMBA A TALLER EXTERNO "MULTIBOMBAS EL TIGRE C.A" POR GARANTIA | N90: GP-CL-2022-004 | O90: 0 | Q90: BOMBA DE AGUA PARA CAMION COILED TUBING P/N 23522721 | R90: N/A | U90: 1 | V90: UND | W90: USADO | X90: ENVIO DE MATERIAL A PROVEEDOR EXTERNO PARA SERVICIO DE REPARACION POR GARANTIA
D91: 44881 | H91: TP-DCT-001 | I91: CT | K91: RUTINARIO | L91: HIGIENE Y SEGURIDAD | M91: LIMPIEZA DE EQUIPO Y VALVULAS | N91: N/A | O91: 0 | Q91: TRAPOS PARA MANTENIMIENTO INDUSTRIAL | R91: N/A | U91: 10 | V91: KG | W91: NUEVO | X91: ENTREGA DE CONSUMIBLES PARA USO EN ACTIVIDADES DEL EQUIPO COILED TUBING UBICADO EN BASE SAI
D92: 44881 | H92: TP-DCT-001 | I92: CT | K92: PLANIFICADO | L92: MEJORA A SEGURIDAD EN CAJAS DE HERRAMIENTAS | M92: INSTALACION EN CONTAINER DE HERRAMIENTAS DEL DPTO. | N92: N/A | O92: 0 | Q92: CANDADO 60 MM | R92: N/A | S92: CISA | U92: 1 | V92: UND | W92: NUEVO | X92: ENTREGA DE CONSUMIBLES PARA USO EN ACTIVIDADES DEL EQUIPO COILED TUBING UBICADO EN BASE SAI
D93: 44882 | H93: TP-DCT-001 | I93: CT | K93: PREVENTIVO | L93: PREVENCION ANTE FUTURAS FALLAS | M93: CAMBIO DE ACEITE A GEARBOXES DEL REEL | N93: N/A | O93: 0 | Q93: ACEITE DE TRANSMISION 75W90 | R93: N/A | U93: 4 | V93: LTS | W93: NUEVO | X93: ENTREGA DE LUBRICANTES PARA COMPLETACION EN CAJA TRANSFER DE LA UNIDAD INYECTORA DEL EQUIPO COILED TUBING UBICADO EN BASE SAI
D94: 44882 | H94: TP-DCT-001 | I94: UNIDAD DE BOMBEO | K94: PLANIFICADO | L94: BAJO NIVEL DE ACEITE EN CAJA ALLISON DE MOTOR "A" Y "B" | M94: COMPLETACION DE NIVEL EN CAJAS ALLISON DE MOTOR "A" Y "B" | N94: N/A | O94: 0 | Q94: ACEITE HIDRAULICO DEXRON VI | R94: N/A | U94: 12 | V94: LTS | W94: NUEVO | X94: ENTREGA DE LUBRICANTES PARA COMPLETACION EN CAJA ALLISON DE LA UNIDAD INYECTORA DEL EQUIPO COILED TUBING UBICADO EN BASE SAI
D95: 44882 | H95: TP-DCT-001 | I95: CT | K95: RUTINARIO | L95: LIMPIEZA Y ADECUACIONES DE COMPONENTES | M95: RUTINAS DE LIMPIEZA Y ADECUACIONES A COMPONENTES Y EQUIPOS ASOCIADOS | N95: N/A | O95: 0 | Q95: CEPILLO DE ALAMBRE | R95: N/A | U95: 1 | V95: UND | W95: NUEVO | X95: ENTREGA DE CONSUMIBLE REQUERIDO PARA ADECUACIONES EN EQUIPO COILED TUBING UBICADO EN BASE SAI
D96: 44883 | H96: TP-DCT-001 | I96: CT | K96: PLANIFICADO | L96: MEJORA A SEGURIDAD EN CAJAS DE HERRAMIENTAS | M96: INSTALACION EN CONTAINER DE HERRAMIENTAS DEL DPTO. | N96: N/A | O96: 0 | Q96: TORNILLO SIN FIN 1/4" | R96: H131003010 | U96: 2 | V96: UND | W96: NUEVO | X96: ENTREGA DE MATERIAL PARA FABRICACION DE CAJA DE HERRAMIENTA ASOCIADO AL EQUIPO COILED TUBING UBICADO EN BASE SAI
D97: 44883 | H97: TP-DCT-001 | I97: UNIDAD DE BOMBEO | K97: PLANIFICADO | L97: BAJO NIVEL DE ACEITE EN CAJA ALLISON DE MOTOR "A" Y "B" | M97: COMPLETACION DE NIVEL EN CAJAS ALLISON DE MOTOR "A" Y "B" | N97: N/A | O97: 0 | Q97: ACEITE HIDRAULICO DEXRON VI | R97: N/A | U97: 6 | V97: LTS | W97: NUEVO | X97: ENTREGA DE CONSUMIBLE PARA COMPLETACION DE NIVEL EN CAJA ALLISON ASOCIADA AL EQUIPO COILED TUBING UBICADO EN BASE SAI
D98: 44886 | H98: TP-DCT-001 | I98: UNIDAD DE BOMBEO | K98: CORRECTIVO | L98: FUGA DE REFRIGERANTE, EN SELLO DE LA BOMBA DE REFRIGERANTE | M98: INSTALACION DE BOMBA DE REFRIGERANTE PROVENIENTE DE PROVEEDOR EXTERNO "MULTIBOMBAS EL TIGRE, C.A" POR GARANTIA | N98: GP-CL-2022-004 | O98: 0 | Q98: BOMBA DE AGUA PARA CAMION COILED TUBING P/N 23522721 | R98: N/A | U98: 1 | V98: UND | W98: REPARADO | X98: ENTREGA DE COMPONENTE PARA INSTALACION EN UNIDAD DE BOMBEO ASOCIADO AL EQUIPO COILED TUBING UBICADO EN BASE SAI
D99: 44887 | H99: TP-DCT-001 | I99: UNIDAD DE BOMBEO | K99: PLANIFICADO | L99: BAJO NIVEL DE ACEITE EN CAJA ALLISON DE MOTOR "A" Y "B" | M99: COMPLETACION DE NIVEL EN CAJAS ALLISON DE MOTOR "A" Y "B" | N99: N/A | O99: 0 | Q99: ACEITE HIDRAULICO DEXRON VI | R99: N/A | U99: 12 | V99: LTS | W99: NUEVO | X99: ENTREGA DE CONSUMIBLE PARA COMPLETACION DE NIVEL EN CAJA DE VELOCIDAD DE LA UNIDAD DE BOMBEO ASOCIADA AL EQUIPO COILED TUBING UBICADA EN BASE SAI
D100: 44887 | H100: TP-DCT-001 | I100: POWER PACK | K100: PLANIFICADO | L100: ADECUACION ELECTRICA | M100: INSTALACION DE PLUG Y RECEPTACULO PARA ALIMENTACION DE A/A DE POWER PACK Y REEL | N100: N/A | O100: 0 | Q100: CONECTOR 2W 3P FOR RIG A LITE MACHO-HEMBRA | R100: PC13 | U100: 1 | V100: KIT | W100: NUEVO | X100: ENTREGA DE MATERIAL PARA ADECUACIONES ELECTRICAS ASOCIADO AL EQUIPO COILED TUBING UBICADO EN BASE SAI
D101: 44887 | H101: TP-DCT-001 | I101: UNIDAD DE BOMBEO | K101: PLANIFICADO | L101: BAJO NIVEL DE ACEITE EN CAJA ALLISON DE MOTOR "A" Y "B" | M101: COMPLETACION DE NIVEL EN CAJAS ALLISON DE MOTOR "A" Y "B" | N101: N/A | O101: 0 | Q101: ACEITE HIDRAULICO DEXRON VI | R101: N/A | U101: 4 | V101: LTS | W101: NUEVO | X101: ENTREGA DE CONSUMIBLE PARA COMPLETACION DE NIVEL EN CAJA DE VELOCODAD DE LA UNIDAD DE BOMBEO ASOCIADA AL EQUIPO COILED TUBING UBICADA EN BASE SAI
D102: 44888 | H102: TP-DCT-001 | I102: INYECTOR | K102: PLANIFICADO | L102: ADECUACION VIENTOS DEL INYECTOR | M102: INSTALACION GRAMPAS EN VIENTOS DEL INYECTOR | N102: N/A | O102: 0 | Q102: GRAMPA PARA GUAYA 9-1/16" | R102: 1010211 | U102: 2 | V102: UND | W102: NUEVO | X102: ENTREGA DE MATERIAL PARA INSTALACION DE VIENTOS EN EL EQUIPO COILED TUBING UBICADO EN BASE SAI
D103: 44888 | H103: TP-DCT-001 | I103: POWER PACK | K103: PLANIFICADO | L103: INEFICIENTE METODO DE IDENTIFICACION DE LINEAS HIDRAULICAS DE BACK-UP | M103: IDENTIFICACION DE LINEAS HIDRAULICAS DE BACK-UP | N103: N/A | O103: 0 | Q103: ARANDELA PLANA | R103: 503004277829000 | U103: 15 | V103: UND | W103: NUEVO | X103: ENTREGA DE MATERIAL PARA IDENTIFICACION DE MANGUERAS EN EL EQUIPO COILED TUBING UBICADO EN BASE SAI
...

Sheet Hoja5
A3: TIPO DE MTTO | B3: FRECUENCIA
A4: CORRECTIVO | B4: 22
A5: N/A | B5: 17 | D5: CANT | E5: (Varios elementos)
A6: PLANIFICADO | B6: 57 | H6: UNIDAD | I6: FRECUENCIA
A7: PREVENTIVO | B7: 30 | D7: Etiquetas de fila | E7: Suma de CANT | H7: MTTO | I7: 1
A8: RUTINARIO | B8: 35 | D8: ACEITE DE HIDRAULICO ISO68 (USADO) | E8: 1083 | H8: PDV-181 | I8: 1
A9: Total general | B9: 161 | D9: ACEITE DE MOTOR 15W40 | E9: 325 | H9: SAI-205 | I9: 1
D10: ACEITE DE MOTOR 15W40 (USADO) | E10: 20 | H10: SAI-215 | I10: 2
D11: ACEITE DE TRANSMISION 80W90 | E11: 412.5 | H11: TP-552 | I11: 1
D12: ACEITE HIDRAULICO ISO-68 | E12: 1256 | H12: TP-554 | I12: 2
A13: Etiquetas de fila | B13: Cuenta de CAUSA O FALLA | D13: ARANDELA PLANA | E13: 15 | H13: TP-CH-018 | I13: 1
A14: FABRICADO | B14: 3 | D14: ESPARRAGO 11907-83 (5/8" X 3-1/2") | E14: 20 | H14: TP-DCT-001 | I14: 149
A15: NUEVO | B15: 119 | D15: GRASA SWEPCO 222 | E15: 20 | H15: TP-MT-017 | I15: 2
A16: REPARADO | B16: 4 | D16: REFRIGERANTE ANTICORROSIVO ROJO | E16: 170 | H16: TP-V-007 | I16: 1
A17: USADO | B17: 35 | D17: TUERCA PARA ESPARRAGO 5/8 | E17: 25 | H17: Total general | I17: 161
A18: Total general | B18: 161 | D18: Total general | E18: 3346.5

Sheet REP
B2: RESUMEN DE MATERIALES
B5: # | C5: DESCRIPCION | D5: CANT. REQ. | E5: STOCK INICIAL | F5: IN | G5: OUT | H5: CANT. DISP. | I5: UND | J5: OBSERVACION
B6: 1 | C6: ACEITE DE MOTOR 15W40 | D6: 118 | E6: =SUMIF(INV.!$D$6:$D$1000,REP!$C$6:$C$1000,INV.!$F$6:$F$1000) -> 0 | F6: =SUMIF(IN!$L$6:$L$1000,REP!$C$6:$C$998,IN!$Q$6:$Q$1000) -> 412.5 | G6: =SUMIF(OUT!$Q$7:$Q$1000,REP!C6:$C$998,OUT!$U$7:$U$1000) -> 333 | H6: =E6+F6-G6 -> 79.5 | I6: LT
B7: 2 | C7: FILTRO DE AIRE P181099 | D7: 2 | E7: =SUMIF(INV.!$D$6:$D$1000,REP!$C$6:$C$1000,INV.!$F$6:$F$1000) -> 0 | F7: =SUMIF(IN!$L$6:$L$1000,REP!$C$6:$C$998,IN!$Q$6:$Q$1000) -> 0 | G7: =SUMIF(OUT!$Q$7:$Q$1000,REP!C7:$C$998,OUT!$U$7:$U$1000) -> 0 | H7: =E7+F7-G7 -> 0 | I7: PZA
B8: 3 | C8: FILTRO DE ACEITE 51971 / P552100 / ML-25971 | D8: 6 | E8: =SUMIF(INV.!$D$6:$D$1000,REP!$C$6:$C$1000,INV.!$F$6:$F$1000) -> 0 | F8: =SUMIF(IN!$L$6:$L$1000,REP!$C$6:$C$998,IN!$Q$6:$Q$1000) -> 8 | G8: =SUMIF(OUT!$Q$7:$Q$1000,REP!C8:$C$998,OUT!$U$7:$U$1000) -> 6 | H8: =E8+F8-G8 -> 2 | I8: PZA
B9: 4 | C9: FILTRO DE COMB. TRAMPA DE AGUA 33651 / MF-61492 / WC-7772A | D9: 2 | E9: =SUMIF(INV.!$D$6:$D$1000,REP!$C$6:$C$1000,INV.!$F$6:$F$1000) -> 0 | F9: =SUMIF(IN!$L$6:$L$1000,REP!$C$6:$C$998,IN!$Q$6:$Q$1000) -> 2 | G9: =SUMIF(OUT!$Q$7:$Q$1000,REP!C9:$C$998,OUT!$U$7:$U$1000) -> 2 | H9: =E9+F9-G9 -> 0 | I9: PZA
B10: 5 | C10: ARRANQUE NEUMATICO, MOD:150BMP88RS4-200 | D10: 2 | E10: =SUMIF(INV.!$D$6:$D$1000,REP!$C$6:$C$1000,INV.!$F$6:$F$1000) -> 0 | F10: =SUMIF(IN!$L$6:$L$1000,REP!$C$6:$C$998,IN!$Q$6:$Q$1000) -> 0 | G10: =SUMIF(OUT!$Q$7:$Q$1000,REP!C10:$C$998,OUT!$U$7:$U$1000) -> 0 | H10: =E10+F10-G10 -> 0 | I10: PZA
B11: 6 | C11: CORREA A-47 | D11: 6 | E11: =SUMIF(INV.!$D$6:$D$1000,REP!$C$6:$C$1000,INV.!$F$6:$F$1000) -> 0 | F11: =SUMIF(IN!$L$6:$L$1000,REP!$C$6:$C$998,IN!$Q$6:$Q$1000) -> 12 | G11: =SUMIF(OUT!$Q$7:$Q$1000,REP!C11:$C$998,OUT!$U$7:$U$1000) -> 4 | H11: =E11+F11-G11 -> 8 | I11: PZA
B12: 7 | C12: CORREA A-68 | D12: 9 | E12: =SUMIF(INV.!$D$6:$D$1000,REP!$C$6:$C$1000,INV.!$F$6:$F$1000) -> 0 | F12: =SUMIF(IN!$L$6:$L$1000,REP!$C$6:$C$998,IN!$Q$6:$Q$1000) -> 27 | G12: =SUMIF(OUT!$Q$7:$Q$1000,REP!C12:$C$998,OUT!$U$7:$U$1000) -> 9 | H12: =E12+F12-G12 -> 18 | I12: PZA
B13: 8 | C13: BOMBA DE AGUA P/N;23522721 | D13: 3 | E13: =SUMIF(INV.!$D$6:$D$1000,REP!$C$6:$C$1000,INV.!$F$6:$F$1000) -> 0 | F13: =SUMIF(IN!$L$6:$L$1000,REP!$C$6:$C$998,IN!$Q$6:$Q$1000) -> 0 | G13: =SUMIF(OUT!$Q$7:$Q$1000,REP!C13:$C$998,OUT!$U$7:$U$1000) -> 0 | H13: =E13+F13-G13 -> 0 | I13: PZA
B14: 9 | C14: ALTERNADOR 27V DC 70A | D14: 2 | E14: =SUMIF(INV.!$D$6:$D$1000,REP!$C$6:$C$1000,INV.!$F$6:$F$1000) -> 0 | F14: =SUMIF(IN!$L$6:$L$1000,REP!$C$6:$C$998,IN!$Q$6:$Q$1000) -> 0 | G14: =SUMIF(OUT!$Q$7:$Q$1000,REP!C14:$C$998,OUT!$U$7:$U$1000) -> 0 | H14: =E14+F14-G14 -> 0 | I14: PZA
B15: 10 | C15: COMPRESOR NEUMATICO TUFLO 550 | D15: 3 | E15: =SUMIF(INV.!$D$6:$D$1000,REP!$C$6:$C$1000,INV.!$F$6:$F$1000) -> 0 | F15: =SUMIF(IN!$L$6:$L$1000,REP!$C$6:$C$998,IN!$Q$6:$Q$1000) -> 0 | G15: =SUMIF(OUT!$Q$7:$Q$1000,REP!C15:$C$998,OUT!$U$7:$U$1000) -> 0 | H15: =E15+F15-G15 -> 0 | I15: PZA
B16: 11 | C16: BOMBA DE TRANSFERENCIA P/N:23532981 | D16: 2 | E16: =SUMIF(INV.!$D$6:$D$1000,REP!$C$6:$C$1000,INV.!$F$6:$F$1000) -> 0 | F16: =SUMIF(IN!$L$6:$L$1000,REP!$C$6:$C$998,IN!$Q$6:$Q$1000) -> 0 | G16: =SUMIF(OUT!$Q$7:$Q$1000,REP!C16:$C$998,OUT!$U$7:$U$1000) -> 0 | H16: =E16+F16-G16 -> 0 | I16: PZA
B17: 12 | C17: ECU P/N: 6DD4408E09 | D17: 2 | E17: =SUMIF(INV.!$D$6:$D$1000,REP!$C$6:$C$1000,INV.!$F$6:$F$1000) -> 0 | F17: =SUMIF(IN!$L$6:$L$1000,REP!$C$6:$C$998,IN!$Q$6:$Q$1000) -> 0 | G17: =SUMIF(OUT!$Q$7:$Q$1000,REP!C17:$C$998,OUT!$U$7:$U$1000) -> 0 | H17: =E17+F17-G17 -> 0 | I17: PZA
... B118: 113 | C118: MANOMETRO DE 2" 0-6000 PSI CONEXIÓN POSTERIOR DE 1/4" NPT | D118: 0 | E118: =SUMIF(INV.!$D$6:$D$1000,REP!$C$6:$C$1000,INV.!$F$6:$F$1000) -> 0 | F118: =SUMIF(IN!$L$6:$L$1000,REP!$C$6:$C$998,IN!$Q$6:$Q$1000) -> 6 | G118: =SUMIF(OUT!$Q$7:$Q$1000,REP!C118:$C$998,OUT!$U$7:$U$1000) -> 6 | H118: =E118+F118-G118 -> 0 | I118: PZA

Sheet INV.
B2: Inventario Coiled Tubing (FROM MERIDIAN)
B5: P/N | C5: Ubicación | D5: Descripcion | E5: UM | F5: Cantidad | G5: Observaciones
B6: N/A | C6: AREA EXTERNA | D6: UNIDAD DE COILED TUBING (POWER PACK) | E6: UND | F6: 1
B7: N/A | C7: AREA EXTERNA | D7: UNIDAD DE COILED TUBING (REEL) | E7: UND | F7: 1
B8: N/A | C8: AREA EXTERNA | D8: UNIDAD DE BOMBEO MARCA JEREL | E8: UND | F8: 1
B9: N/A | C9: AREA EXTERNA | D9: TUBERIA 2-3/8" OD, .175 WALL THICKNESS | E9: FT | F9: 12000
B10: N/A | C10: AREA EXTERNA | D10: INJECTOR SERIAL # IWOO-051 ARCH SERAIL # AWOO-060 | E10: UND | F10: 1
B11: N/A | C11: AREA EXTERNA | D11: CONTADOR | E11: UND | F11: 1
B12: N/A | C12: AREA EXTERNA | D12: BOP EH44 QUAD NACE 2.38 H2S M60TOT-EH44L613X | E12: UND | F12: 1
B13: N/A | C13: GALPON 2 | D13: BOP 4.06 10M COMBI OXS H2S 2.38 M60TOT-EH44N612X
B14: N/A | C14: GALPON 2 | D14: MANGUERAS DE GOMAS DE 4" X 20 FT (SUCCION) | E14: UND | F14: 7
B15: N/A | C15: GALPON 2 | D15: MANGUERAS DE GOMAS DE 4" X 20 FT (DESCARGA) | E15: UND | F15: 5
B16: N/A | C16: GALPON 2 | D16: MANGUERAS DE GOMAS DE 4" X 15 FT (SUCCION) | E16: UND | F16: 4
B17: N/A | C17: GALPON 2 | D17: MANGUERAS DE HIERRO DE 2" X 10 FT (ROJAS) | E17: UND | F17: 7
B18: N/A | C18: GALPON 2 | D18: MANGUERAS DE HIERRO DE 2" X 6 FT (ROJAS) | E18: UND | F18: 9 | G18: DEBIERON LLEGAR 11 UND
B19: N/A | C19: GALPON 2 | D19: MANGUERAS DE HIERRO DE 2" X 5 FT (ROJAS) | E19: UND | F19: 2
B20: N/A | C20: GALPON 2 | D20: MANGUERAS DE HIERRO DE 2" X 4 FT (ROJAS) | E20: UND | F20: 1
B21: N/A | C21: GALPON 2 | D21: MANGUERAS DE HIERRO DE 2" X 3 FT (ROJAS) | E21: UND | F21: 4
B22: N/A | C22: GALPON 2 | D22: MANGUERAS DE HIERRO DE 2" X 2 FT (ROJAS) | E22: UND | F22: 2
B23: N/A | C23: GALPON 2 | D23: MANGUERAS DE HIERRO DE 2" X 10 FT (VERDES) | E23: UND | F23: 2
B24: N/A | C24: GALPON 2 | D24: MANGUERAS DE HIERRO DE 2" X 6 FT (VERDES) | E24: UND | F24: 4
B25: N/A | C25: GALPON 2 | D25: MANGUERAS DE HIERRO DE 2" X 4 FT (VERDES) | E25: UND | F25: 2
B26: N/A | C26: GALPON 2 | D26: MANGUERAS DE HIERRO DE 2" X 3 FT (VERDES) | E26: UND | F26: 1
B27: N/A | C27: GALPON 2 | D27: MANGUERA DE HIERRO 2 (HOSE STEEL) | E27: UND | F27: 1
B28: N/A | C28: GALPON 2 | D28: ADPT FLG 2,00 10M H2S BX-152 1502 | E28: UND | F28: 1
B29: N/A | C29: GALPON 2 | D29: SB RISER: 4.06 10K H2S BX-155 - SERIAL 153-48338 | E29: UND | F29: 1
B30: N/A | C30: GALPON 2 | D30: ADPT SPOOL: 4.06 10M H2S BX-155 X 3,06 BX-154 | E30: UND | F30: 1
B31: N/A | C31: GALPON 2 | D31: ADPTR SPL: 5.12 10M BX-169 X 4.06 10M BX-155 | E31: UND | F31: 1
B32: N/A | C32: CAJA DE HERRAMIENTAS DEL EQUIPO | D32: TEE 4" | E32: UND | F32: 3 | G32: 1 UND EN GALPON 2
B33: N/A | C33: CAJA DE HERRAMIENTAS DEL EQUIPO | D33: CODOS 4" | E33: UND | F33: 3
B34: N/A | C34: CAJA DE HERRAMIENTAS DEL EQUIPO | D34: CONEXIONES DE HIERRO CON VALVULA MARIPOSA DE 4" | E34: UND | F34: 1
B35: N/A | C35: CAJA DE HERRAMIENTAS DEL EQUIPO | D35: YEE 2" NARANJA | E35: UND | F35: 2
B36: N/A | C36: CAJA DE HERRAMIENTAS DEL EQUIPO | D36: YEE 2" R/F/F ROJAS | E36: UND | F36: 2
B37: N/A | C37: CAJA DE HERRAMIENTAS DEL EQUIPO | D37: TEE 2" R/F/F ROJAS | E37: UND | F37: 3
B38: N/A | C38: CAJA DE HERRAMIENTAS DEL EQUIPO | D38: TEE 2" R/R/F ROJAS | E38: UND | F38: 1
B39: N/A | C39: CAJA DE HERRAMIENTAS DEL EQUIPO | D39: UNION 2" R/R ROJAS | E39: UND | F39: 2
B40: N/A | C40: CAJA DE HERRAMIENTAS DEL EQUIPO | D40: UNION 2" F/F ROJAS | E40: UND | F40: 3
B41: N/A | C41: CAJA DE HERRAMIENTAS DEL EQUIPO | D41: VALVULA 2 X 1 R/F ROJAS | E41: UND | F41: 5
B42: N/A | C42: CAJA DE HERRAMIENTAS DEL EQUIPO | D42: VALVULA 2 X 1 R/F VERDES | E42: UND | F42: 3
B43: N/A | C43: CAJA DE HERRAMIENTAS DEL EQUIPO | D43: VALVULA 2 X 1 R/F NARANJA | E43: UND | F43: 1
B44: N/A | C44: CAJA DE HERRAMIENTAS DEL EQUIPO | D44: VALVULA RELIEF 2" F/R ROJA | E44: UND | F44: 1
B45: N/A | C45: CAJA DE HERRAMIENTAS DEL EQUIPO | D45: TEE 2" F/F/F ROJAS | E45: UND | F45: 2
B46: N/A | C46: CAJA DE HERRAMIENTAS DEL EQUIPO | D46: CRUZ 2" F/F/R/R ROJA | E46: UND | F46: 1 | G46: CRUZ 2" F/F/F/R
B47: N/A | C47: CAJA DE HERRAMIENTAS DEL EQUIPO | D47: VALVULA 2 X 1 R/F ROJAS | E47: UND | F47: 2
B48: N/A | C48: CAJA DE HERRAMIENTAS DEL EQUIPO | D48: YEE 2" R/R/F VERDES | E48: UND | F48: 2 | G48: YEE 2" F/F/R VERDE
B49: N/A | C49: CAJA DE HERRAMIENTAS DEL EQUIPO | D49: CODOS 2" 90° R/F VERDES | E49: UND | F49: 3 | G49: DEBIERON LLEGAR 04 UND
B50: N/A | C50: CAJA DE HERRAMIENTAS DEL EQUIPO | D50: TEE 2" R/R/F VERDES | E50: UND | F50: 1
B51: N/A | C51: CAJA DE HERRAMIENTAS DEL EQUIPO | D51: VALVULA RELIEF 2" F/R NARANJA | E51: UND | F51: 1
B52: N/A | C52: CAJA DE HERRAMIENTAS DEL EQUIPO | D52: CRUZ 2" F/F/F/R VERDE | E52: UND | F52: 1
B53: N/A | C53: CAJA DE HERRAMIENTAS DEL EQUIPO | D53: CHIKSAN 2" ESTILO 50 R/R ROJOS | E53: UND | F53: 4 | G53: CHIKSAN 2" ESTILO 50 F/F ROJOS
B54: N/A | C54: CAJA DE HERRAMIENTAS DEL EQUIPO | D54: CHIKSAN 2" ESTILO 10 F/R ROJOS | E54: UND | F54: 11
B55: N/A | C55: CAJA DE HERRAMIENTAS DEL EQUIPO | D55: CHIKSAN 2" ESTILO 10 F/R VERDES | E55: UND | F55: 4
B56: N/A | C56: CAJA DE HERRAMIENTAS DEL EQUIPO | D56: CHIKSAN 2" ESTILO 50 F/F VERDES | E56: UND | F56: 3
B57: N/A | C57: CAJA DE HERRAMIENTAS DEL EQUIPO | D57: VALVULAS 2 X 2 F/R VERDES | E57: UND | F57: 3
B58: N/A | C58: CAJA DE HERRAMIENTAS DEL EQUIPO | D58: VALVULAS 2 X 2 F/R ROJAS | E58: UND | F58: 2
B59: N/A | C59: CAJA DE HERRAMIENTAS DEL EQUIPO | D59: VALVULA RELIEF 2" F/R NARANJA | E59: UND | F59: 1
B60: N/A | C60: CAJA DE HERRAMIENTAS DEL EQUIPO | D60: JUNTA ROTARIA 2" NARANJA F/R | E60: UND | F60: 1
B61: N/A | C61: CAJA DE HERRAMIENTAS DEL EQUIPO | D61: VALVULA MARIPOSA 4" ROJA | E61: UND | F61: 1
B62: N/A | C62: CAJA DE HERRAMIENTAS DEL EQUIPO | D62: GUAYAS | E62: UND | F62: 13 | G62: DEBIERON LLEGAR 12 UND
B63: N/A | C63: CAJA DE HERRAMIENTAS DEL EQUIPO | D63: CODO 2" 90° F/R VERDE | E63: UND | F63: 1 | G63: CODO 2" 90° F/R ROJO
B64: N/A | C64: CAJA DE HERRAMIENTAS DEL EQUIPO | D64: VALVULAS 2 X 2 F/R VERDES | E64: UND | F64: 2 | G64: 03 UND CONTABILIZADAS
B65: N/A | C65: CAJA DE HERRAMIENTAS DEL EQUIPO | D65: CODO 2 X 2 F/R NARANJA | E65: UND | F65: 1
B66: P100028516A | C66: COILED TUBING-007 | D66: ENSAMBLAJE DE LA VALVULA 8516A | E66: UND | F66: 5
B67: MV-647 | C67: COILED TUBING-007 | D67: VALVULA DE BOMBA TRIPLEX DE 3-1/2", P/N: MV-647 / P100028516A | E67: UND | F67: 7
B68: 25992RC | C68: COILED TUBING-004 | D68: SEAL SPM 600 SHORT 3 GEAR / CR-29952 | E68: UND | F68: 6
B69: G-68102 | C69: COILED TUBING-002 | D69: 3" DEFLECTOR | E69: UND | F69: 6
B70: 3102008078 | C70: COILED TUBING-004 | D70: RESORTE DE VALVULA, P/N: 3102008078 | E70: UND | F70: 8
B71: H19110-72 | C71: COILED TUBING-009 | D71: SEAL IMPELLER | E71: UND | F71: 6
B72: 1006-0305 | C72: COILED TUBING-009 | D72: SEAL D-RING | E72: UND | F72: 2
B73: P100002714 | C73: COILED TUBING-007 | D73: ENSAMBLAJE DE LA VALVULA 2714 | E73: UND | F73: 3
B74: MV-621 | C74: COILED TUBING-007 | D74: VALVULA DE BOMBA TRIPLEX DE 3" P/N: MV-621 | E74: UND | F74: 14
B75: ENC-100-04-XX | C75: COILED TUBING-004 | D75: SENSOR ENCODER QUADRATURE 1/4" SHAFT 100 PULSES PER REVOLUTION | E75: UND | F75: 1
B76: 3102007667 | C76: COILED TUBING-005 | D76: RESORTE DE VALVULA | E76: UND | F76: 5
B77: P109379 | C77: COILED TUBING-009 | D77: 3 DISCHARGE COVER SEAL ASSY (3102050607A) | E77: UND | F77: 29 | G77: DEBIERON LLEGAR 30 UND
B78: P108291 | C78: COILED TUBING-004 | D78: 3-1/2 SUCTION COVER SEAL ASSY (3102050606A) | E78: UND | F78: 29
B79: 1235-199 | C79: COILED TUBING-004 | D79: RESORTE DE VALVULA, P/N: 1235-199 / 3102007667 | E79: UND | F79: 9
B80: 3102004929 | C80: COILED TUBING-008 | D80: O-RING OF VALVE SEAT | E80: UND | F80: 12
B81: 3102008107 | C81: COILED TUBING-008 | D81: VALVE COVER | E81: UND | F81: 2
B82: 3102008118 | C82: COILED TUBING-008 | D82: O-RING 8118 | E82: UND | F82: 10
B83: 3102008119 | C83: COILED TUBING-008 | D83: O-RING 8119 | E83: UND | F83: 10
B84: 3102008097 | C84: COILED TUBING-004 | D84: OIL RING | E84: UND | F84: 8
B85: OR-152 | C85: COILED TUBING-009 | D85: O-RING 152 (3102004929) | E85: UND | F85: 20
B86: P109509 | C86: COILED TUBING-009 | D86: 3" 3-1/2 DISCHARGE FLNG O-RING (3102008118) | E86: UND | F86: 30
B87: 6M-3500-WSP1-LR | C87: COILED TUBING-001 | D87: LANTERN RING 3-1/2", P/N: 6M-3500-WSP1-LR | E87: UND | F87: 4
B88: 6M-3500-WSP1-R | C88: COILED TUBING-006 | D88: PACKING DE BOMBA TRIPLEX DE 3-1/2", P/N: 6M-3500-WSPI-R | E88: UND | F88: 8
B89: C060019160A | C89: COILED TUBING-001 | D89: CIRCUIT BREAKER 9160A | E89: UND | F89: 2
B90: MS-642 | C90: COILED TUBING-002 | D90: ASIENTO DE VALVULA DE 3-1/2", P/N: MS-642 / 3102008072 | E90: UND | F90: 6
B91: MI-62 | C91: COILED TUBING-010 | D91: INSERTO DE VALVULA 3", P/N: MI-62 | E91: UND | F91: 43
B92: 6M-3000-BASE | C92: COILED TUBING-009 | D92: PACKING WSP1 3" CORE PARTS P106000790A / 6M-3000-BASE | E92: UND | F92: 10
B93: 3102050608 | C93: COILED TUBING-008 | D93: O-RING 0608 | E93: UND | F93: 5
B94: C050020854A | C94: COILED TUBING-004 | D94: THERMOMETER 0854A / 50-150°C - 120-300°F | E94: UND | F94: 1
B95: C060007338 | C95: COILED TUBING-001 | D95: CIRCUIT BREAKER 7338 | E95: UND | F95: 2
B96: C060007541 | C96: COILED TUBING-001 | D96: LIGHT 7541 | E96: UND | F96: 2
B97: C060007752 | C97: COILED TUBING-001 | D97: LIGHT 7752 | E97: UND | F97: 2
B98: C0600022569A | C98: COILED TUBING-001 | D98: CIRCUIT BRAKER 2569A | E98: UND | F98: 2
B99: C0600022572A | C99: COILED TUBING-001 | D99: CIRCUIT BREAKER BASE | E99: UND | F99: 2
B100: P100002503 | C100: COILED TUBING-008 | D100: O-RING 2503 | E100: UND | F100: 6
B101: MIA-64 | C101: COILED TUBING-010 | D101: INSERTO DE VALVULA 3-1/2", P/N: MIA-64 | E101: UND | F101: 56
B102: C050045844 | C102: COILED TUBING-004 | D102: SPEED SENSOR | E102: UND | F102: 1
B103: C060007657 | C103: COILED TUBING-001 | D103: RELAY BASE | E103: UND | F103: 2
...

Sheet Indicadores
D2: DASHBOARD TRIMESTRAL (DPTO. DE COILED TUBING)
