Workbook
Name BLOQUE8: Tabla9[]
Name BLOQUE8: Tabla9[]
Name BLOQUE8: Tabla9[]
Name BLOQUE8: [1]!Tabla9[#Data]
Name BLOQUE8: Tabla9[]
Name BLOQUE8: Tabla9[]
Name BLOQUE8: [1]!Tabla9[#Data]
Name BLOQUE8: Tabla9[]
Name BLOQUE8: Tabla921[]
Name BLOQUE8: Tabla9[]
Name BLOQUE8: Tabla92122[]
Name BLOQUE8: Tabla9[]
Name BLOQUE8: Tabla9[]
Name BLOQUE8: Tabla9[]
Name DIEZPUNTOUNO: LEJOS19[]
Name KARIÑASUR: Tabla8[]
Name KARIÑASUR: Tabla8[]
Name KARIÑASUR: Tabla8[]
Name KARIÑASUR: [1]!Tabla8[#Data]
Name KARIÑASUR: Tabla8[]
Name KARIÑASUR: Tabla8[]
Name KARIÑASUR: [1]!Tabla8[#Data]
Name KARIÑASUR: Tabla8[]
Name KARIÑASUR: Tabla8[]
Name KARIÑASUR: Tabla8[]
Name KARIÑASUR: Tabla8[]
Name KARIÑASUR: Tabla8[]
Name KARIÑASUR: Tabla8[]
Name KARIÑASUR: Tabla8[]
Name MEREY20: Tabla7[]
Name MEREY20: Tabla7[]
Name MEREY20: Tabla7[]
Name MEREY20: [1]!Tabla7[#Data]
Name MEREY20: Tabla7[]
Name MEREY20: Tabla7[]
Name MEREY20: [1]!Tabla7[#Data]
Name MEREY20: Tabla7[]
Name MEREY20: Tabla7[]
Name MEREY20: Tabla7[]
Name MEREY20: Tabla7[]
Name MEREY20: Tabla7[]
Name MEREY20: Tabla7[]
Name MEREY20: Tabla7[]
Name MEREY29: Tabla6[]
Name MEREY29: Tabla6[]
Name MEREY29: Tabla6[]
Name MEREY29: [1]!Tabla6[#Data]
Name MEREY29: Tabla6[]
Name MEREY29: Tabla6[]
Name MEREY29: [1]!Tabla6[#Data]
Name MEREY29: Tabla6[]
Name MEREY29: Tabla6[]
Name MEREY29: Tabla6[]
Name MEREY29: Tabla6[]
Name MEREY29: Tabla6[]
Name MEREY29: Tabla6[]
Name MEREY29: Tabla6[]
Name NORTEBARE: Tabla921[]
Name Oeste: OESTE1[]
Name Oeste: OESTE1[]

Sheet Pinos 1
E3: Calidad | AF3: CODIGO: FO-CA-GE-02-E
AF4: REVISION: 00
E5: Máster de Inspección | AF5: FECHA DE EMISIÓN: 28-02-2024
B8: Nombre del Proyecto: | E8: "Mantenimiento En El Sistema Eléctrico De Distribución 13.8 Kv De La División Ayacucho" | Y8: Nro. de Contrato: | AB8: 4600135303
B9: Disciplina | E9: Electricidad | Y9: Ubicación: | AB9: División Ayacucho
B10: DATOS | F10: MANTENIMIENTO PREDICTIVO EJECUTADO | AD10: MANTENIMIENTO PREVENTIVO EJECUTADO
F12: VISUAL | T12: TERMOGRAFÍA | Y12: ULTRASONIDO | AD12: INTERVENCIÓN
F13: Componentes
B14: Frente | C14: Circuito | D14: Nro. De poste | E14: Descripción | F14: Fecha V | G14: Aislador de Espiga (AE) | H14: Aislador Polimericos (APT ) 34,5 Kv | I14: Aislador de Cadena (Ac) | J14: Aislador Polimericos (APs ) 69 Kv | K14: Cortacorriente (CC) | L14: Abierto | M14: Cerrado | N14: Pararrayos (P) | O14: Grapa ( G ) | P14: Seccionador (SM) | Q14: Abierto 2 | R14: Cerrado3 | S14: Falla Detectada V | T14: Fecha T | U14: Ejecutado T | V14: Puntos de Termografía | W14: Falla Detectada T | X14: Observación T | Y14: Fecha UT | Z14: Ejecutado UT | AA14: Puntos de Ultrasonido | AB14: Falla Detectada UT | AC14: Observación UT | AD14: Fecha | AE14: Ejecutado MTTO | AF14: Observación
B15: U.P. PESADO | C15: PINOS 1 | D15: 1 | E15: Amarre Terminal | I15: 3 | N15: 6 | O15: 3 | P15: 3 | S15: NIVEL 3: Revisar copa terminal | T15: 45313 | U15: X | V15: 12 | Y15: 45313 | Z15: X | AA15: 15 | AB15: EFECTO CORONA EN SM FASE A Y C / P FASE B Y C / AC FASE B Y C / SE DESINTALARON 7 GRAPAS A COMPRESION Y 7 BARRACUDAS | AD15: 45328 | AE15: Ejecutada
B16: U.P. PESADO | C16: PINOS 1 | D16: 2 | E16: PASE | G16: 3 | Y16: 45313 | Z16: X | AA16: 3
B17: U.P. PESADO | C17: PINOS 1 | D17: 3 | E17: PASE | G17: 3 | N17: 3 | Y17: 45313 | Z17: X | AA17: 6
B18: U.P. PESADO | C18: PINOS 1 | D18: 4 | E18: AMARRE | G18: 3 | I18: 6 | O18: 6 | T18: 45313 | U18: X | V18: 6 | Y18: 45313 | Z18: X | AA18: 9
B19: U.P. PESADO | C19: PINOS 1 | D19: 5 | E19: AMARRE 90° | G19: 3 | I19: 6 | N19: 3 | O19: 3 | T19: 45313 | U19: X | V19: 3 | Y19: 45313 | Z19: X | AA19: 12
B20: U.P. PESADO | C20: PINOS 1 | D20: 6 | E20: PASE | G20: 3 | Y20: 45313 | Z20: X | AA20: 3
B21: U.P. PESADO | C21: PINOS 1 | D21: 7 | E21: PASE | G21: 3 | N21: 3 | Y21: 45313 | Z21: X | AA21: 6
B22: U.P. PESADO | C22: PINOS 1 | D22: 8 | E22: PASE | G22: 3 | Y22: 45313 | Z22: X | AA22: 3
B23: U.P. PESADO | C23: PINOS 1 | D23: 9 | E23: AMARRE | G23: 1 | I23: 6 | N23: 3 | O23: 3 | T23: 45313 | U23: X | V23: 3 | Y23: 45313 | Z23: X | AA23: 10
B24: U.P. PESADO | C24: PINOS 1 | D24: 10 | E24: PASE | G24: 3 | Y24: 45313 | Z24: X | AA24: 3
B25: U.P. PESADO | C25: PINOS 1 | D25: 11 | E25: PASE | G25: 3 | N25: 3 | Y25: 45313 | Z25: X | AA25: 6
B26: U.P. PESADO | C26: PINOS 1 | D26: 12 | E26: PASE | G26: 3 | S26: NIVEL 3: Fase A fogoneada | Y26: 45313 | Z26: X | AA26: 3 | AD26: 45368 | AE26: Ejecutada
B27: U.P. PESADO | C27: PINOS 1 | D27: 13 | E27: PASE | G27: 3 | N27: 3 | Y27: 45313 | Z27: X | AA27: 6
B28: U.P. PESADO | C28: PINOS 1 | D28: 14 | E28: AMARRE CON DER 90° | G28: 2 | I28: 9 | O28: 10 | T28: 45313 | U28: X | V28: 10 | Y28: 45313 | Z28: X | AA28: 11
B29: U.P. PESADO | C29: PINOS 1 | D29: 15 | E29: AMARRE TERMINAL | I29: 3 | P29: 3 | Q29: X | T29: 45313 | U29: X | V29: 3 | Y29: 45313 | Z29: X | AA29: 3
B30: U.P. PESADO | C30: PINOS 1 | D30: 16 | E30: PASE | G30: 3 | N30: 3 | Y30: 45313 | Z30: X | AA30: 6
B31: U.P. PESADO | C31: PINOS 1 | D31: 17 | E31: PASE | G31: 3 | Y31: 45313 | Z31: X | AA31: 3
B32: U.P. PESADO | C32: PINOS 1 | D32: 18 | E32: AMARRE | G32: 1 | I32: 6 | N32: 3 | O32: 6 | T32: 45313 | U32: X | V32: 6 | Y32: 45313 | Z32: X | AA32: 10
B33: U.P. PESADO | C33: PINOS 1 | D33: 19 | E33: PASE | G33: 3 | Y33: 45313 | Z33: X | AA33: 3
B34: U.P. PESADO | C34: PINOS 1 | D34: 20 | E34: PASE | G34: 6 | S34: NIVEL 2: Falta varilla de armado | Y34: 45313 | Z34: X | AA34: 6
B35: U.P. PESADO | C35: PINOS 1 | D35: 21 | E35: PASE CON DER 90° | G35: 3 | H35: 3 | O35: 3 | P35: 3 | T35: 45313 | U35: X | V35: 12 | Y35: 45313 | Z35: X | AA35: 12
B36: U.P. PESADO | C36: PINOS 1 | D36: 22 | E36: AMARRE 45° | G36: 2 | H36: 3 | I36: 3 | O36: 3 | T36: 45313 | U36: X | V36: 3 | Y36: 45313 | Z36: X | AA36: 8
B37: U.P. PESADO | C37: PINOS 1 | D37: 23 | E37: AMARRE 45º | G37: 2 | I37: 6 | N37: 3 | O37: 3 | T37: 45313 | U37: X | V37: 3 | Y37: 45313 | Z37: X | AA37: 11
B38: U.P. PESADO | C38: PINOS 1 | D38: 24 | E38: PASE | G38: 3 | Y38: 45313 | Z38: X | AA38: 3
B39: U.P. PESADO | C39: PINOS 1 | D39: 25 | E39: AMARRE 45º | G39: 2 | I39: 6 | O39: 3 | T39: 45313 | U39: X | V39: 3 | Y39: 45313 | Z39: X | AA39: 8
B40: U.P. PESADO | C40: PINOS 1 | D40: 26 | E40: AMARRE 45º | G40: 2 | I40: 6 | O40: 3 | T40: 45313 | U40: X | V40: 3 | Y40: 45313 | Z40: X | AA40: 8
B41: U.P. PESADO | C41: PINOS 1 | D41: 27 | E41: PASE | G41: 3 | Y41: 45313 | Z41: X | AA41: 3
B42: U.P. PESADO | C42: PINOS 1 | D42: 28 | E42: PASE | G42: 3 | K42: 3 | O42: 3 | T42: 45313 | U42: X | V42: 6 | Y42: 45313 | Z42: X | AA42: 6
B43: U.P. PESADO | C43: PINOS 1 | D43: 29 | E43: PASE | G43: 3 | K43: 3 | O43: 3 | T43: 45313 | U43: X | V43: 6 | Y43: 45313 | Z43: X | AA43: 6
B44: U.P. PESADO | C44: PINOS 1 | D44: 30 | E44: PASE | G44: 3 | K44: 3 | O44: 3 | T44: 45313 | U44: X | V44: 12 | Y44: 45313 | Z44: X | AA44: 6
B45: U.P. PESADO | C45: PINOS 1 | D45: 31 | E45: PASE | G45: 3 | K45: 3 | O45: 3 | T45: 45313 | U45: X | V45: 6 | Y45: 45313 | Z45: X | AA45: 6
B46: U.P. PESADO | C46: PINOS 1 | D46: 32 | E46: PASE | G46: 3 | K46: 3 | O46: 3 | T46: 45313 | U46: X | V46: 6 | Y46: 45313 | Z46: X | AA46: 6
B47: U.P. PESADO | C47: PINOS 1 | D47: 33 | E47: PASE | G47: 3 | Y47: 45313 | Z47: X | AA47: 3
B48: U.P. PESADO | C48: PINOS 1 | D48: 34 | E48: Amarre Terminal | I48: 3 | Y48: 45313 | Z48: X | AA48: 3
B49: U.P. PESADO | C49: PINOS 1 | D49: 35 | E49: AMARRE | I49: 6 | K49: 3 | O49: 7 | P49: 3 | T49: 45313 | U49: X | V49: 16 | Y49: 45313 | Z49: X | AA49: 15
B50: U.P. PESADO | C50: PINOS 1 | D50: 36 | E50: AMARRE CON DER 90° | G50: 1 | I50: 9 | N50: 3 | O50: 6 | T50: 45313 | U50: X | V50: 6 | Y50: 45313 | Z50: X | AA50: 13
B51: U.P. PESADO | C51: PINOS 1 | D51: 37 | E51: PASE | G51: 3 | Y51: 45313 | Z51: X | AA51: 3
B52: U.P. PESADO | C52: PINOS 1 | D52: 38 | E52: PASE | G52: 6 | N52: 3 | Y52: 45313 | Z52: X | AA52: 9
B53: U.P. PESADO | C53: PINOS 1 | D53: 39 | E53: PASE | G53: 6 | Y53: 45313 | Z53: X | AA53: 6
B54: U.P. PESADO | C54: PINOS 1 | D54: 40 | E54: PASE | G54: 6 | N54: 3 | Y54: 45313 | Z54: X | AA54: 8
B55: U.P. PESADO | C55: PINOS 1 | D55: 41 | E55: AMARRE | G55: 1 | I55: 6 | O55: 3 | T55: 45313 | U55: X | V55: 3 | Y55: 45314 | Z55: X | AA55: 7
B56: U.P. PESADO | C56: PINOS 1 | D56: 42 | E56: AMARRE | G56: 1 | I56: 6 | N56: 3 | O56: 3 | T56: 45313 | U56: X | V56: 3 | Y56: 45314 | Z56: X | AA56: 10
B57: U.P. PESADO | C57: PINOS 1 | D57: 43 | E57: PASE | G57: 3 | Y57: 45314 | Z57: X | AA57: 3
B58: U.P. PESADO | C58: PINOS 1 | D58: 44 | E58: PASE | G58: 3 | N58: 3 | Y58: 45314 | Z58: X | AA58: 6 | AB58: EFECTO CORONA EN P , AE A,B Y C / SE DESINTALARON / SE INSTALARON2 BARRACUDAS Y Y 2 GRAPAS | AD58: 45328 | AE58: Ejecutada
B59: U.P. PESADO | C59: PINOS 1 | D59: 45 | E59: PASE | G59: 3 | Y59: 45314 | Z59: X | AA59: 3
B60: U.P. PESADO | C60: PINOS 1 | D60: 46 | E60: PASE | G60: 6 | N60: 3 | Y60: 45314 | Z60: X | AA60: 9
B61: U.P. PESADO | C61: PINOS 1 | D61: 47 | E61: AMARRE | G61: 1 | I61: 6 | O61: 3 | T61: 45313 | U61: X | V61: 3 | Y61: 45314 | Z61: X | AA61: 7
B62: U.P. PESADO | C62: PINOS 1 | D62: 48 | E62: PASE CON DER 90º | G62: 3 | K62: 2 | N62: 3 | O62: 2 | T62: 45313 | U62: X | V62: 6 | Y62: 45314 | Z62: X | AA62: 8 | AB62: EFECTO CORONA EN P Y AE EN FASE A Y C | AD62: 45330 | AE62: Ejecutada
B63: U.P. PESADO | C63: PINOS 1 | D63: 49 | E63: PASE | G63: 3 | Y63: 45314 | Z63: X | AA63: 3
B64: U.P. PESADO | C64: PINOS 1 | D64: 50 | E64: PASE | G64: 6 | N64: 3 | Y64: 45314 | Z64: X | AA64: 9 | AB64: EFECTO CORONA EN AE EN FASE A | AD64: PEN | AE64: Ejecutada
B65: U.P. PESADO | C65: PINOS 1 | D65: 51 | E65: PASE | G65: 3 | Y65: 45315 | Z65: X | AA65: 3
B66: U.P. PESADO | C66: PINOS 1 | D66: 52 | E66: PASE CON DER 90 | G66: 3 | K66: 3 | N66: 3 | O66: 3 | T66: 45313 | U66: X | V66: 6 | Y66: 45315 | Z66: X | AA66: 9
B67: U.P. PESADO | C67: PINOS 1 | D67: 53 | E67: AMARRE | G67: 1 | I67: 6 | N67: 3 | O67: 3 | T67: 45313 | U67: X | V67: 3 | Y67: 45315 | Z67: X | AA67: 3
B68: U.P. PESADO | C68: PINOS 1 | D68: 54 | E68: PASE 90° | G68: 7 | H68: 3 | N68: 3 | O68: 4 | T68: 45313 | U68: X | V68: 4 | Y68: 45315 | Z68: X | AA68: 13 | AB68: EFECTO CORONA EN AE EN FASE A | AD68: 45330 | AE68: Ejecutada
B69: U.P. PESADO | C69: PINOS 1 | D69: 55 | E69: AMARRE 90° | G69: 2 | H69: 6 | P69: 3 | T69: 45313 | U69: X | V69: 9 | Y69: 45315 | Z69: X | AA69: 14
B70: U.P. PESADO | C70: PINOS 1 | D70: 56 | E70: PASE | G70: 3 | Y70: 45315 | Z70: X | AA70: 3
B71: U.P. PESADO | C71: PINOS 1 | D71: 57 | E71: AMARRE 90° | G71: 2 | I71: 6 | O71: 3 | T71: 45313 | U71: X | V71: 3 | Y71: 45315 | Z71: X | AA71: 8
B72: U.P. PESADO | C72: PINOS 1 | D72: 58 | E72: PASE | G72: 3 | S72: NIVEL 3: Aislador de espiga en fase B dañado Y vientos desprendidos | Y72: 45315 | Z72: X | AA72: 3 | AD72: X | AE72: Ejecutada
B73: U.P. PESADO | C73: PINOS 1 | D73: 59 | E73: PASE | G73: 3 | N73: 3 | Y73: 45315 | Z73: X | AA73: 6
B74: U.P. PESADO | C74: PINOS 1 | D74: 60 | E74: PASE | G74: 3 | Y74: 45315 | Z74: X | AA74: 3
B75: U.P. PESADO | C75: PINOS 1 | D75: 61 | E75: PASE | G75: 3 | N75: 3 | Y75: 45315 | Z75: X | AA75: 6
B76: U.P. PESADO | C76: PINOS 1 | D76: 62 | E76: AMARRE | G76: 1 | H76: 6 | O76: 3 | T76: 45313 | U76: X | V76: 3 | Y76: 45315 | Z76: X | AA76: 7
B77: U.P. PESADO | C77: PINOS 1 | D77: 63 | E77: PASE | G77: 6 | N77: 3 | Y77: 45315 | Z77: X | AA77: 9
B78: U.P. PESADO | C78: PINOS 1 | D78: 64 | E78: PASE | G78: 3 | Y78: 45315 | Z78: X | AA78: 3
B79: U.P. PESADO | C79: PINOS 1 | D79: 65 | E79: AMARRE 45° | G79: 2 | H79: 6 | N79: 3 | O79: 3 | T79: 45313 | U79: X | V79: 3 | Y79: 45315 | Z79: X | AA79: 11
B80: U.P. PESADO | C80: PINOS 1 | D80: 66 | E80: AMARRE CON DER 90° | G80: 3 | H80: 9 | O80: 7 | T80: 45313 | U80: X | V80: 7 | Y80: 45315 | Z80: X | AA80: 12
B81: U.P. PESADO | C81: PINOS 1 | D81: 67 | E81: AMARRE TERMINAL | H81: 3 | I81: 3 | K81: 3 | N81: 3 | T81: 45313 | U81: X | V81: 3 | Y81: 45315 | Z81: X | AA81: 9
B82: U.P. PESADO | C82: PINOS 1 | D82: 68 | E82: PASE | G82: 3 | N82: 3 | Y82: 45315 | Z82: X | AA82: 6
B83: U.P. PESADO | C83: PINOS 1 | D83: 69 | E83: PASE | G83: 3 | N83: 3 | Y83: 45315 | Z83: X | AA83: 6
B84: U.P. PESADO | C84: PINOS 1 | D84: 70 | E84: PASE | G84: 3 | K84: 3 | N84: 3 | O84: 3 | T84: 45313 | U84: X | V84: 12 | Y84: 45315 | Z84: X | AA84: 9
B85: U.P. PESADO | C85: PINOS 1 | D85: 71 | E85: TERMINAL | J85: 3 | Y85: 45315 | Z85: X | AA85: 3
B86: U.P. PESADO | C86: PINOS 1 | D86: 72 | E86: PASE | G86: 6 | Y86: 45315 | Z86: X | AA86: 6
B87: U.P. PESADO | C87: PINOS 1 | D87: 73 | E87: AMARRE | G87: 1 | I87: 6 | N87: 3 | O87: 7 | T87: 45313 | U87: X | V87: 7 | Y87: 45315 | Z87: X | AA87: 10
B88: U.P. PESADO | C88: PINOS 1 | D88: 74 | E88: PASE CON DER 45º | G88: 4 | I88: 3 | O88: 3 | T88: 45313 | U88: X | V88: 3 | Y88: 45315 | Z88: X | AA88: 7
B89: U.P. PESADO | C89: PINOS 1 | D89: 75 | E89: AMARRE | I89: 6 | P89: 3 | T89: 45313 | U89: X | V89: 9 | Y89: 45315 | Z89: X | AA89: 12
B90: U.P. PESADO | C90: PINOS 1 | D90: 76 | E90: PASE | G90: 3 | N90: 3 | S90: NIVEL 3: P Fugado | Y90: 45315 | Z90: X | AA90: 5 | AE90: Ejecutada
B91: U.P. PESADO | C91: PINOS 1 | D91: 77 | E91: AMARRE 90° | G91: 2 | I91: 6 | O91: 4 | T91: 45313 | U91: X | V91: 4 | Y91: 45315 | Z91: X | AA91: 8
B92: U.P. PESADO | C92: PINOS 1 | D92: 78 | E92: AMARRE 90° | G92: 2 | I92: 6 | N92: 3 | O92: 3 | T92: 45313 | U92: X | V92: 3 | Y92: 45315 | Z92: X | AA92: 11
B93: U.P. PESADO | C93: PINOS 1 | D93: 79 | E93: PASE CON DER 90° | G93: 3 | I93: 3 | O93: 3 | T93: 45313 | U93: X | V93: 3 | Y93: 45315 | Z93: X | AA93: 6
B94: U.P. PESADO | C94: PINOS 1 | D94: 80 | E94: Amarre Terminal | I94: 3 | K94: 3 | N94: 3 | T94: 45313 | U94: X | V94: 9 | Y94: 45315 | Z94: X | AA94: 9
B95: U.P. PESADO | C95: PINOS 1 | D95: 81 | E95: Amarre Terminal | I95: 3 | P95: 3 | T95: 45313 | U95: X | V95: 3 | Y95: 45315 | Z95: X | AA95: 6
B96: U.P. PESADO | C96: PINOS 1 | D96: 82 | E96: PASE | G96: 6 | N96: 3 | Y96: 45315 | Z96: X | AA96: 9
B97: U.P. PESADO | C97: PINOS 1 | D97: 83 | E97: PASE | G97: 3 | Y97: 45315 | Z97: X | AA97: 3
B98: U.P. PESADO | C98: PINOS 1 | D98: 84 | E98: PASE | G98: 3 | N98: 3 | Y98: 45315 | Z98: X | AA98: 6
B99: U.P. PESADO | C99: PINOS 1 | D99: 85 | E99: PASE | G99: 3 | Y99: 45315 | Z99: X | AA99: 3
B100: U.P. PESADO | C100: PINOS 1 | D100: 86 | E100: AMARRE | G100: 1 | I100: 6 | N100: 3 | O100: 3 | T100: 45313 | U100: X | V100: 3 | Y100: 45315 | Z100: X | AA100: 10
B101: U.P. PESADO | C101: PINOS 1 | D101: 87 | E101: PASE | G101: 3 | Y101: 45315 | Z101: X | AA101: 6
B102: U.P. PESADO | C102: PINOS 1 | D102: 88 | E102: PASE | G102: 3 | N102: 3 | Y102: 45315 | Z102: X | AA102: 6
B103: U.P. PESADO | C103: PINOS 1 | D103: 89 | E103: PASE | G103: 3 | Y103: 45320 | Z103: X | AA103: 3
B104: U.P. PESADO | C104: PINOS 1 | D104: 90 | E104: PASE | G104: 3 | N104: 3 | Y104: 45320 | Z104: X | AA104: 6
B105: U.P. PESADO | C105: PINOS 1 | D105: 91 | E105: AMARRE | G105: 1 | I105: 6 | O105: 3 | T105: 45313 | U105: X | V105: 3 | Y105: 45320 | Z105: X | AA105: 7
...

Sheet Pinos 2
E3: Calidad | AF3: CODIGO: FO-CA-GE-02-E
AF4: REVISION: 00
E5: Máster de Inspección | AF5: FECHA DE EMISIÓN: 28-02-2024
B8: Nombre del Proyecto: | E8: "Mantenimiento En El Sistema Eléctrico De Distribución 13.8 Kv De La División Ayacucho" | Y8: Nro. de Contrato: | AB8: 4600135303
B9: Disciplina | E9: Electricidad | Y9: Ubicación: | AB9: División Ayacucho
B10: DATOS | F10: MANTENIMIENTO PREDICTIVO EJECUTADO | AD10: MANTENIMIENTO PREVENTIVO EJECUTADO
F12: VISUAL | T12: TERMOGRAFÍA | Y12: ULTRASONIDO | AD12: INTERVENCIÓN
F13: Componentes
B14: Frente | C14: Circuito | D14: Nro. De poste | E14: Descripción | F14: Fecha V | G14: Aislador de Espiga (AE) | H14: Aislador Polimericos (APT ) 34,5 Kv | I14: Aislador de Cadena (Ac) | J14: Aislador Polimericos (APs ) 69 Kv | K14: Cortacorriente (CC) | L14: Abierto | M14: Cerrado | N14: Pararrayos (P) | O14: Grapa ( G ) | P14: Seccionador (SM) | Q14: Abierto 2 | R14: Cerrado3 | S14: Falla Detectada V | T14: Fecha T | U14: Ejecutado T | V14: Puntos de Termografía | W14: Falla Detectada T | X14: Observación T | Y14: Fecha UT | Z14: Ejecutado UT | AA14: Puntos de Ultrasonido | AB14: Falla Detectada UT | AC14: Observación UT | AD14: Fecha | AE14: Ejecutado MTTO | AF14: Observación
B15: U.P. PESADO | C15: PINOS 2 | D15: 1 | E15: Amarre Terminal | I15: 3 | N15: 3 | O15: 5 | P15: 3 | T15: 45270 | U15: X | V15: 8 | Y15: 45270 | Z15: X | AA15: 13
B16: U.P. PESADO | C16: PINOS 2 | D16: 2 | E16: Pase | G16: 3 | Y16: 45270 | Z16: X | AA16: 3
B17: U.P. PESADO | C17: PINOS 2 | D17: 3 | E17: Pase | G17: 3 | N17: 3 | Y17: 45270 | Z17: X | AA17: 6
B18: U.P. PESADO | C18: PINOS 2 | D18: 4 | E18: Amarre | G18: 3 | I18: 6 | N18: 3 | O18: 3 | T18: 45270 | U18: X | V18: 3 | Y18: 45270 | Z18: X | AA18: 12
B19: U.P. PESADO | C19: PINOS 2 | D19: 5 | E19: Amarre a 90º | G19: 3 | I19: 6 | K19: 2 | O19: 10 | T19: 45270 | U19: X | V19: 12 | Y19: 45270 | Z19: X | AA19: 11 | AB19: NIVEL 3: FASE "C" ALTOS DECIBELES | AD19: 45337 | AE19: Ejecutada
B20: U.P. PESADO | C20: PINOS 2 | D20: 6 | E20: Amarre | I20: 6 | N20: 3 | O20: 2 | P20: 3 | S20: NIVEL 3: 3 AC DAÑÁDAS FASE "A-B-C", SM FASE "C" DESCONECTADO Y FASE "A Y B" | T20: 45270 | U20: X | V20: 8 | Y20: 45270 | Z20: X | AA20: 13 | AB20: NIVEL 3: EFECTO CORONA | AD20: 45337 | AE20: Ejecutada
B21: U.P. PESADO | C21: PINOS 2 | D21: 7 | E21: Pase | G21: 3 | N21: 3 | Y21: 45270 | Z21: X | AA21: 6
B22: U.P. PESADO | C22: PINOS 2 | D22: 8 | E22: Pase | G22: 3 | Y22: 45270 | Z22: X | AA22: 3
B23: U.P. PESADO | C23: PINOS 2 | D23: 9 | E23: Pase | G23: 3 | N23: 3 | Y23: 45270 | Z23: X | AA23: 6
B24: U.P. PESADO | C24: PINOS 2 | D24: 10 | E24: Pase | G24: 3 | Y24: 45270 | Z24: X | AA24: 3
B25: U.P. PESADO | C25: PINOS 2 | D25: 11 | E25: Amarre | G25: 1 | I25: 6 | N25: 3 | O25: 3 | T25: 45270 | U25: X | V25: 3 | Y25: 45270 | Z25: X | AA25: 10
B26: U.P. PESADO | C26: PINOS 2 | D26: 12 | E26: Pase | G26: 3 | Y26: 45270 | Z26: X | AA26: 3
B27: U.P. PESADO | C27: PINOS 2 | D27: 13 | E27: Pase | G27: 3 | N27: 3 | S27: NIVEL 3: FASE "A" DAÑADA | Y27: 45270 | Z27: X | AA27: 6 | AD27: 45373 | AE27: Ejecutada
B28: U.P. PESADO | C28: PINOS 2 | D28: 14 | E28: Pase con deriv a 45º | G28: 3 | H28: 3 | O28: 20 | T28: 45270 | U28: X | V28: 20 | Y28: 45270 | Z28: X | AA28: 6
B29: U.P. PESADO | C29: PINOS 2 | D29: 15 | E29: Pase con deriv a 45º | H29: 3 | P29: 3 | T29: 45270 | U29: X | V29: 3 | Y29: 45270 | Z29: X | AA29: 6
B30: U.P. PESADO | C30: PINOS 2 | D30: 16 | E30: Amarre | G30: 3 | I30: 6 | N30: 3 | O30: 4 | T30: 45270 | U30: X | V30: 4 | Y30: 45270 | Z30: X | AA30: 12
B31: U.P. PESADO | C31: PINOS 2 | D31: 17 | E31: Pase | G31: 3 | O31: 3 | P31: 3 | T31: 45270 | U31: X | V31: 6 | W31: NIVEL 2: DELTA FASE "B" LADO DE SM | Y31: 45270 | Z31: X | AA31: 6
B32: U.P. PESADO | C32: PINOS 2 | D32: 18 | E32: Amarre | G32: 3 | I32: 6 | N32: 3 | O32: 3 | U32: X | V32: 3 | Y32: 45270 | Z32: X | AA32: 12
B33: U.P. PESADO | C33: PINOS 2 | D33: 19 | E33: Pase | G33: 3 | Y33: 45270 | Z33: X | AA33: 3
B34: U.P. PESADO | C34: PINOS 2 | D34: 20 | E34: Amarre a 90º | G34: 2 | I34: 6 | N34: 3 | O34: 3 | T34: 45270 | U34: X | V34: 3 | Y34: 45270 | Z34: X | AA34: 11
B35: U.P. PESADO | C35: PINOS 2 | D35: 21 | E35: Pase | G35: 3 | Y35: 45270 | Z35: X | AA35: 3
B36: U.P. PESADO | C36: PINOS 2 | D36: 22 | E36: Pase | G36: 3 | N36: 3 | Y36: 45270 | Z36: X | AA36: 6
B37: U.P. PESADO | C37: PINOS 2 | D37: 23 | E37: Pase | G37: 3 | Y37: 45270 | Z37: X | AA37: 3 | AB37: NIVEL 3: FASE "C" CON ALTOS DECIBELES | AD37: 45337 | AE37: Ejecutada
B38: U.P. PESADO | C38: PINOS 2 | D38: 24 | E38: Amarre a 45º | G38: 2 | I38: 6 | N38: 3 | O38: 3 | T38: 45270 | U38: X | V38: 3 | Y38: 45270 | Z38: X | AA38: 11
B39: U.P. PESADO | C39: PINOS 2 | D39: 25 | E39: Pase | G39: 3 | Y39: 45270 | Z39: X | AA39: 3
B40: U.P. PESADO | C40: PINOS 2 | D40: 26 | E40: Amarre a 90º | G40: 2 | I40: 6 | N40: 3 | O40: 3 | T40: 45270 | U40: X | V40: 3 | Y40: 45270 | Z40: X | AA40: 11
B41: U.P. PESADO | C41: PINOS 2 | D41: 27 | E41: Pase con deriv a 45º | G41: 5 | H41: 3 | O41: 3 | P41: 3 | T41: 45270 | U41: X | V41: 6 | Y41: 45270 | Z41: X | AA41: 8
B42: U.P. PESADO | C42: PINOS 2 | D42: 28 | E42: Pase | G42: 3 | N42: 3 | Y42: 45270 | Z42: X | AA42: 6
B43: U.P. PESADO | C43: PINOS 2 | D43: 29 | E43: Pase | G43: 3 | Y43: 45270 | Z43: X | AA43: 3
B44: U.P. PESADO | C44: PINOS 2 | D44: 30 | E44: Amarre a 90º | I44: 6 | N44: 3 | O44: 2 | P44: 3 | T44: 45270 | U44: X | V44: 11 | Y44: 45270 | Z44: X | AA44: 15
B45: U.P. PESADO | C45: PINOS 2 | D45: 31 | E45: Pase | G45: 3 | Y45: 45270 | Z45: X | AA45: 3
B46: U.P. PESADO | C46: PINOS 2 | D46: 32 | E46: Pase | G46: 3 | N46: 3 | Y46: 45270 | Z46: X | AA46: 6 | AB46: NIVEL 3: P CON ALTOS DECIBELES | AD46: 45344 | AE46: Ejecutada
B47: U.P. PESADO | C47: PINOS 2 | D47: 33 | E47: Pase | G47: 3 | Y47: 45270 | Z47: X | AA47: 3 | AB47: NIVEL 3: FASE "A" EN AE CON ALTOS DECIBELES | AD47: 45344 | AE47: Ejecutada
B48: U.P. PESADO | C48: PINOS 2 | D48: 34 | E48: Amarre a 90º | G48: 2 | I48: 6 | N48: 3 | O48: 3 | T48: 45270 | U48: X | V48: 3 | Y48: 45270 | Z48: X | AA48: 8
B49: U.P. PESADO | C49: PINOS 2 | D49: 35 | E49: Pase | G49: 3 | S49: NIVEL 3: FASE "C" CON FUGA | Y49: 45270 | Z49: X | AA49: 3 | AD49: 45337 | AE49: Ejecutada
B50: U.P. PESADO | C50: PINOS 2 | D50: 36 | E50: Amarre a 90º | G50: 2 | I50: 6 | N50: 3 | O50: 3 | T50: 45270 | U50: X | V50: 3 | Y50: 45270 | Z50: X | AA50: 11
B51: U.P. PESADO | C51: PINOS 2 | D51: 37 | E51: Amarre | G51: 3 | I51: 6 | N51: 3 | O51: 3 | T51: 45270 | U51: X | V51: 3 | Y51: 45270 | Z51: X | AA51: 12
B52: U.P. PESADO | C52: PINOS 2 | D52: 38 | E52: Amarre | G52: 3 | I52: 6 | O52: 3 | T52: 45270 | U52: X | V52: 3 | Y52: 45270 | Z52: X | AA52: 9
B53: U.P. PESADO | C53: PINOS 2 | D53: 39 | E53: Amarre a 45º | G53: 1 | I53: 6 | O53: 3 | T53: 45270 | U53: X | V53: 3 | W53: NIVEL 2: DELTA EN GRAPA | Y53: 45270 | Z53: X | AA53: 7
B54: U.P. PESADO | C54: PINOS 2 | D54: 40 | E54: Amarre a 45º | G54: 1 | I54: 6 | N54: 3 | O54: 3 | T54: 45270 | U54: X | V54: 3 | Y54: 45270 | Z54: X | AA54: 10 | AB54: NIVEL 3: EFECTO CORONA EN AE
B55: U.P. PESADO | C55: PINOS 2 | D55: 41 | E55: Pase | G55: 3 | Y55: 45270 | Z55: X | AA55: 3 | AB55: NIVEL 3: FASE "C" CON ALTOS DECIBELES | AD55: 45344 | AE55: Ejecutada
B56: U.P. PESADO | C56: PINOS 2 | D56: 42 | E56: Pase | G56: 3 | N56: 3 | Y56: 45271 | Z56: X | AA56: 6
B57: U.P. PESADO | C57: PINOS 2 | D57: 43 | E57: Pase | G57: 6 | Y57: 45271 | Z57: X | AA57: 6
B58: U.P. PESADO | C58: PINOS 2 | D58: 44 | E58: Amarre | G58: 1 | I58: 6 | N58: 3 | O58: 3 | T58: 45270 | U58: X | V58: 3 | W58: NIVEL 2: DELTA GRAPA FASE "A" | Y58: 45271 | Z58: X | AA58: 10 | AE58: Ejecutada
B59: U.P. PESADO | C59: PINOS 2 | D59: 45 | E59: Pase | G59: 3 | Y59: 45271 | Z59: X | AA59: 3
B60: U.P. PESADO | C60: PINOS 2 | D60: 46 | E60: Pase | G60: 3 | N60: 3 | Y60: 45271 | Z60: X | AA60: 6 | AB60: NIVEL 3: EFECTO CORONA
B61: U.P. PESADO | C61: PINOS 2 | D61: 47 | E61: Pase | G61: 3 | AA61: 3
B62: U.P. PESADO | C62: PINOS 2 | D62: 48 | E62: Pase | G62: 3 | N62: 3 | Y62: 45271 | Z62: X | AA62: 6
B63: U.P. PESADO | C63: PINOS 2 | D63: 49 | E63: Amarre | G63: 1 | I63: 6 | O63: 3 | T63: 45270 | U63: X | V63: 3 | W63: NIVEL 2: DELTA EN GRAPA FASE "A" | Y63: 45271 | Z63: X | AA63: 7 | AE63: Ejecutada
B64: U.P. PESADO | C64: PINOS 2 | D64: 50 | E64: Amarre con deriv a 90º | G64: 3 | H64: 3 | I64: 6 | O64: 10 | T64: 45270 | U64: X | V64: 10 | W64: NIVEL 2: DELTA EN GRAPA FASE "A" | Y64: 45271 | Z64: X | AA64: 12 | AE64: Ejecutada
B65: U.P. PESADO | C65: PINOS 2 | D65: 51 | E65: Pase | G65: 3 | N65: 3 | Y65: 45271 | Z65: X | AA65: 6 | AB65: NIVEL 3: FASE "B-C" CON ALTOS DECIBELES | AD65: 45356 | AE65: Ejecutada
B66: U.P. PESADO | C66: PINOS 2 | D66: 52 | E66: Pase | G66: 3 | Y66: 45271 | Z66: X | AA66: 3
B67: U.P. PESADO | C67: PINOS 2 | D67: 53 | E67: Amarre | G67: 1 | I67: 6 | N67: 3 | O67: 3 | T67: 45270 | U67: X | V67: 3 | Y67: 45271 | Z67: X | AA67: 10
B68: U.P. PESADO | C68: PINOS 2 | D68: 54 | E68: Amarre Terminal | I68: 3 | K68: 3 | N68: 3 | O68: 9 | S68: NIVEL 3: CC EN FASES B-C DAÑADA | T68: 45270 | U68: X | V68: 9 | W68: NIVEL 2: DELTA EN GRAPA EN FASE "B" ( PUENTE) | Y68: 45271 | Z68: X | AA68: 9 | AB68: NIVEL 3: CC FASE "B-C" CON ALTOS DECIBELES | AD68: 45355 | AE68: Ejecutada
B69: U.P. PESADO | C69: PINOS 2 | D69: 55 | E69: Amarre Terminal | I69: 3 | Y69: 45271 | Z69: X | AA69: 3
B70: U.P. PESADO | C70: PINOS 2 | D70: 56 | E70: Pase con deriv a 90º | G70: 4 | I70: 3 | O70: 3 | T70: 45270 | U70: X | V70: 3 | Y70: 45271 | Z70: X | AA70: 7
B71: U.P. PESADO | C71: PINOS 2 | D71: 57 | E71: Amarre Terminal | I71: 3 | K71: 3 | N71: 3 | T71: 45270 | U71: X | V71: 3 | Y71: 45271 | Z71: X | AA71: 9
B72: U.P. PESADO | C72: PINOS 2 | D72: 58 | E72: Amarre a 90º | G72: 2 | I72: 6 | T72: 45270 | U72: X | V72: 3 | Y72: 45271 | Z72: X | AA72: 8
B73: U.P. PESADO | C73: PINOS 2 | D73: 59 | E73: Amarre Terminal | I73: 3 | K73: 3 | N73: 3 | T73: 45270 | U73: X | V73: 3 | Y73: 45271 | Z73: X | AA73: 9 | AB73: NIVEL 3: FASE "C" CON ALTOS DECIBELES | AD73: 45355 | AE73: Ejecutada
B74: U.P. PESADO | C74: PINOS 2 | D74: 60 | E74: Pase | G74: 3 | N74: 3 | Y74: 45271 | Z74: X | AA74: 9
B75: U.P. PESADO | C75: PINOS 2 | D75: 61 | E75: Pase | G75: 3 | Y75: 45271 | Z75: X | AA75: 3
B76: U.P. PESADO | C76: PINOS 2 | D76: 62 | E76: Pase | G76: 3 | N76: 3 | Y76: 45271 | Z76: X | AA76: 6
B77: U.P. PESADO | C77: PINOS 2 | D77: 63 | E77: Amarre | G77: 1 | I77: 6 | O77: 3 | T77: 45270 | U77: X | V77: 3 | W77: NIVEL 2: DELTA FASE "B"GRAPA DEL PUENTE | Y77: 45271 | Z77: X | AA77: 7 | AE77: Ejecutada
B78: U.P. PESADO | C78: PINOS 2 | D78: 64 | E78: Pase | G78: 3 | N78: 3 | Y78: 45271 | Z78: X | AA78: 6
B79: U.P. PESADO | C79: PINOS 2 | D79: 65 | E79: Pase | G79: 3 | Y79: 45271 | Z79: X | AA79: 3
B80: U.P. PESADO | C80: PINOS 2 | D80: 66 | E80: Amarre | I80: 6 | N80: 3 | P80: 3 | T80: 45270 | U80: X | V80: 9 | Y80: 45271 | Z80: X | AA80: 15
B81: U.P. PESADO | C81: PINOS 2 | D81: 67 | E81: Pase | G81: 3 | Y81: 45271 | Z81: X | AA81: 3
B82: U.P. PESADO | C82: PINOS 2 | D82: 68 | E82: Amarre con deriv a 90º | G82: 3 | I82: 9 | O82: 5 | P82: 3 | T82: 45270 | U82: X | V82: 14 | W82: NIVEL 2: DELTA EN FASE " B" EN SM | Y82: 45271 | Z82: X | AA82: 18 | AE82: Ejecutada
B83: U.P. PESADO | C83: PINOS 2 | D83: 69 | E83: Pase | G83: 6 | N83: 3 | Y83: 45271 | Z83: X | AA83: 9 | AB83: NIVEL 3: FASE "B-C" CON ALTOS DECIBELES | AD83: 45357 | AE83: Ejecutada
B84: U.P. PESADO | C84: PINOS 2 | D84: 70 | E84: Pase | G84: 3 | Y84: 45271 | Z84: X | AA84: 3
B85: U.P. PESADO | C85: PINOS 2 | D85: 71 | E85: Pase | G85: 3 | N85: 3 | Y85: 45271 | Z85: X | AA85: 6
B86: U.P. PESADO | C86: PINOS 2 | D86: 72 | E86: Pase | G86: 3 | Y86: 45271 | Z86: X | AA86: 3
B87: U.P. PESADO | C87: PINOS 2 | D87: 73 | E87: Amarre a 90º | G87: 2 | I87: 6 | N87: 3 | O87: 3 | T87: 45270 | U87: X | V87: 3 | Y87: 45271 | Z87: X | AA87: 11
B88: U.P. PESADO | C88: PINOS 2 | D88: 74 | E88: Pase con deriv a 90º | G88: 4 | I88: 3 | O88: 3 | T88: 45270 | U88: X | V88: 3 | Y88: 45271 | Z88: X | AA88: 7
B89: U.P. PESADO | C89: PINOS 2 | D89: 75 | E89: Amarre a 90º | G89: 2 | I89: 6 | K89: 3 | N89: 3 | O89: 4 | T89: 45270 | U89: X | V89: 7 | Y89: 45271 | Z89: X | AA89: 14
B90: U.P. PESADO | C90: PINOS 2 | D90: 76 | E90: Amarre Terminal | I90: 3 | K90: 3 | N90: 3 | T90: 45270 | U90: X | V90: 3 | Y90: 45271 | Z90: X | AA90: 9
B91: U.P. PESADO | C91: PINOS 2 | D91: 77 | E91: Amarre Terminal | I91: 3 | K91: 3 | T91: 45270 | U91: X | V91: 3 | Y91: 45271 | Z91: X | AA91: 6
B92: U.P. PESADO | C92: PINOS 2 | D92: 78 | E92: Amarre | G92: 1 | I92: 6 | N92: 3 | O92: 3 | T92: 45270 | U92: X | V92: 3 | Y92: 45271 | Z92: X | AA92: 10
B93: U.P. PESADO | C93: PINOS 2 | D93: 79 | E93: Pase | G93: 3 | Y93: 45271 | Z93: X | AA93: 3
B94: U.P. PESADO | C94: PINOS 2 | D94: 80 | E94: Pase | G94: 3 | N94: 3 | Y94: 45271 | Z94: X | AA94: 6
B95: U.P. PESADO | C95: PINOS 2 | D95: 81 | E95: Amarre | G95: 1 | I95: 6 | O95: 3 | T95: 45270 | U95: X | V95: 3 | W95: NIVEL 2: DELTA EN GRAPA EN FASE "B" (PUENTE ) | Y95: 45271 | Z95: X | AA95: 7 | AE95: Ejecutada
B96: U.P. PESADO | C96: PINOS 2 | D96: 82 | E96: Pase | G96: 3 | N96: 3 | Y96: 45271 | Z96: X | AA96: 6
B97: U.P. PESADO | C97: PINOS 2 | D97: 83 | E97: Pase | G97: 3 | Y97: 45271 | Z97: X | AA97: 3
B98: U.P. PESADO | C98: PINOS 2 | D98: 84 | E98: Pase | G98: 3 | N98: 3 | Y98: 45271 | Z98: X | AA98: 6
B99: U.P. PESADO | C99: PINOS 2 | D99: 85 | E99: Pase | G99: 3 | Y99: 45272 | Z99: X | AA99: 3
B100: U.P. PESADO | C100: PINOS 2 | D100: 86 | E100: Amarre | G100: 1 | I100: 6 | N100: 3 | O100: 3 | T100: 45270 | U100: X | V100: 3 | Y100: 45272 | Z100: X | AA100: 10
B101: U.P. PESADO | C101: PINOS 2 | D101: 87 | E101: Pase | G101: 3 | Y101: 45272 | Z101: X | AA101: 3
B102: U.P. PESADO | C102: PINOS 2 | D102: 88 | E102: Pase | G102: 3 | N102: 3 | Y102: 45272 | Z102: X | AA102: 6
B103: U.P. PESADO | C103: PINOS 2 | D103: 89 | E103: Pase | G103: 3 | Y103: 45272 | Z103: X | AA103: 3
B104: U.P. PESADO | C104: PINOS 2 | D104: 90 | E104: Pase | G104: 3 | N104: 3 | Y104: 45272 | Z104: X | AA104: 6
B105: U.P. PESADO | C105: PINOS 2 | D105: 91 | E105: Amarre | I105: 6 | P105: 3 | T105: 45270 | U105: X | V105: 9 | W105: NIVEL 2: DELTA FASE "B" LADO SM | Y105: 45272 | Z105: X | AA105: 12
...

Sheet Pinos 3
E3: Calidad | AF3: CODIGO: FO-CA-GE-02-E
AF4: REVISION: 00
E5: Máster de Inspección | AF5: FECHA DE EMISIÓN: 28-02-2024
B8: Nombre del Proyecto: | E8: "Mantenimiento En El Sistema Eléctrico De Distribución 13.8 Kv De La División Ayacucho" | Y8: Nro. de Contrato: | AB8: 4600135303
B9: Disciplina | E9: Electricidad | Y9: Ubicación: | AB9: División Ayacucho
B10: DATOS | F10: MANTENIMIENTO PREDICTIVO EJECUTADO | AD10: MANTENIMIENTO PREVENTIVO EJECUTADO
F12: VISUAL | T12: TERMOGRAFÍA | Y12: ULTRASONIDO | AD12: INTERVENCIÓN
F13: Componentes
B14: Frente | C14: Circuito | D14: Nro. De poste | E14: Descripción | F14: Fecha V | G14: Aislador de Espiga (AE) | H14: Aislador Polimericos (APT ) 34,5 Kv | I14: Aislador de Cadena (Ac) | J14: Aislador Polimericos (APs ) 69 Kv | K14: Cortacorriente (CC) | L14: Abierto | M14: Cerrado | N14: Pararrayos (P) | O14: Grapa ( G ) | P14: Seccionador (SM) | Q14: Abierto 2 | R14: Cerrado3 | S14: Falla Detectada V | T14: Fecha T | U14: Ejecutado T | V14: Puntos de Termografía | W14: Falla Detectada T | X14: Observación T | Y14: Fecha UT | Z14: Ejecutado UT | AA14: Puntos de Ultrasonido | AB14: Falla Detectada UT | AC14: Observación UT | AD14: Fecha | AE14: Ejecutado MTTO | AF14: Observación
B15: U.P. PESADO | C15: PINOS 3 | D15: 1 | E15: Amarre Terminal | J15: 3 | O15: 3 | P15: 3 | T15: 45268 | U15: X | V15: 12 | W15: DELTA FASE "A-B-C" | Y15: 45268 | Z15: X | AA15: 9 | AB15: FASE A EFECTO CORONA | AD15: 45376 | AE15: Ejecutada
B16: U.P. PESADO | C16: PINOS 3 | D16: 2 | E16: Pase | G16: 3 | Y16: 45268 | Z16: X | AA16: 3
B17: U.P. PESADO | C17: PINOS 3 | D17: 3 | E17: Pase con deriv a 90º (Interconexion de Pinos 3 con Merey 29 | G17: 5 | O17: 4 | P17: 3 | S17: SM Fase A dañado | T17: 45268 | U17: X | V17: 7 | Y17: 45268 | Z17: X | AA17: 10 | AE17: Ejecutada | AF17: Esta OK, Fue inspeccionada
B18: U.P. PESADO | C18: PINOS 3 | D18: 4 | E18: Amarre a 90º | H18: 3 | I18: 3 | O18: 7 | P18: 3 | T18: 45268 | U18: X | V18: 16 | W18: DELTA EN SM, FASE A Y B | Y18: 45268 | Z18: X | AA18: 12 | AB18: ALTO DECIBELES EN FASE A Y B | AD18: 45275 | AE18: Ejecutada
B19: U.P. PESADO | C19: PINOS 3 | D19: 5 | E19: Amarre | G19: 1 | I19: 6 | O19: 6 | T19: 45268 | U19: X | V19: 6 | Y19: 45268 | Z19: X | AA19: 7
B20: U.P. PESADO | C20: PINOS 3 | D20: 6 | E20: Pase | G20: 3 | Y20: 45268 | Z20: X | AA20: 3 | AB20: PRESENTE ALTO NIVELES DE DECIBELES | AD20: 45300 | AE20: Ejecutada
B21: U.P. PESADO | C21: PINOS 3 | D21: 7 | E21: Pase | G21: 3 | Y21: 45268 | Z21: X | AA21: 3 | AB21: PRESENTE ALTO NIVELES DE DECIBELES, Y FISURA | AD21: 44935 | AE21: Ejecutada
B22: U.P. PESADO | C22: PINOS 3 | D22: 8 | E22: Pase | G22: 3 | Y22: 45268 | Z22: X | AA22: 3
B23: U.P. PESADO | C23: PINOS 3 | D23: 9 | E23: Pase | G23: 3 | S23: Espiga Fase A presenta fogonazo | Y23: 45268 | Z23: X | AA23: 3
B24: U.P. PESADO | C24: PINOS 3 | D24: 10 | E24: Pase | G24: 3 | Y24: 45268 | Z24: X | AA24: 3
B25: U.P. PESADO | C25: PINOS 3 | D25: 11 | E25: Pase | G25: 3 | Y25: 45268 | Z25: X | AA25: 3
B26: U.P. PESADO | C26: PINOS 3 | D26: 12 | E26: Pase con deriv a 45º | G26: 3 | H26: 3 | O26: 3 | P26: 3 | U26: X | V26: 6 | Y26: 45268 | Z26: X | AA26: 12 | AB26: ALTO DECIBELES EN FASE A Y B | AD26: 45302 | AE26: Ejecutada
B27: U.P. PESADO | C27: PINOS 3 | D27: 13 | E27: Pase con deriv a 90º | G27: 4 | I27: 3 | O27: 6 | P27: 3 | T27: 45268 | U27: X | V27: 15 | Y27: 45268 | Z27: X | AA27: 13 | AB27: ALTO DECIBELES EN FASE B | AD27: 45302 | AE27: Ejecutada
B28: U.P. PESADO | C28: PINOS 3 | D28: 14 | E28: Amarre | I28: 6 | O28: 6 | P28: 3 | T28: 45268 | U28: X | V28: 15 | W28: DELTA FASE "B" EN GRAPA | Y28: 45268 | Z28: X | AA28: 12 | AB28: ALTO DECIBELES EN FASE B Y C
B29: U.P. PESADO | C29: PINOS 3 | D29: 15 | E29: Amarre Con deriv a 90º | G29: 2 | H29: 3 | I29: 6 | K29: 3 | N29: 3 | O29: 6 | T29: 45268 | U29: X | V29: 9 | Y29: 45268 | Z29: X | AA29: 17 | AB29: PARARRAYOS Y CC CON ALTO DECIBELES
B30: U.P. PESADO | C30: PINOS 3 | D30: 16 | E30: Amarre | G30: 2 | I30: 6 | O30: 5 | P30: 2 | T30: 45268 | U30: X | V30: 11 | W30: DELTA EN SM | Y30: 45268 | Z30: X | AA30: 12 | AB30: FASE B Y C ALTOS DECIBELES | AD30: 45370 | AE30: Ejecutada
B31: U.P. PESADO | C31: PINOS 3 | D31: 17 | E31: Amarre con deriv a 45° | H31: 3 | I31: 6 | O31: 8 | T31: 45268 | U31: X | V31: 8 | Y31: 45268 | Z31: X | AA31: 9
B32: U.P. PESADO | C32: PINOS 3 | D32: 18 | E32: Pase | G32: 3 | K32: 3 | N32: 3 | O32: 3 | T32: 45268 | U32: X | V32: 12 | Y32: 45268 | Z32: X | AA32: 9 | AB32: Alto decibel en Pararrayos y Cortacorriente | AD32: 45303 | AE32: Ejecutada
B33: U.P. PESADO | C33: PINOS 3 | D33: 19 | E33: Amarre Terminal | I33: 3 | K33: 3 | N33: 3 | S33: CC fase A dañado | U33: X | V33: 3 | Y33: 45268 | Z33: X | AA33: 9 | AB33: Alto decibel en Pararrayos | AD33: 45303 | AE33: Ejecutada
B34: U.P. PESADO | C34: PINOS 3 | D34: 20 | E34: Amarre a 90º | G34: 2 | I34: 6 | N34: 3 | O34: 3 | T34: 45268 | U34: X | V34: 3 | W34: DELTA FASE "B" | Y34: 45268 | Z34: X | AA34: 11
B35: U.P. PESADO | C35: PINOS 3 | D35: 21 | E35: Amarre | I35: 3 | P35: 3 | Y35: 45268 | Z35: X | AA35: 6
B36: U.P. PESADO | C36: PINOS 3 | D36: 22 | E36: Amarre a 90º | G36: 2 | I36: 6 | O36: 3 | S36: Aisladores dañados | T36: 45268 | U36: X | V36: 3 | Y36: 45268 | Z36: X | AA36: 8 | AB36: Espigas Fase A con alto decibel | AD36: 45269 | AE36: Ejecutada
B37: U.P. PESADO | C37: PINOS 3 | D37: 23 | E37: Pase | G37: 3 | Y37: 45268 | Z37: X | AA37: 3
B38: U.P. PESADO | C38: PINOS 3 | D38: 24 | E38: Amarre 45º | G38: 4 | I38: 3 | K38: 3 | N38: 3 | P38: 3 | Y38: 45268 | Z38: X | AA38: 16 | AB38: Seccionador Fase B y C con alto decibel | AD38: 45371 | AE38: Ejecutada
B39: U.P. PESADO | C39: PINOS 3 | D39: 25 | E39: Pase con deriv a 90º | G39: 3 | H39: 3 | O39: 3 | T39: 45268 | U39: X | V39: 3 | Y39: 45268 | Z39: X | AA39: 6
B40: U.P. PESADO | C40: PINOS 3 | D40: 26 | E40: Amarre | H40: 3 | I40: 3 | P40: 3 | T40: 45268 | U40: X | V40: 9 | Y40: 45268 | Z40: X | AA40: 12
B41: U.P. PESADO | C41: PINOS 3 | D41: 27 | E41: Amarre a 90º | G41: 2 | I41: 6 | O41: 6 | T41: 45268 | U41: X | V41: 6 | W41: DELTA FASE "A" | Y41: 45268 | Z41: X | AA41: 8
B42: U.P. PESADO | C42: PINOS 3 | D42: 28 | E42: Terminal | H42: 3 | Y42: 45268 | Z42: X | AA42: 3
B43: U.P. PESADO | C43: PINOS 3 | D43: 29 | E43: Suspension | I43: 3 | Y43: 45268 | Z43: X | AA43: 3
B44: U.P. PESADO | C44: PINOS 3 | D44: 30 | E44: Suspension | I44: 3 | Y44: 45268 | Z44: X | AA44: 3
B45: U.P. PESADO | C45: PINOS 3 | D45: 31 | E45: Suspension | I45: 3 | Y45: 45268 | Z45: X | AA45: 3
B46: U.P. PESADO | C46: PINOS 3 | D46: 32 | E46: Suspension | I46: 3 | Y46: 45268 | Z46: X | AA46: 3
B47: U.P. PESADO | C47: PINOS 3 | D47: 33 | E47: Amarre a 45º | G47: 2 | I47: 6 | O47: 6 | T47: 45268 | U47: X | V47: 6 | Y47: 45268 | Z47: X | AA47: 8
B48: U.P. PESADO | C48: PINOS 3 | D48: 34 | E48: Amarre a 45º | G48: 1 | I48: 6 | O48: 6 | T48: 45268 | U48: X | V48: 6 | Y48: 45268 | Z48: X | AA48: 7
B49: U.P. PESADO | C49: PINOS 3 | D49: 35 | E49: Amarre | I49: 6 | O49: 6 | T49: 45268 | U49: X | V49: 6 | Y49: 45268 | Z49: X | AA49: 6
B50: U.P. PESADO | C50: PINOS 3 | D50: 36 | E50: Suspension | I50: 3 | Y50: 45268 | Z50: X | AA50: 3
B51: U.P. PESADO | C51: PINOS 3 | D51: 37 | E51: Suspension | I51: 3 | Y51: 45268 | Z51: X | AA51: 3
B52: U.P. PESADO | C52: PINOS 3 | D52: 38 | E52: Suspension | I52: 3 | Y52: 45268 | Z52: X | AA52: 3
B53: U.P. PESADO | C53: PINOS 3 | D53: 39 | E53: Amarre | G53: 1 | I53: 6 | O53: 6 | T53: 45268 | U53: X | V53: 6 | Y53: 45268 | Z53: X | AA53: 7
B54: U.P. PESADO | C54: PINOS 3 | D54: 40 | E54: Suspension | I54: 3 | Y54: 45268 | Z54: X | AA54: 3
B55: U.P. PESADO | C55: PINOS 3 | D55: 41 | E55: Suspension | I55: 3 | Y55: 45268 | Z55: X | AA55: 3
B56: U.P. PESADO | C56: PINOS 3 | D56: 42 | E56: Suspension | I56: 3 | Y56: 45269 | Z56: X | AA56: 3
B57: U.P. PESADO | C57: PINOS 3 | D57: 43 | E57: Amarre | G57: 3 | I57: 6 | O57: 9 | T57: 45268 | U57: X | V57: 9 | Y57: 45269 | Z57: X | AA57: 9 | AB57: PRESENTA ALTOS NIVELES DE DECIBELES | AD57: 45300 | AE57: Ejecutada
B58: U.P. PESADO | C58: PINOS 3 | D58: 44 | E58: Amarre | G58: 3 | I58: 6 | O58: 9 | S58: Espiga dañada | T58: 45268 | U58: X | V58: 9 | Y58: 45269 | Z58: X | AA58: 9 | AD58: 45269 | AE58: Ejecutada
B59: U.P. PESADO | C59: PINOS 3 | D59: 45 | E59: Suspension | I59: 3 | Y59: 45269 | Z59: X | AA59: 3
B60: U.P. PESADO | C60: PINOS 3 | D60: 46 | E60: Suspension | I60: 3 | Y60: 45269 | Z60: X | AA60: 3
B61: U.P. PESADO | C61: PINOS 3 | D61: 47 | E61: Suspension | I61: 3 | Y61: 45269 | Z61: X | AA61: 3
B62: U.P. PESADO | C62: PINOS 3 | D62: 48 | E62: Suspension | I62: 3 | Y62: 45269 | Z62: X | AA62: 3
B63: U.P. PESADO | C63: PINOS 3 | D63: 49 | E63: Suspension | I63: 3 | Y63: 45269 | Z63: X | AA63: 3
B64: U.P. PESADO | C64: PINOS 3 | D64: 50 | E64: Suspension | I64: 3 | Y64: 45269 | Z64: X | AA64: 3
B65: U.P. PESADO | C65: PINOS 3 | D65: 51 | E65: Amarre | G65: 1 | I65: 6 | O65: 9 | T65: 45268 | U65: X | V65: 9 | Y65: 45269 | Z65: X | AA65: 7
B66: U.P. PESADO | C66: PINOS 3 | D66: 52 | E66: Suspension | I66: 3 | S66: Poste doblado | Y66: 45269 | Z66: X | AA66: 3
B67: U.P. PESADO | C67: PINOS 3 | D67: 53 | E67: Suspension | I67: 3 | Y67: 45269 | Z67: X | AA67: 3
B68: U.P. PESADO | C68: PINOS 3 | D68: 54 | E68: Suspension | I68: 3 | Y68: 45269 | Z68: X | AA68: 3
B69: U.P. PESADO | C69: PINOS 3 | D69: 55 | E69: Suspension | I69: 3 | Y69: 45269 | Z69: X | AA69: 3
B70: U.P. PESADO | C70: PINOS 3 | D70: 56 | E70: Suspension | I70: 3 | Y70: 45269 | Z70: X | AA70: 3
B71: U.P. PESADO | C71: PINOS 3 | D71: 57 | E71: Amarre | G71: 1 | I71: 6 | O71: 9 | T71: 45268 | U71: X | V71: 9 | Y71: 45269 | Z71: X | AA71: 7 | AB71: PRESENTA ALTOS NIVELES DE DECIBELES | AD71: 45300 | AE71: Ejecutada
B72: U.P. PESADO | C72: PINOS 3 | D72: 58 | E72: Amarre | G72: 1 | I72: 6 | O72: 9 | T72: 45268 | U72: X | V72: 9 | W72: DELTA T | Y72: 45269 | Z72: X | AA72: 7 | AD72: 45271 | AE72: Ejecutada
B73: U.P. PESADO | C73: PINOS 3 | D73: 59 | E73: Suspension | I73: 3 | Y73: 45269 | Z73: X | AA73: 3
B74: U.P. PESADO | C74: PINOS 3 | D74: 60 | E74: Suspension | I74: 3 | Y74: 45269 | Z74: X | AA74: 3
B75: U.P. PESADO | C75: PINOS 3 | D75: 61 | E75: Suspension | I75: 3 | Y75: 45269 | Z75: X | AA75: 3
B76: U.P. PESADO | C76: PINOS 3 | D76: 62 | E76: Suspension | I76: 3 | Y76: 45269 | Z76: X | AA76: 3
B77: U.P. PESADO | C77: PINOS 3 | D77: 63 | E77: Suspension | I77: 3 | Y77: 45269 | Z77: X | AA77: 3
B78: U.P. PESADO | C78: PINOS 3 | D78: 64 | E78: Suspension | I78: 3 | Y78: 45269 | Z78: X | AA78: 3
B79: U.P. PESADO | C79: PINOS 3 | D79: 65 | E79: Amarre | G79: 1 | I79: 6 | O79: 9 | T79: 45268 | U79: X | V79: 9 | Y79: 45269 | Z79: X | AA79: 7
B80: U.P. PESADO | C80: PINOS 3 | D80: 66 | E80: Suspension | I80: 3 | Y80: 45269 | Z80: X | AA80: 3
B81: U.P. PESADO | C81: PINOS 3 | D81: 67 | E81: Suspension | I81: 3 | Y81: 45269 | Z81: X | AA81: 3
B82: U.P. PESADO | C82: PINOS 3 | D82: 68 | E82: Amarre | G82: 1 | I82: 6 | O82: 9 | T82: 45268 | U82: X | V82: 9 | Y82: 45269 | Z82: X | AA82: 7
B83: U.P. PESADO | C83: PINOS 3 | D83: 69 | E83: Suspension | I83: 3 | Y83: 45269 | Z83: X | AA83: 3
B84: U.P. PESADO | C84: PINOS 3 | D84: 70 | E84: Suspension | I84: 3 | Y84: 45269 | Z84: X | AA84: 3
B85: U.P. PESADO | C85: PINOS 3 | D85: 71 | E85: Suspension | I85: 3 | Y85: 45269 | Z85: X | AA85: 3
B86: U.P. PESADO | C86: PINOS 3 | D86: 72 | E86: Suspension | I86: 3 | Y86: 45269 | Z86: X | AA86: 3
B87: U.P. PESADO | C87: PINOS 3 | D87: 73 | E87: Suspension | I87: 3 | Y87: 45269 | Z87: X | AA87: 3
B88: U.P. PESADO | C88: PINOS 3 | D88: 74 | E88: Suspension | I88: 3 | Y88: 45269 | Z88: X | AA88: 3
B89: U.P. PESADO | C89: PINOS 3 | D89: 75 | E89: Amarre | G89: 1 | I89: 6 | O89: 9 | T89: 45268 | U89: X | V89: 9 | Y89: 45269 | Z89: X | AA89: 7
B90: U.P. PESADO | C90: PINOS 3 | D90: 76 | E90: Suspension | I90: 3 | Y90: 45269 | Z90: X | AA90: 3
B91: U.P. PESADO | C91: PINOS 3 | D91: 77 | E91: Suspension | I91: 3 | Y91: 45269 | Z91: X | AA91: 3
B92: U.P. PESADO | C92: PINOS 3 | D92: 78 | E92: Suspension | I92: 3 | Y92: 45269 | Z92: X | AA92: 3
B93: U.P. PESADO | C93: PINOS 3 | D93: 79 | E93: Amarre | G93: 1 | I93: 6 | O93: 9 | T93: 45268 | U93: X | V93: 9 | Y93: 45269 | Z93: X | AA93: 7
B94: U.P. PESADO | C94: PINOS 3 | D94: 80 | E94: Amarre con deriv a 45º | G94: 2 | H94: 3 | I94: 6 | O94: 12 | T94: 45268 | U94: X | V94: 12 | Y94: 45269 | Z94: X | AA94: 11
B95: U.P. PESADO | C95: PINOS 3 | D95: 81 | E95: Amarre a 45º | G95: 1 | H95: 3 | I95: 3 | O95: 6 | T95: 45268 | U95: X | V95: 6 | Y95: 45269 | Z95: X | AA95: 7
B96: U.P. PESADO | C96: PINOS 3 | D96: 82 | E96: Amarre a 45º (Interconexion entre Pinos 2 y Pinos 3) | I96: 3 | K96: 2 | N96: 3 | O96: 8 | P96: 3 | T96: 45268 | U96: X | V96: 19 | W96: DELTA FASE "A-B-C" DE SM / POSTE TOMADO PARA CIRCUITO PINOS 3 | Y96: 45269 | Z96: X | AA96: 11
B97: U.P. PESADO | C97: PINOS 3 | D97: 83 | E97: Suspension | I97: 3 | Y97: 45269 | Z97: X | AA97: 3
B98: U.P. PESADO | C98: PINOS 3 | D98: 84 | E98: Suspension | I98: 3 | S98: Cadena de vidrio | Y98: 45269 | Z98: X | AA98: 3 | AB98: Alto decibel Fase A | AD98: 45270 | AE98: Ejecutada
B99: U.P. PESADO | C99: PINOS 3 | D99: 85 | E99: Suspension | I99: 3 | Y99: 45269 | Z99: X | AA99: 3
B100: U.P. PESADO | C100: PINOS 3 | D100: 86 | E100: Suspension | I100: 3 | Y100: 45269 | Z100: X | AA100: 3
B101: U.P. PESADO | C101: PINOS 3 | D101: 87 | E101: Suspension | I101: 3 | Y101: 45269 | Z101: X | AA101: 3
B102: U.P. PESADO | C102: PINOS 3 | D102: 88 | E102: Amarre | G102: 1 | I102: 6 | O102: 9 | T102: 45268 | U102: X | V102: 9 | W102: DELTA FASE "A" GRAPA | Y102: 45269 | Z102: X | AA102: 7
B103: U.P. PESADO | C103: PINOS 3 | D103: 89 | E103: Suspension | I103: 3 | Y103: 45269 | Z103: X | AA103: 3
B104: U.P. PESADO | C104: PINOS 3 | D104: 90 | E104: Suspension | I104: 3 | Y104: 45269 | Z104: X | AA104: 3
B105: U.P. PESADO | C105: PINOS 3 | D105: 91 | E105: Suspension | I105: 3 | Y105: 45269 | Z105: X | AA105: 3
...

Sheet Rio Claro
E3: Calidad | AF3: CODIGO: FO-CA-GE-02-E
AF4: REVISION: 00
E5: Máster de Inspección | AF5: FECHA DE EMISIÓN: 28-02-2024
B8: Nombre del Proyecto: | E8: "Mantenimiento En El Sistema Eléctrico De Distribución 13.8 Kv De La División Ayacucho" | Y8: Nro. de Contrato: | AB8: 4600135303
B9: Disciplina | E9: Electricidad | Y9: Ubicación: | AB9: División Ayacucho
B10: DATOS | F10: MANTENIMIENTO PREDICTIVO EJECUTADO | AD10: MANTENIMIENTO PREVENTIVO EJECUTADO
F12: VISUAL | T12: TERMOGRAFÍA | Y12: ULTRASONIDO | AD12: INTERVENCIÓN
F13: Componentes
B14: Frente | C14: Circuito | D14: Nro. De poste | E14: Descripción | F14: Fecha V | G14: Aislador de Espiga (AE) | H14: Aislador Polimericos (APT ) 34,5 Kv | I14: Aislador de Cadena (Ac) | J14: Aislador Polimericos (APs ) 69 Kv | K14: Cortacorriente (CC) | L14: Abierto | M14: Cerrado | N14: Pararrayos (P) | O14: Grapa ( G ) | P14: Seccionador (SM) | Q14: Abierto 2 | R14: Cerrado3 | S14: Falla Detectada V | T14: Fecha T | U14: Ejecutado T | V14: Puntos de Termografía | W14: Falla Detectada T | X14: Observación T | Y14: Fecha UT | Z14: Ejecutado UT | AA14: Puntos de Ultrasonido | AB14: Falla Detectada UT | AC14: Observación UT | AD14: Fecha | AE14: Ejecutado MTTO | AF14: Observación
B15: U.P. PESADO | C15: Rio Claro | D15: 5 | E15: Pase con derivacion en 90° | G15: 5 | H15: 3 | O15: 8 | S15: NIVEL 2: FALTAN LOS 3 PARARRAYOS | T15: 45322 | U15: X | V15: 8 | Y15: 45415 | Z15: X | AA15: 8
B16: U.P. PESADO | C16: Rio Claro | D16: 6 | E16: Pase con derivacion en 90° | G16: 3 | I16: 3 | N16: 3 | O16: 6 | S16: NIVEL 2: BAJANTE DE PARARRAYOS CORTADOS | T16: 45322 | U16: X | V16: 6 | Y16: 45415 | Z16: X | AA16: 9
B17: U.P. PESADO | C17: Rio Claro | D17: 7 | E17: Pase | G17: 3 | Y17: 45415 | Z17: X | AA17: 3
B18: U.P. PESADO | C18: Rio Claro | D18: 8 | E18: Pase | G18: 3 | N18: 3 | Y18: 45415 | Z18: X | AA18: 6
B19: U.P. PESADO | C19: Rio Claro | D19: 9 | E19: Pase | G19: 3 | Y19: 45415 | Z19: X | AA19: 3
B20: U.P. PESADO | C20: Rio Claro | D20: 10 | E20: Pase | G20: 3 | Y20: 45415 | Z20: X | AA20: 3
B21: U.P. PESADO | C21: Rio Claro | D21: 11 | E21: Pase | G21: 3 | N21: 3 | Y21: 45415 | Z21: X | AA21: 6
B22: U.P. PESADO | C22: Rio Claro | D22: 12 | E22: Pase | G22: 3 | Y22: 45415 | Z22: X | AA22: 3
B23: U.P. PESADO | C23: Rio Claro | D23: 13 | E23: Pase | G23: 3 | S23: NIVEL 2: AUSENCIA DE PARARRAYOS Y BAJANTE DE PAT CORTADOS | Y23: 45415 | Z23: X | AA23: 3
B24: U.P. PESADO | C24: Rio Claro | D24: 14 | E24: Pase | G24: 3 | N24: 3 | S24: NIVEL 2: ESPIGA FASE B ESTA INCLINADA | Y24: 45415 | Z24: X | AA24: 6
B25: U.P. PESADO | C25: Rio Claro | D25: 15 | E25: Pase | G25: 3 | S25: NIVEL 2: BAJANTE DE PAT DE CABLE GUARDA CORTADO | Y25: 45415 | Z25: X | AA25: 3
B26: U.P. PESADO | C26: Rio Claro | D26: 16 | E26: Pase | G26: 3 | S26: NIVEL 2: FALTAN 3 PARARRAYOS | Y26: 45415 | Z26: X | AA26: 3
B27: U.P. PESADO | C27: Rio Claro | D27: 17 | E27: Pase | G27: 3 | N27: 3 | Y27: 45415 | Z27: X | AA27: 6
B28: U.P. PESADO | C28: Rio Claro | D28: 18 | E28: Amarre en 90° | G28: 5 | H28: 6 | K28: 3 | N28: 3 | O28: 8 | T28: 45322 | U28: X | V28: 11 | Y28: 45415 | Z28: X | AA28: 17
B29: U.P. PESADO | C29: Rio Claro | D29: 19 | E29: Amarre | H29: 6 | N29: 3 | O29: 6 | T29: 45322 | U29: X | V29: 6 | Y29: 45415 | Z29: X | AA29: 9
B30: U.P. PESADO | C30: Rio Claro | D30: 20 | E30: Pase | G30: 3 | Y30: 45415 | Z30: X | AA30: 3
B31: U.P. PESADO | C31: Rio Claro | D31: 21 | E31: Pase | G31: 3 | Y31: 45415 | Z31: X | AA31: 3
B32: U.P. PESADO | C32: Rio Claro | D32: 22 | E32: Pase | G32: 3 | N32: 3 | S32: NIVEL 2: PAT DE PARARRAYOS COLOCADOS EN CABLE DE GUARDA | Y32: 45415 | Z32: X | AA32: 6
B33: U.P. PESADO | C33: Rio Claro | D33: 23 | E33: Pase con derivacion en 90° | G33: 4 | I33: 3 | O33: 6 | P33: 3 | T33: 45322 | U33: X | V33: 15 | Y33: 45415 | Z33: X | AA33: 13
B34: U.P. PESADO | C34: Rio Claro | D34: 24 | E34: Pase | G34: 3 | N34: 3 | Y34: 45415 | Z34: X | AA34: 6
B35: U.P. PESADO | C35: Rio Claro | D35: 25 | E35: Amarre en 45° | G35: 1 | I35: 6 | O35: 6 | T35: 45322 | U35: X | V35: 6 | Y35: 45415 | Z35: X | AA35: 7
B36: U.P. PESADO | C36: Rio Claro | D36: 26 | E36: Pase | G36: 3 | K36: 3 | O36: 3 | T36: 45322 | U36: X | V36: 6 | Y36: 45415 | Z36: X | AA36: 6
B37: U.P. PESADO | C37: Rio Claro | D37: 27 | E37: Poste terminal | I37: 3 | K37: 3 | O37: 3 | T37: 45322 | U37: X | V37: 6 | Y37: 45415 | Z37: X | AA37: 6
B38: U.P. PESADO | C38: Rio Claro | D38: 28 | E38: Pase | G38: 3 | Y38: 45415 | Z38: X | AA38: 3
B39: U.P. PESADO | C39: Rio Claro | D39: 29 | E39: Amarre en 90° | G39: 2 | I39: 6 | N39: 3 | O39: 4 | T39: 45322 | U39: X | V39: 4 | Y39: 45415 | Z39: X | AA39: 11
B40: U.P. PESADO | C40: Rio Claro | D40: 30 | E40: Pase | G40: 3 | Y40: 45415 | Z40: X | AA40: 3
B41: U.P. PESADO | C41: Rio Claro | D41: 31 | E41: Amarre en 90° | G41: 1 | H41: 3 | I41: 3 | N41: 3 | O41: 3 | T41: 45322 | U41: X | V41: 3 | Y41: 45415 | Z41: X | AA41: 10
B42: U.P. PESADO | C42: Rio Claro | D42: 32 | E42: Pase | G42: 3 | S42: NIVEL 3: AE DE ESPIGA DESPRENDIDO EN FASE B | Y42: 45415 | Z42: X | AA42: 3 | AD42: 45422 | AE42: Ejecutada
B43: U.P. PESADO | C43: Rio Claro | D43: 33 | E43: Pase | G43: 3 | S43: NIVEL 2: FALTAN 3 PARARRAYOS | Y43: 45415 | Z43: X | AA43: 3
B44: U.P. PESADO | C44: Rio Claro | D44: 34 | E44: Pase | G44: 3 | Y44: 45415 | Z44: X | AA44: 3
B45: U.P. PESADO | C45: Rio Claro | D45: 35 | E45: Pase | G45: 3 | S45: NIVEL 2: FALTAN 3 PARARRAYOS | Y45: 45415 | Z45: X | AA45: 3
B46: U.P. PESADO | C46: Rio Claro | D46: 36 | E46: Pase | G46: 3 | Y46: 45415 | Z46: X | AA46: 3
B47: U.P. PESADO | C47: Rio Claro | D47: 37 | E47: Pase | G47: 3 | S47: NIVEL 2: FALTAN 3 PARARRAYOS | Y47: 45415 | Z47: X | AA47: 3
B48: U.P. PESADO | C48: Rio Claro | D48: 38 | E48: Pase con derivacion en 90° | G48: 4 | H48: 3 | O48: 3 | P48: 3 | T48: 45322 | U48: X | V48: 12 | Y48: 45415 | Z48: X | AA48: 13
B49: U.P. PESADO | C49: Rio Claro | D49: 39 | E49: Pase | G49: 3 | Y49: 45415 | Z49: X | AA49: 3
B50: U.P. PESADO | C50: Rio Claro | D50: 40 | E50: Pase | G50: 3 | N50: 3 | Y50: 45415 | Z50: X | AA50: 6
B51: U.P. PESADO | C51: Rio Claro | D51: 41 | E51: Pase | G51: 3 | Y51: 45415 | Z51: X | AA51: 3
B52: U.P. PESADO | C52: Rio Claro | D52: 42 | E52: Amarre con derivacion en 90° | G52: 1 | H52: 2 | I52: 6 | K52: 2 | N52: 3 | O52: 5 | S52: NIVEL 2: PARARRAYO SIN CONEXIÓN A BAJANTE DE PAT | T52: 45322 | U52: X | V52: 7 | Y52: 45415 | Z52: X | AA52: 14
B53: U.P. PESADO | C53: Rio Claro | D53: 43 | E53: Pase con derivacion en 90° | G53: 5 | H53: 3 | O53: 8 | P53: 3 | R53: x | T53: 45322 | U53: X | V53: 17 | Y53: 45415 | Z53: X | AA53: 14
B54: U.P. PESADO | C54: Rio Claro | D54: 44 | E54: Pase | G54: 3 | N54: 3 | Y54: 45415 | Z54: X | AA54: 6
B55: U.P. PESADO | C55: Rio Claro | D55: 45 | E55: Pase | G55: 3 | Y55: 45415 | Z55: X | AA55: 3
B56: U.P. PESADO | C56: Rio Claro | D56: 46 | E56: Pase | G56: 3 | N56: 3 | S56: NIVEL 2: PARARRAYO DE FASE A DESCONECTADO A LINEA | Y56: 45415 | Z56: X | AA56: 5
B57: U.P. PESADO | C57: Rio Claro | D57: 47 | E57: Pase | G57: 3 | Y57: 45415 | Z57: X | AA57: 3
B58: U.P. PESADO | C58: Rio Claro | D58: 48 | E58: Amarre en 45° | G58: 2 | H58: 3 | I58: 3 | N58: 3 | O58: 3 | T58: 45322 | U58: X | V58: 3 | Y58: 45415 | Z58: X | AA58: 11
B59: U.P. PESADO | C59: Rio Claro | D59: 49 | E59: Pase | G59: 3 | Y59: 45415 | Z59: X | AA59: 3
B60: U.P. PESADO | C60: Rio Claro | D60: 50 | E60: Amarre en 45° | G60: 1 | I60: 6 | O60: 3 | T60: 45322 | U60: X | V60: 3 | Y60: 45415 | Z60: X | AA60: 7
B61: U.P. PESADO | C61: Rio Claro | D61: 51 | E61: Pase con derivacion en 90° | G61: 4 | H61: 3 | N61: 3 | O61: 3 | P61: 3 | Q61: X | T61: 45322 | U61: X | V61: 12 | Y61: 45418 | Z61: X | AA61: 16
B62: U.P. PESADO | C62: Rio Claro | D62: 52 | E62: Amarre en 45° | G62: 1 | I62: 6 | O62: 3 | T62: 45322 | U62: X | V62: 3 | Y62: 45418 | Z62: X | AA62: 7
B63: U.P. PESADO | C63: Rio Claro | D63: 53 | E63: Amarre en 45° | G63: 1 | I63: 6 | N63: 3 | O63: 3 | S63: NIVEL 3: PARARRAYO FASE C DAÑADO Y 3 CONDUCTORES COLGANDO ( PUNTO DE FALLA) | T63: 45322 | U63: X | V63: 3 | Y63: 45418 | Z63: X | AA63: 9
B64: U.P. PESADO | C64: Rio Claro | D64: 54 | E64: Amarre en 90° | G64: 1 | H64: 3 | I64: 3 | O64: 3 | T64: 45322 | U64: X | V64: 3 | Y64: 45418 | Z64: X | AA64: 7
B65: U.P. PESADO | C65: Rio Claro | D65: 55 | E65: Poste terminal | I65: 3 | K65: 3 | N65: 3 | O65: 3 | T65: 45322 | U65: X | V65: 3 | Y65: 45418 | Z65: X | AA65: 9
B66: U.P. PESADO | C66: Rio Claro | D66: 56 | E66: Amarre | G66: 1 | H66: 6 | O66: 3 | S66: NIVEL 2: AISLADOR DE ESPIGA MUY CERANO AL POSTE | T66: 45322 | U66: X | V66: 3 | Y66: 45418 | Z66: X | AA66: 7
B67: U.P. PESADO | C67: Rio Claro | D67: 57 | E67: Pase | G67: 3 | S67: NIVEL 2: PALILLOS CON CORROSION | Y67: 45418 | Z67: X | AA67: 3
B68: U.P. PESADO | C68: Rio Claro | D68: 58 | E68: Amarre en 90° | G68: 2 | H68: 6 | N68: 3 | O68: 3 | S68: NIVEL 2: PARARRAYO SIN CONEXIÓN A PAT | T68: 45322 | U68: X | V68: 3 | Y68: 45418 | Z68: X | AA68: 11
B69: U.P. PESADO | C69: Rio Claro | D69: 59 | E69: Pase | G69: 3 | Y69: 45418 | Z69: X | AA69: 3
B70: U.P. PESADO | C70: Rio Claro | D70: 60 | E70: Pase | G70: 3 | N70: 3 | Y70: 45418 | Z70: X | AA70: 6
B71: U.P. PESADO | C71: Rio Claro | D71: 61 | E71: Pase | G71: 3 | Y71: 45418 | Z71: X | AA71: 3
B72: U.P. PESADO | C72: Rio Claro | D72: 62 | E72: Pase | G72: 3 | N72: 3 | S72: NIVEL 2: AISLADOR DE FASE C DESACOPLADO | Y72: 45418 | Z72: X | AA72: 6
B73: U.P. PESADO | C73: Rio Claro | D73: 63 | E73: Amarre en 90° | G73: 1 | H73: 6 | O73: 3 | S73: NIVEL 2: AISLADOR DE FASE C DESACOPLADO AL PALILLO Y MEJORAR LA CONEXIÓN A BAJANTE DE PAT | T73: 45322 | U73: X | V73: 3 | Y73: 45418 | Z73: X | AA73: 7
B74: U.P. PESADO | C74: Rio Claro | D74: 64 | E74: Pase | G74: 3 | N74: 3 | Y74: 45418 | Z74: X | AA74: 6
B75: U.P. PESADO | C75: Rio Claro | D75: 65 | E75: Amarre en 90° | G75: 2 | H75: 6 | O75: 3 | T75: 45322 | U75: X | V75: 3 | Y75: 45418 | Z75: X | AA75: 8
B76: U.P. PESADO | C76: Rio Claro | D76: 66 | E76: Poste terminal Tx | H76: 3 | K76: 3 | N76: 3 | T76: 45322 | U76: X | V76: 9 | Y76: 45418 | Z76: X | AA76: 9
B77: U.P. PESADO | C77: Rio Claro | D77: 67 | E77: Pase | G77: 3 | N77: 3 | S77: NIVEL 2: MEJORAR CONEXIÓN DE BAJANTE DE PARARRAYOS A PAT | Y77: 45418 | Z77: X | AA77: 6 | AB77: NIVEL 3: EFECTO CORONA EN 3 PARARRAYOS | AD77: 45422 | AE77: Ejecutada
B78: U.P. PESADO | C78: Rio Claro | D78: 68 | E78: Pase | G78: 3 | Y78: 45418 | Z78: X | AA78: 3
B79: U.P. PESADO | C79: Rio Claro | D79: 69 | E79: Pase | G79: 3 | N79: 3 | Y79: 45418 | Z79: X | AA79: 6
B80: U.P. PESADO | C80: Rio Claro | D80: 70 | E80: Pase | G80: 3 | Y80: 45418 | Z80: X | AA80: 3
B81: U.P. PESADO | C81: Rio Claro | D81: 71 | E81: Pase | G81: 3 | N81: 3 | S81: NIVEL 2: PARARRAYO FASE A DE LINEA SIN CONEXIÓN A LA LINEA | Y81: 45418 | Z81: X | AA81: 5 | AD81: 45424 | AE81: Ejecutada
B82: U.P. PESADO | C82: Rio Claro | D82: 72 | E82: Amarre | G82: 1 | I82: 6 | O82: 3 | T82: 45322 | U82: X | V82: 3 | Y82: 45418 | Z82: X | AA82: 7
B83: U.P. PESADO | C83: Rio Claro | D83: 73 | E83: Pase con derivacion en 45° | G83: 3 | H83: 3 | N83: 3 | O83: 3 | P83: 3 | R83: X | T83: 45322 | U83: X | V83: 12 | W83: DELTA T EN GRAPA, EN FASE A | Y83: 45418 | Z83: X | AA83: 15
B84: U.P. PESADO | C84: Rio Claro | D84: 74 | E84: Pase | G84: 3 | Y84: 45418 | Z84: X | AA84: 3
B85: U.P. PESADO | C85: Rio Claro | D85: 75 | E85: Pase | G85: 3 | N85: 3 | S85: NIVEL 2: PALILLO CON CORROSION | Y85: 45418 | Z85: X | AA85: 6
B86: U.P. PESADO | C86: Rio Claro | D86: 76 | E86: Pase | G86: 3 | S86: NIVEL 2: PALILLO CON CORROSION | Y86: 45418 | Z86: X | AA86: 3
B87: U.P. PESADO | C87: Rio Claro | D87: 77 | E87: Pase | G87: 3 | N87: 3 | Y87: 45418 | Z87: X | AA87: 6
B88: U.P. PESADO | C88: Rio Claro | D88: 78 | E88: Pase | G88: 3 | Y88: 45418 | Z88: X | AA88: 3
B89: U.P. PESADO | C89: Rio Claro | D89: 79 | E89: Pase | G89: 3 | N89: 3 | S89: NIVEL 2: LOS TORNILLOS PARA LA CONEXIÓN DE PAT DE LOS PARARRAYOS CON CORROSION | Y89: 45418 | Z89: X | AA89: 6
B90: U.P. PESADO | C90: Rio Claro | D90: 80 | E90: Amarre en 90° | G90: 2 | H90: 6 | O90: 3 | T90: 45322 | U90: X | V90: 3 | Y90: 45418 | Z90: X | AA90: 8
B91: U.P. PESADO | C91: Rio Claro | D91: 81 | E91: Pase | G91: 3 | N91: 3 | S91: NIVEL 2: AISLADOR DE FASE B DESCOPLADO | Y91: 45418 | Z91: X | AA91: 6
B92: U.P. PESADO | C92: Rio Claro | D92: 82 | E92: Pase | G92: 3 | S92: NIVEL 2: AISLADOR DE FASE A- B DESCOPLADO | Y92: 45418 | Z92: X | AA92: 3
B93: U.P. PESADO | C93: Rio Claro | D93: 83 | E93: Pase Tx | G93: 3 | K93: 3 | M93: X | N93: 3 | O93: 3 | T93: 45322 | U93: X | V93: 12 | Y93: 45418 | Z93: X | AA93: 9
B94: U.P. PESADO | C94: Rio Claro | D94: 84 | E94: Amarre | H94: 3 | I94: 3 | K94: 3 | L94: X | N94: 3 | O94: 3 | T94: 45322 | U94: X | V94: 6 | Y94: 45418 | Z94: X | AA94: 12
B95: U.P. PESADO | C95: Rio Claro | D95: 85 | E95: Amarre en 90° Tx | G95: 2 | I95: 6 | K95: 3 | M95: X | N95: 3 | O95: 6 | T95: 45322 | U95: X | V95: 15 | W95: DELTA T EN FASE A | Y95: 45418 | Z95: X | AA95: 14
B96: U.P. PESADO | C96: Rio Claro | D96: 86 | E96: Pase Tx | G96: 3 | K96: 3 | M96: X | N96: 3 | O96: 3 | T96: 45322 | U96: X | V96: 12 | Y96: 45418 | Z96: X | AA96: 9
B97: U.P. PESADO | C97: Rio Claro | D97: 87 | E97: Poste Terminal | I97: 3 | Y97: 45418 | Z97: X | AA97: 3
B98: U.P. PESADO | C98: Rio Claro | D98: 88 | E98: Pase | G98: 3 | S98: NIVEL 2: PALILLO CON CORROSION Y POSTE SIN PAT | Y98: 45419 | Z98: X | AA98: 3
B99: U.P. PESADO | C99: Rio Claro | D99: 89 | E99: Amarre | G99: 1 | H99: 1 | I99: 5 | N99: 3 | S99: NIVEL 2: ROTULA DE ACOPLE A AISLADORES CON CORROSION Y PARARRAYO SIN CONEXIÓN A PAT | T99: 45322 | U99: X | V99: 3 | Y99: 45419 | Z99: X | AA99: 10 | AB99: NIVEL 3: EFECTO CORONA EN PARARRAYOS FASE B | AD99: 45422 | AE99: Ejecutada
B100: U.P. PESADO | C100: Rio Claro | D100: 90 | E100: Pase | G100: 3 | Y100: 45419 | Z100: X | AA100: 3
B101: U.P. PESADO | C101: Rio Claro | D101: 91 | E101: Pase | G101: 3 | N101: 3 | S101: NIVEL 2: POSTE SIN PAT | Y101: 45419 | Z101: X | AA101: 6
B102: U.P. PESADO | C102: Rio Claro | D102: 92 | E102: Pase | G102: 3 | S102: NIVEL 2: PALILLO CON CORROSION | Y102: 45419 | Z102: X | AA102: 3
B103: U.P. PESADO | C103: Rio Claro | D103: 93 | E103: Pase | G103: 3 | N103: 3 | Y103: 45419 | Z103: X | AA103: 6
B104: U.P. PESADO | C104: Rio Claro | D104: 94 | E104: Amarre con derivacion en 45° | G104: 3 | I104: 9 | O104: 6 | S104: NIVEL 2: POSTE SIN PAT | T104: 45322 | U104: X | V104: 6 | Y104: 45419 | Z104: X | AA104: 12
B105: U.P. PESADO | C105: Rio Claro | D105: 95 | E105: Pase con derivacion en 90° | G105: 4 | I105: 3 | N105: 3 | P105: 3 | R105: X | T105: 45322 | U105: X | V105: 12 | Y105: 45419 | Z105: X | AA105: 16
...

Sheet Merey-29
E3: Calidad | AF3: CODIGO: FO-CA-GE-02-E
AF4: REVISION: 00
E5: Máster de Inspección | AF5: FECHA DE EMISIÓN: 28-02-2024
B8: Nombre del Proyecto: | E8: "Mantenimiento En El Sistema Eléctrico De Distribución 13.8 Kv De La División Ayacucho" | Y8: Nro. de Contrato: | AB8: 4600135303
B9: Disciplina | E9: Electricidad | Y9: Ubicación: | AB9: División Ayacucho
B10: DATOS | F10: MANTENIMIENTO PREDICTIVO EJECUTADO | AD10: MANTENIMIENTO PREVENTIVO EJECUTADO
F12: VISUAL | T12: TERMOGRAFÍA | Y12: ULTRASONIDO | AD12: INTERVENCIÓN
F13: Componentes
B14: Frente | C14: Circuito | D14: Nro. De poste | E14: Descripción | F14: Fecha V | G14: Aislador de Espiga (AE) | H14: Aislador Polimericos (APT ) 34,5 Kv | I14: Aislador de Cadena (Ac) | J14: Aislador Polimericos (APs ) 69 Kv | K14: Cortacorriente (CC) | L14: Abierto | M14: Cerrado | N14: Pararrayos (P) | O14: Grapa ( G ) | P14: Seccionador (SM) | Q14: Abierto 2 | R14: Cerrado3 | S14: Falla Detectada V | T14: Fecha T | U14: Ejecutado T | V14: Puntos de Termografía | W14: Falla Detectada T | X14: Observación T | Y14: Fecha UT | Z14: Ejecutado UT | AA14: Puntos de Ultrasonido | AB14: Falla Detectada UT | AC14: Observación UT | AD14: Fecha | AE14: Ejecutado MTTO | AF14: Observación
B15: U.P. PESADO | C15: MEREY 29 | D15: 1 | E15: Poste Terminal | G15: 4 | H15: 6 | N15: 6 | P15: 3 | R15: X | T15: 45322 | U15: X | V15: 9 | Y15: 45333 | Z15: X | AA15: 12 | AD15: 45420 | AE15: Ejecutada
B16: U.P. PESADO | C16: MEREY 29 | D16: 2 | E16: Suspensión | I16: 6 | S16: NIVEL 3: Reemplazar mordazas y Cadenas de amarre; Terna desprendida | Y16: 45333 | Z16: X | AA16: 3 | AD16: 45421 | AE16: Ejecutada
B17: U.P. PESADO | C17: MEREY 29 | D17: 3 | E17: Suspensión | I17: 6 | S17: NIVEL 3: Reemplazar mordazas y Cadenas de amarre; Terna desprendida | Y17: 45333 | Z17: X | AA17: 3 | AD17: 45421 | AE17: Ejecutada
B18: U.P. PESADO | C18: MEREY 29 | D18: 4 | E18: Suspensión | I18: 6 | S18: NIVEL 3: Reemplazar mordazas y Cadenas de amarre; Terna desprendida | Y18: 45333 | Z18: X | AA18: 3 | AD18: 45421 | AE18: Ejecutada
B19: U.P. PESADO | C19: MEREY 29 | D19: 5 | E19: Amarre en 45° | G19: 3 | H19: 6 | I19: 6 | O19: 3 | T19: 45322 | U19: X | V19: 3 | Y19: 45333 | Z19: X | AA19: 9 | AD19: 45420 | AE19: Ejecutada
B20: U.P. PESADO | C20: MEREY 29 | D20: 6 | E20: Suspensión | I20: 5 | S20: NIVEL 3: Reemplazar mordazas y Cadenas de amarre; Terna desprendida | Y20: 45333 | Z20: X | AA20: 3 | AD20: 45421 | AE20: Ejecutada
B21: U.P. PESADO | C21: MEREY 29 | D21: 7 | E21: Suspensión | I21: 3 | S21: NIVEL 3: Reemplazar mordazas y Cadenas de amarre; Terna desprendida | Y21: 45333 | Z21: X | AA21: 3 | AD21: 45405 | AE21: Ejecutada
B22: U.P. PESADO | C22: MEREY 29 | D22: 8 | E22: Amarre | H22: 12 | O22: 3 | T22: 45322 | U22: X | V22: 3 | Y22: 45333 | Z22: X | AA22: 6 | AD22: 45418 | AE22: Ejecutada
B23: U.P. PESADO | C23: MEREY 29 | D23: 9 | E23: Suspensión | I23: 6 | S23: NIVEL 3: Reemplazar mordazas y Cadenas de amarre; Terna desprendida | Y23: 45333 | Z23: X | AA23: 3 | AD23: 45406 | AE23: Ejecutada
B24: U.P. PESADO | C24: MEREY 29 | D24: 10 | E24: Suspensión | I24: 6 | S24: NIVEL 3: Aislador de la Fase A dañado | Y24: 45333 | Z24: X | AA24: 3 | AD24: 45396 | AE24: Ejecutada
B25: U.P. PESADO | C25: MEREY 29 | D25: 11 | E25: Suspensión | I25: 6 | S25: NIVEL 3: Reemplazar mordazas y Cadenas de amarre; Terna desprendida | Y25: 45333 | Z25: X | AA25: 3 | AD25: 45406 | AE25: Ejecutada
B26: U.P. PESADO | C26: MEREY 29 | D26: 12 | E26: Suspensión | I26: 6 | S26: NIVEL 3: Reemplazar mordazas y Cadenas de amarre; Terna desprendida | Y26: 45333 | Z26: X | AA26: 3 | AD26: 45396 | AE26: Ejecutada
B27: U.P. PESADO | C27: MEREY 29 | D27: 13 | E27: Suspensión | I27: 6 | S27: NIVEL 3: Reemplazar mordazas y Cadenas de amarre; Aislador de cadena dañado | Y27: 45333 | Z27: X | AA27: 3 | AD27: 45406 | AE27: Ejecutada
B28: U.P. PESADO | C28: MEREY 29 | D28: 14 | E28: Amarre | H28: 6 | I28: 6 | O28: 3 | T28: 45322 | U28: X | V28: 3 | Y28: 45333 | Z28: X | AA28: 6 | AD28: 45416 | AE28: Ejecutada
B29: U.P. PESADO | C29: MEREY 29 | D29: 15 | E29: Amarre | H29: 6 | I29: 6 | O29: 3 | T29: 45322 | U29: X | V29: 3 | Y29: 45333 | Z29: X | AA29: 6
B30: U.P. PESADO | C30: MEREY 29 | D30: 16 | E30: Suspensión | I30: 6 | S30: NIVEL 3: Reemplazar Cadenas de amarre; Aislador de cadena dañado | Y30: 45333 | Z30: X | AA30: 3 | AD30: 45406 | AE30: Ejecutada
B31: U.P. PESADO | C31: MEREY 29 | D31: 17 | E31: Suspensión | I31: 6 | S31: NIVEL 3: Reemplazar Cadenas de amarre | Y31: 45333 | Z31: X | AA31: 3 | AD31: 45407 | AE31: Ejecutada
B32: U.P. PESADO | C32: MEREY 29 | D32: 18 | E32: Suspensión | I32: 6 | S32: NIVEL 3: Reemplazar mordazas y Cadenas de amarre; Aislador de cadena dañado | Y32: 45333 | Z32: X | AA32: 3 | AB32: NIVEL 3: Presenta altos decibeles, Fase A,B,C | AC32: Cadena Rota | AD32: 45395 | AE32: Ejecutada
B33: U.P. PESADO | C33: MEREY 29 | D33: 19 | E33: Suspensión | I33: 6 | S33: NIVEL 3: Reemplazar mordazas y Cadenas de amarre | Y33: 45333 | Z33: X | AA33: 3 | AD33: 45407 | AE33: Ejecutada
B34: U.P. PESADO | C34: MEREY 29 | D34: 20 | E34: Amarre | H34: 6 | I34: 6 | O34: 3 | T34: 45322 | U34: X | V34: 3 | Y34: 45333 | Z34: X | AA34: 6 | AD34: 45418 | AE34: Ejecutada
B35: U.P. PESADO | C35: MEREY 29 | D35: 21 | E35: Amarre | H35: 6 | I35: 6 | O35: 3 | S35: NIVEL 2: Instalar Pararrayos | T35: 45325 | U35: X | V35: 3 | Y35: 45333 | Z35: X | AA35: 6 | AD35: 45418 | AE35: Ejecutada
B36: U.P. PESADO | C36: MEREY 29 | D36: 22 | E36: Suspensión | I36: 6 | S36: Pines de acople de los aisladores presentan corrosion | Y36: 45333 | Z36: X | AA36: 3 | AD36: 45407 | AE36: Ejecutada
B37: U.P. PESADO | C37: MEREY 29 | D37: 23 | E37: Suspensión | I37: 6 | S37: Pines de acople de los aisladores presentan corrosion | Y37: 45333 | Z37: X | AA37: 3 | AD37: 45407 | AE37: Ejecutada
B38: U.P. PESADO | C38: MEREY 29 | D38: 24 | E38: Suspensión | I38: 6 | S38: Pines de acople de los aisladores presentan corrosion | Y38: 45333 | Z38: X | AA38: 3 | AD38: 45414 | AE38: Ejecutada
B39: U.P. PESADO | C39: MEREY 29 | D39: 25 | E39: Suspensión | I39: 6 | S39: NIVEL 3: Reemplazar mordazas y Cadenas de amarre | Y39: 45333 | Z39: X | AA39: 3 | AD39: 45414 | AE39: Ejecutada
B40: U.P. PESADO | C40: MEREY 29 | D40: 26 | E40: Amarre | H40: 12 | O40: 3 | S40: NIVEL 3: Reemplazar Cadenas de amarre | T40: 45325 | U40: X | V40: 3 | Y40: 45333 | Z40: X | AA40: 6 | AD40: 45418 | AE40: Ejecutada
B41: U.P. PESADO | C41: MEREY 29 | D41: 27 | E41: Suspensión | I41: 6 | S41: NIVEL 3: Reemplazar Cadenas de amarre | Y41: 45333 | Z41: X | AA41: 3 | AD41: 45414 | AE41: Ejecutada
B42: U.P. PESADO | C42: MEREY 29 | D42: 28 | E42: Suspensión | I42: 6 | S42: NIVEL 3: Reemplazar Cadenas de amarre | Y42: 45333 | Z42: X | AA42: 3 | AD42: 45414 | AE42: Ejecutada
B43: U.P. PESADO | C43: MEREY 29 | D43: 29 | E43: Suspensión | I43: 6 | S43: Pines de acople de los aisladores presentan corrosion | Y43: 45333 | Z43: X | AA43: 3 | AD43: 45414 | AE43: Ejecutada
B44: U.P. PESADO | C44: MEREY 29 | D44: 30 | E44: Suspensión | I44: 6 | S44: Pines de acople de los aisladores presentan corrosion | Y44: 45333 | Z44: X | AA44: 3 | AD44: 45414 | AE44: Ejecutada
B45: U.P. PESADO | C45: MEREY 29 | D45: 31 | E45: Suspensión | I45: 6 | S45: NIVEL 3: Reemplazar Cadenas de amarre | Y45: 45333 | Z45: X | AA45: 3 | AD45: 45414 | AE45: Ejecutada
B46: U.P. PESADO | C46: MEREY 29 | D46: 32 | E46: Amarre con derivacion en 45° | G46: 1 | H46: 15 | O46: 9 | T46: 45325 | U46: X | V46: 9 | Y46: 45333 | Z46: X | AA46: 9 | AD46: 45420 | AE46: Ejecutada
B47: U.P. PESADO | C47: MEREY 29 | D47: 33 | E47: Pase | G47: 3 | Y47: 45333 | Z47: X | AA47: 3
B48: U.P. PESADO | C48: MEREY 29 | D48: 34 | E48: Amarre en 45° | I48: 6 | O48: 6 | P48: 3 | S48: Tornilleria de Terminales en SM Presenta corrosion | T48: 45325 | U48: X | V48: 15 | Y48: 45333 | Z48: X | AA48: 12
B49: U.P. PESADO | C49: MEREY 29 | D49: 35 | E49: Pase | G49: 3 | Y49: 45333 | Z49: X | AA49: 3
B50: U.P. PESADO | C50: MEREY 29 | D50: 36 | E50: Pase | G50: 3 | Y50: 45333 | Z50: X | AA50: 3
B51: U.P. PESADO | C51: MEREY 29 | D51: 37 | E51: Poste Terminal Tx | I51: 3 | K51: 3 | S51: Instalar Pararrayos | T51: 45325 | U51: X | V51: 9 | Y51: 45333 | Z51: X | AA51: 6 | AD51: 45420 | AE51: Ejecutada
B52: U.P. PESADO | C52: MEREY 29 | D52: 38 | E52: Poste terminal | I52: 3 | O52: 6 | T52: 45325 | U52: X | V52: 6 | Y52: 45333 | Z52: X | AA52: 3 | AD52: 45420 | AE52: Ejecutada
B53: U.P. PESADO | C53: MEREY 29 | D53: 39 | E53: Poste Terminal Tx | G53: 3 | I53: 3 | K53: 6 | N53: 3 | O53: 5 | T53: 45325 | U53: X | V53: 16 | W53: Delta en CC en fase A | Y53: 45333 | Z53: X | AA53: 12 | AD53: 45420 | AE53: Ejecutada
B54: U.P. PESADO | C54: MEREY 29 | D54: 40 | E54: Amarre | H54: 12 | P54: 6 | S54: NIVEL 3: Reemplazar Cadenas de amarre | T54: 45325 | U54: X | V54: 9 | Y54: 45333 | Z54: X | AA54: 12 | AD54: 45419 | AE54: Ejecutada
B55: U.P. PESADO | C55: MEREY 29 | D55: 41 | E55: Suspensión | I55: 6 | S55: NIVEL 3: Reemplazar Cadenas de amarre | Y55: 45333 | Z55: X | AA55: 3 | AD55: 45414 | AE55: Ejecutada
B56: U.P. PESADO | C56: MEREY 29 | D56: 42 | E56: Suspensión | I56: 6 | S56: NIVEL 3: AISLADORES CON ALTO GRADO DE CORROSION EN ACOPLES | Y56: 45333 | Z56: X | AA56: 3 | AD56: 45415 | AE56: Ejecutada
B57: U.P. PESADO | C57: MEREY 29 | D57: 43 | E57: Amarre en 45° | G57: 3 | H57: 12 | O57: 3 | S57: NIVEL 3: Reemplazar Espiga de la Fase B | T57: 45325 | U57: X | V57: 3 | Y57: 45333 | Z57: X | AA57: 6 | AD57: 45419 | AE57: Ejecutada
B58: U.P. PESADO | C58: MEREY 29 | D58: 44 | E58: Amarre en 45° | G58: 3 | H58: 12 | O58: 6 | T58: 45323 | U58: X | V58: 6 | Y58: 45366 | Z58: X | AA58: 9 | AD58: 45419 | AE58: Ejecutada
B59: U.P. PESADO | C59: MEREY 29 | D59: 45 | E59: Pase con derivacion en 45° | G59: 12 | H59: 3 | O59: 6 | T59: 45323 | U59: X | V59: 6 | Y59: 45366 | Z59: X | AA59: 9 | AB59: NIVEL 3: efecto Corona | AD59: 45419 | AE59: Ejecutada
B60: U.P. PESADO | C60: MEREY 29 | D60: 46 | E60: Pase | G60: 12 | Y60: 45366 | Z60: X | AA60: 6
B61: U.P. PESADO | C61: MEREY 29 | D61: 47 | E61: Pase | G61: 6 | Y61: 45366 | Z61: X | AA61: 3
B62: U.P. PESADO | C62: MEREY 29 | D62: 48 | E62: Poste terminal | H62: 12 | O62: 3 | T62: 45323 | U62: X | V62: 3 | Y62: 45366 | Z62: X | AA62: 6 | AD62: 45419 | AE62: Ejecutada
B63: U.P. PESADO | C63: MEREY 29 | D63: 49 | E63: Pase con derivacion en 45° | G63: 3 | H63: 3 | O63: 3 | P63: 3 | R63: X | T63: 45323 | U63: X | V63: 12 | Y63: 45366 | Z63: X | AA63: 12
B64: U.P. PESADO | C64: MEREY 29 | D64: 50 | E64: Pase | G64: 3 | S64: Pines de acople de los aisladores presentan corrosion | Y64: 45366 | Z64: X | AA64: 3
B65: U.P. PESADO | C65: MEREY 29 | D65: 51 | E65: Poste terminal | H65: 6 | Y65: 45366 | Z65: X | AA65: 3
B66: U.P. PESADO | C66: MEREY 29 | D66: 52 | E66: Pase | G66: 3 | S66: Pines de acople de los aisladores presentan corrosion | Y66: 45366 | Z66: X | AA66: 3
B67: U.P. PESADO | C67: MEREY 29 | D67: 53 | E67: Amarre en 45° | H67: 6 | O67: 6 | T67: 45323 | U67: X | V67: 6 | W67: Delta fase C | Y67: 45366 | Z67: X | AA67: 6 | AD67: 45394 | AE67: Ejecutada
B68: U.P. PESADO | C68: MEREY 29 | D68: 54 | E68: Pase | G68: 3 | Y68: 45366 | Z68: X | AA68: 3
B69: U.P. PESADO | C69: MEREY 29 | D69: 55 | E69: Pase | G69: 3 | Y69: 45366 | Z69: X | AA69: 3
B70: U.P. PESADO | C70: MEREY 29 | D70: 56 | E70: Pase | G70: 3 | Y70: 45366 | Z70: X | AA70: 3
B71: U.P. PESADO | C71: MEREY 29 | D71: 57 | E71: Amarre en 90° | G71: 1 | H71: 6 | O71: 5 | T71: 45323 | U71: X | V71: 5 | Y71: 45366 | Z71: X | AA71: 7
B72: U.P. PESADO | C72: MEREY 29 | D72: 58 | E72: Pase con derivacion en 90° | G72: 4 | H72: 3 | N72: 3 | O72: 6 | T72: 45323 | U72: X | V72: 6 | Y72: 45366 | Z72: X | AA72: 10
B73: U.P. PESADO | C73: MEREY 29 | D73: 59 | E73: Poste terminal / Poste amarre | G73: 2 | I73: 6 | O73: 3 | T73: 45323 | U73: X | V73: 3 | Y73: 45366 | Z73: X | AA73: 8
B74: U.P. PESADO | C74: MEREY 29 | D74: 60 | E74: Pase con derivacion en 45° | G74: 3 | H74: 3 | N74: 3 | O74: 3 | T74: 45323 | U74: X | V74: 3 | Y74: 45366 | Z74: X | AA74: 9
B75: U.P. PESADO | C75: MEREY 29 | D75: 61 | E75: Pase | G75: 3 | N75: 3 | Y75: 45366 | Z75: X | AA75: 6
B76: U.P. PESADO | C76: MEREY 29 | D76: 62 | E76: Pase | G76: 3 | Y76: 45366 | Z76: X | AA76: 3
B77: U.P. PESADO | C77: MEREY 29 | D77: 63 | E77: Pase | G77: 3 | N77: 3 | S77: NIVEL 3: Reemplazar Espigas y Palillos, mejorar conexión de pararrayos | Y77: 45366 | Z77: X | AA77: 6 | AD77: 45393 | AE77: Ejecutada
B78: U.P. PESADO | C78: MEREY 29 | D78: 64 | E78: Pase con derivacion en 45° | G78: 3 | I78: 3 | O78: 3 | P78: 3 | S78: NIVEL 3: Espiga y seccionadores contaminados, palillos con cierto grado de corrosion. El aislador del seccionador de la fase C presenta daños (partidura y aparente "fogonazo") | T78: 45323 | U78: X | V78: 12 | Y78: 45366 | Z78: X | AA78: 12 | AD78: 45463 | AE78: Ejecutada
B79: U.P. PESADO | C79: MEREY 29 | D79: 65 | E79: Pase | G79: 3 | N79: 3 | Y79: 45366 | Z79: X | AA79: 6
B80: U.P. PESADO | C80: MEREY 29 | D80: 66 | E80: Pase con derivacion en 90° | G80: 3 | I80: 2 | K80: 2 | O80: 2 | S80: NIVEL 3: Aislador de la fase C presenta daños (partidura en la parte inferior) | T80: 45323 | U80: X | V80: 4 | Y80: 45366 | Z80: X | AA80: 5 | AB80: NIVEL 3: EFECTO CORONA ENESPIGA FASE C | AD80: 45392 | AE80: Ejecutada
B81: U.P. PESADO | C81: MEREY 29 | D81: 67 | E81: Poste Terminal Tx | H81: 3 | I81: 9 | K81: 3 | O81: 3 | S81: 1 cc abierto, y 2 cerrados; CA son bajantes | T81: 45323 | U81: X | V81: 10 | Y81: 45366 | Z81: X | AA81: 6
B82: U.P. PESADO | C82: MEREY 29 | D82: 68 | E82: Pase | G82: 3 | Y82: 45366 | Z82: X | AA82: 3
B83: U.P. PESADO | C83: MEREY 29 | D83: 69 | E83: Pase | G83: 3 | Y83: 45366 | Z83: X | AA83: 3
B84: U.P. PESADO | C84: MEREY 29 | D84: 70 | E84: Pase | G84: 3 | N84: 3 | Y84: 45366 | Z84: X | AA84: 6
B85: U.P. PESADO | C85: MEREY 29 | D85: 71 | E85: Pase con derivacion en 90° | G85: 4 | I85: 3 | O85: 3 | P85: 3 | T85: 45323 | U85: X | V85: 6 | Y85: 45366 | Z85: X | AA85: 7 | AD85: 45392 | AE85: Ejecutada
B86: U.P. PESADO | C86: MEREY 29 | D86: 72 | E86: Pase Tx | G86: 3 | I86: 9 | K86: 3 | N86: 3 | O86: 3 | S86: CA son bajantes | T86: 45323 | U86: X | V86: 12 | W86: Delta en grapas fases A y B | Y86: 45366 | Z86: X | AA86: 9
B87: U.P. PESADO | C87: MEREY 29 | D87: 73 | E87: Pase | G87: 3 | S87: NIVEL 3: Aislador de la fase A dañado | Y87: 45366 | Z87: X | AA87: 3 | AD87: 45392 | AE87: Ejecutada
B88: U.P. PESADO | C88: MEREY 29 | D88: 74 | E88: Pase | G88: 3 | N88: 3 | Y88: 45366 | Z88: X | AA88: 6
B89: U.P. PESADO | C89: MEREY 29 | D89: 75 | E89: Pase | G89: 3 | S89: NIVEL 3: Aislador de la fase C dañado | Y89: 45366 | Z89: X | AA89: 3 | AD89: 45403 | AE89: Ejecutada
B90: U.P. PESADO | C90: MEREY 29 | D90: 76 | E90: Pase | G90: 3 | Y90: 45366 | Z90: X | AA90: 3
B91: U.P. PESADO | C91: MEREY 29 | D91: 77 | E91: Pase | G91: 3 | N91: 3 | Y91: 45366 | Z91: X | AA91: 6
B92: U.P. PESADO | C92: MEREY 29 | D92: 78 | E92: Amarre en 90° | G92: 2 | H92: 9 | O92: 11 | P92: 3 | T92: 45323 | U92: X | V92: 20 | W92: Delta en fase A y C | Y92: 45366 | Z92: X | AA92: 17 | AD92: 45398 | AE92: Ejecutada
B93: U.P. PESADO | C93: MEREY 29 | D93: 79 | E93: Pase | G93: 3 | N93: 3 | S93: NIVEL 3: Reemplazar Espigas y Pararrayos | Y93: 45376 | Z93: X | AA93: 6 | AD93: 45393 | AE93: Ejecutada | AF93: PENDIENTE ESPIGAS
B94: U.P. PESADO | C94: MEREY 29 | D94: 80 | E94: Pase | G94: 3 | Y94: 45376 | Z94: X | AA94: 3
B95: U.P. PESADO | C95: MEREY 29 | D95: 81 | E95: Amarre en 90° | G95: 3 | H95: 9 | O95: 3 | P95: 3 | T95: 45323 | U95: X | V95: 6 | Y95: 45376 | Z95: X | AA95: 18 | AD95: 45399 | AE95: Ejecutada
B96: U.P. PESADO | C96: MEREY 29 | D96: 82 | E96: Pase | G96: 3 | I96: 1 | P96: 2 | Y96: 45376 | Z96: X | AA96: 3
B97: U.P. PESADO | C97: MEREY 29 | D97: 83 | E97: Pase | G97: 3 | N97: 3 | Y97: 45376 | Z97: X | AA97: 6
B98: U.P. PESADO | C98: MEREY 29 | D98: 84 | E98: Pase | G98: 3 | S98: NIVEL 3: Aislador de fase C quebrado | Y98: 45376 | Z98: X | AA98: 3 | AD98: 45464 | AE98: Ejecutada
B99: U.P. PESADO | C99: MEREY 29 | D99: 85 | E99: Pase | G99: 3 | N99: 3 | Y99: 45376 | Z99: X | AA99: 6
B100: U.P. PESADO | C100: MEREY 29 | D100: 86 | E100: Pase | G100: 6 | Y100: 45376 | Z100: X | AA100: 3
B101: U.P. PESADO | C101: MEREY 29 | D101: 87 | E101: Pase | G101: 3 | Y101: 45376 | Z101: X | AA101: 3
B102: U.P. PESADO | C102: MEREY 29 | D102: 88 | E102: Amarre en 45° | G102: 2 | H102: 3 | I102: 3 | O102: 3 | T102: 45325 | U102: X | V102: 3 | Y102: 45376 | Z102: X | AA102: 8
B103: U.P. PESADO | C103: MEREY 29 | D103: 89 | E103: Amarre | I103: 6 | N103: 3 | O103: 3 | T103: 45325 | U103: X | V103: 3 | Y103: 45376 | Z103: X | AA103: 9
B104: U.P. PESADO | C104: MEREY 29 | D104: 90 | E104: Pase | G104: 3 | S104: NIVEL 3: Aislador fase B deteriorado | Y104: 45376 | Z104: X | AA104: 3 | AD104: 45565 | AE104: Ejecutada
B105: U.P. PESADO | C105: MEREY 29 | D105: 91 | E105: Pase | G105: 3 | Y105: 45376 | Z105: X | AA105: 3
...

Sheet Merey-20
E3: Calidad | AF3: CODIGO: FO-CA-GE-02-E
AF4: REVISION: 00
E5: Máster de Inspección | AF5: FECHA DE EMISIÓN: 28-02-2024
B8: Nombre del Proyecto: | E8: "Mantenimiento En El Sistema Eléctrico De Distribución 13.8 Kv De La División Ayacucho" | Y8: Nro. de Contrato: | AB8: 4600135303
B9: Disciplina | E9: Electricidad | Y9: Ubicación: | AB9: División Ayacucho
B10: DATOS | F10: MANTENIMIENTO PREDICTIVO EJECUTADO | AD10: MANTENIMIENTO PREVENTIVO EJECUTADO
F12: VISUAL | T12: TERMOGRAFÍA | Y12: ULTRASONIDO | AD12: INTERVENCIÓN
F13: Componentes
B14: Frente | C14: Circuito | D14: Nro. De poste | E14: Descripción | F14: Fecha V | G14: Aislador de Espiga (AE) | H14: Aislador Polimericos (APT ) 34,5 Kv | I14: Aislador de Cadena (Ac) | J14: Aislador Polimericos (APs ) 69 Kv | K14: Cortacorriente (CC) | L14: Abierto | M14: Cerrado | N14: Pararrayos (P) | O14: Grapa ( G ) | P14: Seccionador (SM) | Q14: Abierto 2 | R14: Cerrado3 | S14: Falla Detectada V | T14: Fecha T | U14: Ejecutado T | V14: Puntos de Termografía | W14: Falla Detectada T | X14: Observación T | Y14: Fecha UT | Z14: Ejecutado UT | AA14: Puntos de Ultrasonido | AB14: Falla Detectada UT | AC14: Observación UT | AD14: Fecha | AE14: Ejecutado MTTO | AF14: Observación
B15: U.P. PESADO | C15: MEREY-20 | D15: 1 | E15: Poste Terminal | G15: 6 | H15: 6 | N15: 6 | O15: 4 | P15: 6 | S15: Contaminación. No se aprecia la conexión de PAT de los pararrayos. 6 seccionadores, 3 abiertos y 3 cerrados. La tornillería de los terminales de los seccionadores que estan cerrrados presentan corrosión, se recomienda cambiarlos. En el vano comprendido entre los postes 1 y 2, hay dos emplames en la fase C con conectores automaticos. | T15: 45364 | U15: X | V15: 16 | X15: 3 SM Abierto y 3 Cerrado | Y15: 45390 | Z15: X | AA15: 20
B16: U.P. PESADO | C16: MEREY-20 | D16: 2 | E16: Poste suspensión | I16: 6 | N16: 6 | S16: Aisladores y pararrayos muy contaminados. PAT de los pararrayos conectado directo a poste. | Y16: 45390 | Z16: X | AA16: 12
B17: U.P. PESADO | C17: MEREY-20 | D17: 3 | E17: Poste suspensión | I17: 6 | S17: Contaminación | Y17: 45390 | Z17: X | AA17: 6
B18: U.P. PESADO | C18: MEREY-20 | D18: 4 | E18: Poste suspensión | I18: 6 | S18: Contaminación. Pin de acople de los aisladores a la grapa de suspensión de la línea presenta corrosión. | Y18: 45390 | Z18: X | AA18: 6
B19: U.P. PESADO | C19: MEREY-20 | D19: 5 | E19: Amarre | I19: 12 | N19: 6 | O19: 12 | S19: Aisladores y pararrayos muy contaminados. | T19: 45364 | U19: X | V19: 12 | Y19: 45390 | Z19: X | AA19: 18
B20: U.P. PESADO | C20: MEREY-20 | D20: 6 | E20: Amarre en 45° | I20: 12 | O20: 12 | S20: Aisladores muy contaminados. | T20: 45364 | U20: X | V20: 12 | Y20: 45390 | Z20: X | AA20: 12
B21: U.P. PESADO | C21: MEREY-20 | D21: 7 | E21: Poste suspensión | I21: 6 | S21: NIVEL 3: 3 cadenas de aisladores dañados, de los cuales una tiene un aislador partido. Se deben reemplazar. | Y21: 45390 | Z21: X | AA21: 6
B22: U.P. PESADO | C22: MEREY-20 | D22: 8 | E22: Poste suspensión | I22: 6 | N22: 6 | S22: Contaminación. Pararrayos muy contaminados. PAT de los pararrayos conectado directo a poste. | Y22: 45390 | Z22: X | AA22: 12 | AB22: NIVEL 3: EFECTO CORONA EN P FASE B Y C, (LADO IZQUIERDO); AC EFECTO CORONA EN FASE A, B Y C
B23: U.P. PESADO | C23: MEREY-20 | D23: 9 | E23: Amarre | I23: 12 | O23: 24 | S23: Contaminación | T23: 45364 | U23: X | V23: 24 | W23: Delta en grapa fase A | Y23: 45390 | Z23: X | AA23: 12
B24: U.P. PESADO | C24: MEREY-20 | D24: 10 | E24: Poste suspensión | I24: 6 | S24: Contaminación | Y24: 45390 | Z24: X | AA24: 6
B25: U.P. PESADO | C25: MEREY-20 | D25: 11 | E25: Poste suspensión | I25: 6 | N25: 6 | S25: Contaminación | Y25: 45390 | Z25: X | AA25: 12
B26: U.P. PESADO | C26: MEREY-20 | D26: 12 | E26: Poste suspensión | I26: 6 | S26: Contaminación | Y26: 45390 | Z26: X | AA26: 6
B27: U.P. PESADO | C27: MEREY-20 | D27: 13 | E27: Poste suspensión | I27: 6 | S27: Contaminación | Y27: 45390 | Z27: X | AA27: 6
B28: U.P. PESADO | C28: MEREY-20 | D28: 14 | E28: Poste suspensión | I28: 6 | N28: 6 | S28: Contaminación | Y28: 45390 | Z28: X | AA28: 12
B29: U.P. PESADO | C29: MEREY-20 | D29: 15 | E29: Poste suspensión | I29: 6 | S29: Contaminación. Cadenas de aisladores con el pin de acople a la grapa de suspensión de la línea con corrosión. | Y29: 45390 | Z29: X | AA29: 6
B30: U.P. PESADO | C30: MEREY-20 | D30: 16 | E30: Poste suspensión | I30: 6 | S30: Contaminación | Y30: 45390 | Z30: X | AA30: 6
B31: U.P. PESADO | C31: MEREY-20 | D31: 17 | E31: Amarre | I31: 12 | N31: 6 | O31: 12 | S31: Contaminación | T31: 45364 | U31: X | V31: 12 | Y31: 45390 | Z31: X | AA31: 18
B32: U.P. PESADO | C32: MEREY-20 | D32: 18 | E32: Amarre | I32: 12 | O32: 12 | S32: Contaminación | T32: 45364 | U32: X | V32: 12 | Y32: 45390 | Z32: X | AA32: 12
B33: U.P. PESADO | C33: MEREY-20 | D33: 19 | E33: Poste suspensión | I33: 6 | S33: Contaminación | Y33: 45390 | Z33: X | AA33: 6 | AB33: NIVEL 3: AC EFECTO CORONA EN FASE A, B Y C
B34: U.P. PESADO | C34: MEREY-20 | D34: 20 | E34: Poste suspensión | I34: 6 | N34: 6 | S34: Contaminación | Y34: 45390 | Z34: X | AA34: 12
B35: U.P. PESADO | C35: MEREY-20 | D35: 21 | E35: Poste suspensión | H35: 1 | I35: 5 | S35: Contaminación | Y35: 45390 | Z35: X | AA35: 6
B36: U.P. PESADO | C36: MEREY-20 | D36: 22 | E36: Poste suspensión | I36: 6 | S36: Contaminación | Y36: 45390 | Z36: X | AA36: 6
B37: U.P. PESADO | C37: MEREY-20 | D37: 23 | E37: Poste suspensión | I37: 6 | N37: 6 | S37: Contaminación | Y37: 45390 | Z37: X | AA37: 12
B38: U.P. PESADO | C38: MEREY-20 | D38: 24 | E38: Poste suspensión | I38: 6 | S38: Contaminación. Cadenas de aisladores con el pin de acople a la grapa de suspensión de la línea con corrosión. | Y38: 45390 | Z38: X | AA38: 6
B39: U.P. PESADO | C39: MEREY-20 | D39: 25 | E39: Amarre | I39: 12 | O39: 21 | P39: 3 | R39: X | S39: Contaminación | T39: 45364 | U39: X | V39: 30 | Y39: 45390 | Z39: X | AA39: 18
B40: U.P. PESADO | C40: MEREY-20 | D40: 26 | E40: Amarre | I40: 12 | N40: 6 | O40: 12 | S40: Contaminación | T40: 45364 | U40: X | V40: 12 | Y40: 45390 | Z40: X | AA40: 18
B41: U.P. PESADO | C41: MEREY-20 | D41: 27 | E41: Poste suspensión | I41: 6 | S41: Contaminación | Y41: 45390 | Z41: X | AA41: 6
B42: U.P. PESADO | C42: MEREY-20 | D42: 28 | E42: Poste suspensión | I42: 6 | S42: Contaminación | Y42: 45390 | Z42: X | AA42: 6
B43: U.P. PESADO | C43: MEREY-20 | D43: 29 | E43: Poste suspensión | I43: 6 | N43: 6 | S43: Contaminación | Y43: 45390 | Z43: X | AA43: 12
B44: U.P. PESADO | C44: MEREY-20 | D44: 30 | E44: Poste suspensión | I44: 6 | S44: Contaminación | Y44: 45390 | Z44: X | AA44: 6
B45: U.P. PESADO | C45: MEREY-20 | D45: 31 | E45: Poste suspensión | I45: 6 | S45: Contaminación | Y45: 45390 | Z45: X | AA45: 6
B46: U.P. PESADO | C46: MEREY-20 | D46: 32 | E46: Poste suspensión | I46: 6 | N46: 6 | S46: NIVEL 3: Una cadena de aisladores con el pin de acople a la grapa de suspensión de la línea con alto grado de corrosión, se recomienda cambiarla. | Y46: 45390 | Z46: X | AA46: 12
B47: U.P. PESADO | C47: MEREY-20 | D47: 33 | E47: Amarre | I47: 12 | O47: 6 | S47: Contaminación | T47: 45364 | U47: X | V47: 6 | Y47: 45390 | Z47: X | AA47: 12
B48: U.P. PESADO | C48: MEREY-20 | D48: 34 | E48: Poste suspensión | I48: 6 | S48: Contaminación | Y48: 45390 | Z48: X | AA48: 6
B49: U.P. PESADO | C49: MEREY-20 | D49: 35 | E49: Poste suspensión | I49: 6 | N49: 5 | S49: Contaminación. Falta un pararrayos. | Y49: 45390 | Z49: X | AA49: 11
B50: U.P. PESADO | C50: MEREY-20 | D50: 36 | E50: Poste suspensión | I50: 6 | S50: NIVEL 3: Dos cadenas de aisladores con el pin de acople a la grapa de suspensión de la línea con alto grado de corrosión, se recomienda cambiarlas. | Y50: 45390 | Z50: X | AA50: 6
B51: U.P. PESADO | C51: MEREY-20 | D51: 37 | E51: Amarre | I51: 12 | O51: 6 | S51: Contaminación | T51: 45364 | U51: X | V51: 6 | Y51: 45390 | Z51: X | AA51: 12
B52: U.P. PESADO | C52: MEREY-20 | D52: 38 | E52: Amarre en 90° | G52: 2 | I52: 6 | N52: 3 | O52: 6 | S52: Contaminación. Pararrayos con conexión directo al poste. | T52: 45364 | U52: X | V52: 6 | W52: Delta en grapa fase B | Y52: 45391 | Z52: X | AA52: 10
B53: U.P. PESADO | C53: MEREY-20 | D53: 39 | E53: Amarre en 90° | G53: 4 | I53: 6 | N53: 3 | O53: 6 | S53: Contaminación | T53: 45364 | U53: X | V53: 6 | W53: Delta en grapa fase B | Y53: 45391 | Z53: X | AA53: 11
B54: U.P. PESADO | C54: MEREY-20 | D54: 40 | E54: Amarre | G54: 1 | H54: 6 | O54: 6 | S54: Contaminación | T54: 45364 | U54: X | V54: 6 | Y54: 45391 | Z54: X | AA54: 7
B55: U.P. PESADO | C55: MEREY-20 | D55: 41 | E55: Amarre | G55: 1 | I55: 6 | O55: 6 | S55: Contaminación | T55: 45364 | U55: X | V55: 6 | Y55: 45391 | Z55: X | AA55: 7
B56: U.P. PESADO | C56: MEREY-20 | D56: 42 | E56: Amarre | I56: 12 | O56: 6 | S56: Contaminación | T56: 45364 | U56: X | V56: 6 | Y56: 45391 | Z56: X | AA56: 12
B57: U.P. PESADO | C57: MEREY-20 | D57: 43 | E57: Poste suspensión | I57: 6 | N57: 6 | S57: Contaminación. Un pararrayos desconectado de la línea. | Y57: 45391 | Z57: X | AA57: 11
B58: U.P. PESADO | C58: MEREY-20 | D58: 44 | E58: Poste suspensión | I58: 6 | S58: Contaminación | Y58: 45391 | Z58: X | AA58: 6
B59: U.P. PESADO | C59: MEREY-20 | D59: 45 | E59: Poste suspensión | I59: 6 | S59: Contaminación | Y59: 45391 | Z59: X | AA59: 6
B60: U.P. PESADO | C60: MEREY-20 | D60: 46 | E60: Poste suspensión | I60: 6 | N60: 6 | S60: NIVEL 3: Pararrayos muy contaminados y dañados. Se deben reemplazar. | Y60: 45391 | Z60: X | AA60: 10
B61: U.P. PESADO | C61: MEREY-20 | D61: 47 | E61: Amarre | G61: 6 | I61: 12 | N61: 6 | O61: 7 | P61: 6 | S61: Contaminación | T61: 45364 | U61: X | V61: 19 | X61: 3 SM Abierto y 3 Cerrados | Y61: 45391 | Z61: X | AA61: 24
B62: U.P. PESADO | C62: MEREY-20 | D62: 48 | E62: Pase | G62: 3 | K62: 3 | N62: 3 | S62: Contaminación
B63: U.P. PESADO | C63: MEREY-20 | D63: 49 | E63: Pase | G63: 3 | K63: 3 | N63: 3 | S63: Aisladores y pararrayos muy contaminados. Pararrayos con PAT directo a poste. Palillos con corrosión. Palillo de la fase C presenta pérdida de material. Cortacorrientes abiertos, que derivan hacia un red subteranea con cable aislado.
B64: U.P. PESADO | C64: MEREY-20 | D64: 50 | E64: Poste Terminal | I64: 3 | K64: 3 | N64: 3 | S64: Contaminación. Pararrayos muy contaminados. PAT de los pararrayos conectado directo a poste. | Y64: 45391 | Z64: X | AA64: 6
B65: U.P. PESADO | C65: MEREY-20 | D65: 51 | E65: Amarre en 45° | H65: 1 | I65: 5 | O65: 1 | P65: 3 | Q65: X | S65: Contaminación. Seccionadores abiertos. | T65: 45364 | U65: X | V65: 4
B66: U.P. PESADO | C66: MEREY-20 | D66: 52 | E66: Pase | G66: 3 | K66: 3 | S66: Aisladores muy contaminados. Palillos con cierto grado de corrosión. 3 cortacorrientes abiertos, que derivan hacia una red subteranea con cable aislado. En el vano compredido entre los postes 52 y 53 hay emplames en las fases A, B y C. Poste metalico sin PAT.
B67: U.P. PESADO | C67: MEREY-20 | D67: 53 | E67: Amarre | G67: 3 | I67: 6 | S67: Contaminación. Palillos con cierto grado de corrosión. Poste sin PAT. En el vano compredido entre los postes 52 y 53 hay emplames en las fases A, B y C
B68: U.P. PESADO | C68: MEREY-20 | D68: 54 | E68: Pase | G68: 3 | S68: Contaminación. Palillos con corrosión. Poste sin PAT.
B69: U.P. PESADO | C69: MEREY-20 | D69: 55 | E69: Amarre en 45° | G69: 1 | H69: 6 | S69: Contaminación. Palillo con cierto grado de corrosión.
B70: U.P. PESADO | C70: MEREY-20 | D70: 56 | E70: Pase | G70: 3 | S70: NIVEL 3: Todos los elementos dañados. Se debe reparar.
B71: U.P. PESADO | C71: MEREY-20 | D71: 57 | E71: Pase | G71: 3 | S71: NIVEL 3: Todos los elementos dañados. Se debe reparar.
B72: U.P. PESADO | C72: MEREY-20 | D72: 58 | E72: Amarre | G72: 2 | H72: 3 | I72: 3 | S72: NIVEL 3: Todos los elementos dañados. Se debe reparar.
B73: U.P. PESADO | C73: MEREY-20 | D73: 59 | E73: Amarre con derivación en 90° | G73: 4 | I73: 9 | S73: Contaminación. Poste sin PAT. | Y73: 45391 | Z73: X | AA73: 6
B74: U.P. PESADO | C74: MEREY-20 | D74: 60 | E74: Poste Terminal Tx | G74: 7 | I74: 3 | K74: 3 | N74: 1 | S74: NIVEL 3: Un pararrayo dañado. 3 aisladores de espiga quemados. Se debe corregir esta irregularidad. | Y74: 45391 | Z74: X | AA74: 4
B75: U.P. PESADO | C75: MEREY-20 | D75: 61 | E75: Pase con derivación en 90° | G75: 4 | I75: 3 | O75: 3 | P75: 3 | R75: X | S75: Contaminación. 3 seccionadores cerrados. | T75: 45364 | U75: X | V75: 12 | Y75: 45391 | Z75: X | AA75: 13
B76: U.P. PESADO | C76: MEREY-20 | D76: 62 | E76: Pase | G76: 3 | N76: 3 | S76: Aisladores y pararrayos muy contaminados. pararrayos con conexión a PAT directo a poste. Palillos con corrosión. | Y76: 45391 | Z76: X | AA76: 6
B77: U.P. PESADO | C77: MEREY-20 | D77: 63 | E77: Amarre en 90° | G77: 1 | I77: 6 | O77: 3 | S77: Contaminación. Palillo con cierto grado de corrosión. Poste sin PAT. | T77: 45364 | U77: X | V77: 3 | Y77: 45391 | Z77: X | AA77: 2
B78: U.P. PESADO | C78: MEREY-20 | D78: 64 | E78: Poste Terminal Tx | I78: 3 | K78: 3 | S78: NIVEL 3: Le faltan los pararrayos. | T78: 45364 | U78: X | V78: 7 | X78: 2 CC Cerrados y 1 Abierto
B79: U.P. PESADO | C79: MEREY-20 | D79: 65 | E79: Pase | G79: 3 | S79: Contaminación. Palillos con cierto grado de corrosión en el acople al aislador.
B80: U.P. PESADO | C80: MEREY-20 | D80: 66 | E80: Pase con derivación en 90° | G80: 4 | H80: 3 | O80: 9 | P80: 3 | R80: X | S80: Aisladores de espiga muy contaminados. Palillos con cierto grado de corrosión en el acople al aislador. Seccionadores M-914 cerrados. Hay un emplame en la fase B, en el vano comprendido entre los postes 66 y 67. | T80: 45365 | U80: X | V80: 18
B81: U.P. PESADO | C81: MEREY-20 | D81: 67 | E81: Pase | G81: 3 | N81: 3 | S81: Aisladores y pararrayos muy contaminados. Palillos con cierto grado de corrosión en el acople al aislador. Los pararrayos sin conexión a la línea. Se recomienda reemplazar los 3 pararrayos. La PAT de los pararrayos esta con conexión directa al poste.
B82: U.P. PESADO | C82: MEREY-20 | D82: 68 | E82: Pase | G82: 3 | S82: Aisladores muy contaminados. Palillos con cierto grado de corrosión en el acople al aislador.
B83: U.P. PESADO | C83: MEREY-20 | D83: 69 | E83: Amarre | G83: 1 | H83: 6 | O83: 4 | S83: Contaminación. Aislador de espiga muy contaminado. Palillo con cierto grado de corrosión en el acople al aislador. Pernos roscados con alto grado de corrosión, se recomienda reemplazarlos. | T83: 45365 | U83: X | V83: 4
B84: U.P. PESADO | C84: MEREY-20 | D84: 70 | E84: Pase | G84: 3 | N84: 3 | S84: Aisladores y pararrayos muy contaminados. Palillos con cierto grado de corrosión en el acople al aislador. La PAT de los pararrayos con conexión directa al cable de guarda.
B85: U.P. PESADO | C85: MEREY-20 | D85: 71 | E85: Pase | G85: 3 | S85: NIVEL 3: Palillos con cierto grado de corrosión en el acople al aislador. Aislador de la fase B con ligera inclinación con respecto al palillo (ligero desacople), se recomienda corregir esta irregularidad.
B86: U.P. PESADO | C86: MEREY-20 | D86: 72 | E86: Pase | G86: 3 | N86: 2 | S86: NIVEL 3: Pararrayos dañados y colgando de la línea, se deben reemplazar los 3 pararrayos.
B87: U.P. PESADO | C87: MEREY-20 | D87: 73 | E87: Pase con derivación en 90° | G87: 3 | I87: 3 | K87: 3 | S87: Aisladores muy contaminados. Palillos con cierto grado de corrosión en el acople al aislador. Cortacorrientes dañados y sin conexión a la línea. Derivación sin conexión a la línea.
B88: U.P. PESADO | C88: MEREY-20 | D88: 74 | E88: Pase | G88: 3 | S88: Aisladores muy contaminados. Palillos con cierto grado de corrosión en el acople al aislador.
B89: U.P. PESADO | C89: MEREY-20 | D89: 75 | E89: Pase | G89: 3 | S89: Aisladores muy contaminados. Palillos con cierto grado de corrosión en el acople al aislador.
B90: U.P. PESADO | C90: MEREY-20 | D90: 76 | E90: Pase | G90: 3 | S90: NIVEL 3: Palillos con cierto grado de corrosión en el acople al aislador. Fase B dañada (conductor a punto de partirse), se debe corregir esta irregularidad.
B91: U.P. PESADO | C91: MEREY-20 | D91: 77 | E91: Pase con derivación en 90° | G91: 4 | H91: 3 | O91: 14 | P91: 3 | R91: X | S91: Aisladores de espiga muy contaminados. Palillos con cierto grado de corrosión en el acople al aislador. Seccionadores M-369 cerrados. | T91: 45365 | U91: X | V91: 23
B92: U.P. PESADO | C92: MEREY-20 | D92: 78 | E92: Pase | G92: 3 | S92: Aisladores muy contaminados. Palillos con cierto grado de corrosión en el acople al aislador. Cruceta presenta ligera inclinación.
B93: U.P. PESADO | C93: MEREY-20 | D93: 79 | E93: Pase | G93: 3 | S93: Aisladores muy contaminados. Palillos con cierto grado de corrosión en el acople al aislador. Cruceta presenta ligera inclinación.
B94: U.P. PESADO | C94: MEREY-20 | D94: 80 | E94: Pase | G94: 3 | N94: 3 | S94: Aisladores y pararrayos muy contaminados. Palillos con cierto grado de corrosión en el acople al aislador.
B95: U.P. PESADO | E95: POSTE COMPARTIDO CON MEREY 29 | R95: POSTE COMPARTIDO CON MEREY 29 | Y95: POSTE COMPARTIDO CON MEREY 29
B96: U.P. PESADO | C96: MEREY-20 | D96: 81 | E96: Amarre | I96: 6 | O96: 9 | P96: 3 | R96: X | S96: Contaminación. Seccionadores M-913 cerrados. Emplames entre las fases A y C en el vano comprendido entre los postes 77 y 81, con conectores automaticos y acompreción. | T96: 45365 | U96: X | V96: 18
B97: U.P. PESADO | C97: MEREY-20 | D97: 82 | E97: Pase | G97: 3 | S97: NIVEL 3: Aislador de la fase A con la falda inferior rota, se debe reemplazar de inmediato. Los conductores de las fases A y B estan a baja altura, en el vano comprendido entre los postes 82 y 83.
B98: U.P. PESADO | C98: MEREY-20 | D98: 83 | E98: Pase | G98: 3 | S98: NIVEL 3: Aislador de la fase B con segunda y tercera falda inferior partida, se debe reemplazar de inmediato. Los conductores de las fases A y B estan a baja altura, en el vano comprendido entre los postes 82 y 83 y entre los postes 83 y 84.
B99: U.P. PESADO | C99: MEREY-20 | D99: 84 | E99: Pase con derivación en 90° | G99: 4 | H99: 3 | O99: 3 | P99: 3 | Q99: X | S99: NIVEL 3: Aislador de la fase C desacoplado del palilllo, se debe corregir esta irregularidad. Seccionadores M-912 cerrados. Derivación fuera de servicio con dos fases cortadas. Los conductores de las fases A y B estan a baja altura, en el vano comprendido entre los postes 83 y 84. | T99: 45365 | U99: X | V99: 6
B100: U.P. PESADO | C100: MEREY-20 | D100: 85 | E100: Pase | G100: 3 | K100: 3 | N100: 3 | O100: 2 | S100: NIVEL 3: Pararrayos dañados y desconectados de la línea, se deben reemplazar los 3 pararrayos. Cortacorrientes dañados. El de la fase C se le fundio la conexión de la línea, se deben retirar los 3 cortacorrientes. Los conductores de las fase A y B a baja altura, en el vano comprendido entre los postes 85 y 86. | T100: 45365 | U100: X | V100: 4 | X100: 2 CC Cerrados y 1 Desconectado
B101: U.P. PESADO | C101: MEREY-20 | D101: 86 | E101: Pase | G101: 3 | S101: Aisladores muy contaminados. Palillos con cierto grado de corrosión en el acople al aislador. Los conductores de las fase A y B a baja altura, en el vano comprendido entre los postes 85 y 86 y entre los postes 86 y 87.
B102: U.P. PESADO | C102: MEREY-20 | D102: 87 | E102: Pase | G102: 4 | N102: 3 | O102: 5 | P102: 3 | Q102: X | S102: Aisladores muy contaminados. Palillos con cierto grado de corrosión en el acople al aislador. Seccionadores M-911 abiertos y sin conexión a alguna derivación. Los conductores de las fase A y B a baja altura, en el vano comprendido entre los postes 86 y 87 y entre los postes 87 y 88. | T102: 45365 | U102: X | V102: 8
B103: U.P. PESADO | C103: MEREY-20 | D103: 88 | E103: Pase | G103: 3 | S103: Aisladores muy contaminados. Los conductores de las fase A y B a baja altura, en el vano comprendido entre los postes 87 y 88 y entre los postes 88 y 89.
B104: U.P. PESADO | C104: MEREY-20 | D104: 89 | E104: Amarre | I104: 6 | O104: 7 | P104: 3 | R104: X | S104: Aisladores muy contaminados. Seccionadores M-909 cerrados. Tornilleria de los terminales de los seccionadores con corrosión. Herajes con corrosión. Emplames en las fases A, B y C. Los conductores de las fase A y B a baja altura, en el vano comprendido entre los postes 89 y 90. | T104: 45365 | U104: X | V104: 16
B105: U.P. PESADO | C105: MEREY-20 | D105: 90 | E105: Pase | G105: 3 | S105: Aisladores muy contaminados. Palillos con cierto grado de corrosión en el acople al aislador. Los conductores de las fase A y B a baja altura, en el vano comprendido entre los poste 90 y 91.
...

Sheet Remiga
E3: Calidad | AF3: CODIGO: FO-CA-GE-02-E
AF4: REVISION: 00
E5: Máster de Inspección | AF5: FECHA DE EMISIÓN: 28-02-2024
B8: Nombre del Proyecto: | E8: "Mantenimiento En El Sistema Eléctrico De Distribución 13.8 Kv De La División Ayacucho" | Y8: Nro. de Contrato: | AB8: 4600135303
B9: Disciplina | E9: Electricidad | Y9: Ubicación: | AB9: División Ayacucho
B10: DATOS | F10: MANTENIMIENTO PREDICTIVO EJECUTADO | AD10: MANTENIMIENTO PREVENTIVO EJECUTADO
F12: VISUAL | T12: TERMOGRAFÍA | Y12: ULTRASONIDO | AD12: INTERVENCIÓN
F13: Componentes
B14: Frente | C14: Circuito | D14: Nro. De poste | E14: Descripción | F14: Fecha V | G14: Aislador de Espiga (AE) | H14: Aislador Polimericos (APT ) 34,5 Kv | I14: Aislador de Cadena (Ac) | J14: Aislador Polimericos (APs ) 69 Kv | K14: Cortacorriente (CC) | L14: Abierto | M14: Cerrado | N14: Pararrayos (P) | O14: Grapa ( G ) | P14: Seccionador (SM) | Q14: Abierto 2 | R14: Cerrado3 | S14: Falla Detectada V | T14: Fecha T | U14: Ejecutado T | V14: Puntos de Termografía | W14: Falla Detectada T | X14: Observación T | Y14: Fecha UT | Z14: Ejecutado UT | AA14: Puntos de Ultrasonido | AB14: Falla Detectada UT | AC14: Observación UT | AD14: Fecha | AE14: Ejecutado MTTO | AF14: Observación
B15: U.P. PESADO | C15: REMIGA | D15: 0 | E15: Estructura | G15: 3 | J15: 3 | N15: 3 | O15: 6 | P15: 3 | T15: 45205 | U15: X | V15: 12
B16: U.P. PESADO | C16: REMIGA | D16: 1 | E16: Amarre 90° | G16: 3 | H16: 6 | J16: 3 | O16: 12 | P16: 6 | T16: 45205 | U16: X | V16: 14
B17: U.P. PESADO | C17: REMIGA | D17: 2 | E17: Estructura de Amarre | H17: 12 | O17: 12 | T17: 45205 | U17: X | V17: 12
B18: U.P. PESADO | C18: REMIGA | D18: 3 | E18: Estructura de Amarre | H18: 12 | O18: 12 | T18: 45205 | U18: X | V18: 12
B19: U.P. PESADO | C19: REMIGA | D19: 4 | E19: Suspensión | H19: 6 | T19: 45205 | U19: X | V19: 6
B20: U.P. PESADO | C20: REMIGA | D20: 5 | E20: Suspensión | H20: 6 | T20: 45205 | U20: X | V20: 6
B21: U.P. PESADO | C21: REMIGA | D21: 6 | E21: Amarre | G21: 2 | H21: 6 | J21: 6 | O21: 12 | T21: 45205 | U21: X | V21: 14
B22: U.P. PESADO | C22: REMIGA | D22: 7 | E22: Amarre | G22: 2 | J22: 12 | O22: 12 | T22: 45205 | U22: X | V22: 14
B23: U.P. PESADO | C23: REMIGA | D23: 8 | E23: Suspensión | H23: 6 | T23: 45205 | U23: X | V23: 6
B24: U.P. PESADO | C24: REMIGA | D24: 9 | E24: Suspensión | H24: 6 | T24: 45205 | U24: X | V24: 6
B25: U.P. PESADO | C25: REMIGA | D25: 10 | E25: Suspensión | H25: 6 | T25: 45205 | U25: X | V25: 6
B26: U.P. PESADO | C26: REMIGA | D26: 11 | E26: Suspensión | H26: 6 | T26: 45205 | U26: X | V26: 6
B27: U.P. PESADO | C27: REMIGA | D27: 12 | E27: Amarre | G27: 2 | J27: 12 | O27: 12 | T27: 45205 | U27: X | V27: 14
B28: U.P. PESADO | C28: REMIGA | D28: 13 | E28: Suspensión | H28: 6 | T28: 45205 | U28: X | V28: 6
B29: U.P. PESADO | C29: REMIGA | D29: 14 | E29: Suspensión | H29: 6 | T29: 45205 | U29: X | V29: 6
B30: U.P. PESADO | C30: REMIGA | D30: 15 | E30: Suspensión | H30: 6 | T30: 45205 | U30: X | V30: 6
B31: U.P. PESADO | C31: REMIGA | D31: 16 | E31: Suspensión | H31: 6 | T31: 45205 | U31: X | V31: 6
B32: U.P. PESADO | C32: REMIGA | D32: 17 | E32: Amarre | G32: 2 | J32: 12 | O32: 12 | T32: 45205 | U32: X | V32: 14
B33: U.P. PESADO | C33: REMIGA | D33: 18 | E33: Suspensión | H33: 6 | T33: 45205 | U33: X | V33: 6
B34: U.P. PESADO | C34: REMIGA | D34: 19 | E34: Amarre 30° | G34: 2 | J34: 12 | O34: 12 | T34: 45205 | U34: X | V34: 14
B35: U.P. PESADO | C35: REMIGA | D35: 20 | E35: Suspensión | H35: 6 | T35: 45205 | U35: X | V35: 6
B36: U.P. PESADO | C36: REMIGA | D36: 21 | E36: Suspensión | H36: 6 | T36: 45205 | U36: X | V36: 6
B37: U.P. PESADO | C37: REMIGA | D37: 22 | E37: Amarre | G37: 2 | J37: 12 | O37: 12 | T37: 45205 | U37: X | V37: 14
B38: U.P. PESADO | C38: REMIGA | D38: 23 | E38: Suspensión | H38: 6 | T38: 45205 | U38: X | V38: 6
B39: U.P. PESADO | C39: REMIGA | D39: 24 | E39: Suspensión | H39: 6 | T39: 45205 | U39: X | V39: 6
B40: U.P. PESADO | C40: REMIGA | D40: 25 | E40: Suspensión | H40: 6 | T40: 45205 | U40: X | V40: 6
B41: U.P. PESADO | C41: REMIGA | D41: 26 | E41: Suspensión | H41: 6 | T41: 45205 | U41: X | V41: 6
B42: U.P. PESADO | C42: REMIGA | D42: 27 | E42: Amarre | G42: 2 | J42: 12 | O42: 12 | T42: 45205 | U42: X | V42: 14
B43: U.P. PESADO | C43: REMIGA | D43: 28 | E43: Suspensión | H43: 4 | J43: 2 | T43: 45205 | U43: X | V43: 6
B44: U.P. PESADO | C44: REMIGA | D44: 29 | E44: Suspensión | H44: 4 | J44: 2 | T44: 45205 | U44: X | V44: 6
B45: U.P. PESADO | C45: REMIGA | D45: 30 | E45: Suspensión | H45: 4 | J45: 2 | T45: 45205 | U45: X | V45: 6
B46: U.P. PESADO | C46: REMIGA | D46: 31 | E46: Suspensión | H46: 4 | J46: 2 | T46: 45205 | U46: X | V46: 6
B47: U.P. PESADO | C47: REMIGA | D47: 32 | E47: Amarre | G47: 2 | J47: 12 | O47: 12 | T47: 45205 | U47: X | V47: 14
B48: U.P. PESADO | C48: REMIGA | D48: 33 | E48: Suspensión | H48: 4 | J48: 2 | T48: 45205 | U48: X | V48: 6
B49: U.P. PESADO | C49: REMIGA | D49: 34 | E49: Suspensión | H49: 5 | J49: 1 | T49: 45205 | U49: X | V49: 6
B50: U.P. PESADO | C50: REMIGA | D50: 35 | E50: Suspensión | H50: 5 | J50: 1 | T50: 45205 | U50: X | V50: 6
B51: U.P. PESADO | C51: REMIGA | D51: 36 | E51: Suspensión | H51: 4 | J51: 2 | T51: 45205 | U51: X | V51: 6
B52: U.P. PESADO | C52: REMIGA | D52: 37 | E52: Amarre | G52: 2 | J52: 12 | O52: 12 | T52: 45205 | U52: X | V52: 14
B53: U.P. PESADO | C53: REMIGA | D53: 38 | E53: Suspensión | H53: 6 | T53: 45205 | U53: X | V53: 6
B54: U.P. PESADO | C54: REMIGA | D54: 39 | E54: Suspensión | H54: 6 | T54: 45205 | U54: X | V54: 6
B55: U.P. PESADO | C55: REMIGA | D55: 40 | E55: Suspensión | H55: 6 | T55: 45205 | U55: X | V55: 6
B56: U.P. PESADO | C56: REMIGA | D56: 41 | E56: Suspensión | H56: 6 | T56: 45205 | U56: X | V56: 6
B57: U.P. PESADO | C57: REMIGA | D57: 42 | E57: Amarre | G57: 2 | H57: 6 | J57: 6 | O57: 12 | T57: 45205 | U57: X | V57: 14
B58: U.P. PESADO | C58: REMIGA | D58: 43 | E58: Suspensión | H58: 6 | S58: NIVEL 3: Aisladores Polimericos con Grietas
B59: U.P. PESADO | C59: REMIGA | D59: 44 | E59: Suspensión | H59: 6
B60: U.P. PESADO | C60: REMIGA | D60: 45 | E60: Suspensión | H60: 6
B61: U.P. PESADO | C61: REMIGA | D61: 46 | E61: Suspensión | H61: 6
B62: U.P. PESADO | C62: REMIGA | D62: 47 | E62: Amarre | G62: 2 | H62: 12 | O62: 12 | T62: 45572 | U62: X | V62: 12
B63: U.P. PESADO | C63: REMIGA | D63: 48 | E63: Suspensión | H63: 6
B64: U.P. PESADO | C64: REMIGA | D64: 49 | E64: Suspensión | H64: 6
B65: U.P. PESADO | C65: REMIGA | D65: 50 | E65: Suspensión | H65: 6
B66: U.P. PESADO | C66: REMIGA | D66: 51 | E66: Suspensión | H66: 6
B67: U.P. PESADO | C67: REMIGA | D67: 52 | E67: Amarre | G67: 2 | H67: 12 | O67: 13 | T67: 45572 | U67: X | V67: 13
B68: U.P. PESADO | C68: REMIGA | D68: 53 | E68: Suspensión | H68: 6
B69: U.P. PESADO | C69: REMIGA | D69: 54 | E69: Suspensión | H69: 6
B70: U.P. PESADO | C70: REMIGA | D70: 55 | E70: Suspensión | H70: 6
B71: U.P. PESADO | C71: REMIGA | D71: 56 | E71: Suspensión | H71: 6 | S71: NIVEL 3: Fractura en Fase A
B72: U.P. PESADO | C72: REMIGA | D72: 57 | E72: Amarre | G72: 2 | H72: 6 | J72: 6 | O72: 12 | S72: NIVEL 3: Fractura en Fase B | T72: 45572 | U72: X | V72: 12
B73: U.P. PESADO | C73: REMIGA | D73: 58 | E73: Estructura de Pase | G73: 6
B74: U.P. PESADO | C74: REMIGA | D74: 59 | E74: Amarre | G74: 2 | H74: 6 | J74: 6 | O74: 12 | T74: 45572 | U74: X | V74: 12
B75: U.P. PESADO | C75: REMIGA | D75: 60 | E75: Suspensión | H75: 6
B76: U.P. PESADO | C76: REMIGA | D76: 61 | E76: Suspensión | H76: 6 | S76: NIVEL 3: Fase A y C, Fractura
B77: U.P. PESADO | C77: REMIGA | D77: 62 | E77: Suspensión | H77: 6
B78: U.P. PESADO | C78: REMIGA | D78: 63 | E78: Suspensión | H78: 6 | S78: NIVEL 3: Revisar componente
B79: U.P. PESADO | C79: REMIGA | D79: 64 | E79: Amarre | G79: 2 | H79: 12 | O79: 12 | T79: 45572 | U79: X | V79: 12
B80: U.P. PESADO | C80: REMIGA | D80: 65 | E80: Suspensión | G80: 3 | H80: 3 | S80: NIVEL 3: Revisar componente
B81: U.P. PESADO | C81: REMIGA | D81: 66 | E81: Amarre 90° | G81: 4 | H81: 12 | O81: 12 | T81: 45572 | U81: X | V81: 12
B82: U.P. PESADO | C82: REMIGA | D82: 67 | E82: Pase | G82: 6 | S82: NIVEL 3: Revisar componente
B83: U.P. PESADO | C83: REMIGA | D83: 68 | E83: Amarre | G83: 2 | H83: 6 | J83: 6 | O83: 12 | S83: NIVEL 3: Fractura en Fase A | T83: 45572 | U83: X | V83: 12
B84: U.P. PESADO | C84: REMIGA | D84: 69 | E84: Pase | G84: 12
B85: U.P. PESADO | C85: REMIGA | D85: 70 | E85: Pase | G85: 6
B86: U.P. PESADO | C86: REMIGA | D86: 71 | E86: Amarre | G86: 2 | H86: 6 | J86: 6 | O86: 12 | S86: NIVEL 3: Terna 2, Fase A y C Fractura | T86: 45572 | U86: X | V86: 12
B87: U.P. PESADO | C87: REMIGA | D87: 72 | E87: Suspensión | H87: 6
B88: U.P. PESADO | C88: REMIGA | D88: 73 | E88: Suspensión | H88: 6
B89: U.P. PESADO | C89: REMIGA | D89: 74 | E89: Suspensión | H89: 6
B90: U.P. PESADO | C90: REMIGA | D90: 75 | E90: Suspensión | H90: 6
B91: U.P. PESADO | C91: REMIGA | D91: 76 | E91: Amarre | G91: 2 | H91: 12 | O91: 12 | S91: NIVEL 3: revisar componente | T91: 45572 | U91: X | V91: 12
B92: U.P. PESADO | C92: REMIGA | D92: 77 | E92: Suspensión | H92: 6
B93: U.P. PESADO | C93: REMIGA | D93: 78 | E93: Suspensión | H93: 6
B94: U.P. PESADO | C94: REMIGA | D94: 79 | E94: Suspensión | H94: 6
B95: U.P. PESADO | C95: REMIGA | D95: 80 | E95: Suspensión | H95: 6
B96: U.P. PESADO | C96: REMIGA | D96: 81 | E96: Amarre | G96: 2 | H96: 12 | O96: 12 | T96: 45572 | U96: X | V96: 12
B97: U.P. PESADO | C97: REMIGA | D97: 82 | E97: Suspensión | H97: 6 | S97: NIVEL 3: revisar componente
B98: U.P. PESADO | C98: REMIGA | D98: 83 | E98: Suspensión | H98: 6
B99: U.P. PESADO | C99: REMIGA | D99: 84 | E99: Suspensión | H99: 6
B100: U.P. PESADO | C100: REMIGA | D100: 85 | E100: Suspensión | H100: 6
B101: U.P. PESADO | C101: REMIGA | D101: 86 | E101: Amarre | G101: 2 | H101: 12 | O101: 12 | S101: NIVEL 3: revisar componente | T101: 45573 | U101: X | V101: 12
B102: U.P. PESADO | C102: REMIGA | D102: 87 | E102: Suspensión | H102: 6
B103: U.P. PESADO | C103: REMIGA | D103: 88 | E103: Suspensión | H103: 6
B104: U.P. PESADO | C104: REMIGA | D104: 89 | E104: Suspensión | H104: 6
B105: U.P. PESADO | C105: REMIGA | D105: 90 | E105: Suspensión | H105: 6
...

Sheet Este
E3: Calidad | AF3: CODIGO: FO-CA-GE-02-E
AF4: REVISION: 00
E5: Máster de Inspección | AF5: FECHA DE EMISIÓN: 28-02-2024
B8: Nombre del Proyecto: | E8: "Mantenimiento En El Sistema Eléctrico De Distribución 13.8 Kv De La División Ayacucho" | Y8: Nro. de Contrato: | AB8: 4600135303
B9: Disciplina | E9: Electricidad | Y9: Ubicación: | AB9: División Ayacucho
B10: DATOS | F10: MANTENIMIENTO PREDICTIVO EJECUTADO | AD10: MANTENIMIENTO PREVENTIVO EJECUTADO
F12: VISUAL | T12: TERMOGRAFÍA | Y12: ULTRASONIDO | AD12: INTERVENCIÓN
F13: Componentes
B14: Frente | C14: Circuito | D14: Nro. De poste | E14: Descripción | F14: Fecha V | G14: Aislador de Espiga (AE) | H14: Aislador Polimericos (APT ) 34,5 Kv | I14: Aislador de Cadena (Ac) | J14: Aislador Polimericos (APs ) 69 Kv | K14: Cortacorriente (CC) | L14: Abierto | M14: Cerrado | N14: Pararrayos (P) | O14: Grapa ( G ) | P14: Seccionador (SM) | Q14: Abierto 2 | R14: Cerrado3 | S14: Falla Detectada V | T14: Fecha T | U14: Ejecutado T | V14: Puntos de Termografía | W14: Falla Detectada T | X14: Observación T | Y14: Fecha UT | Z14: Ejecutado UT | AA14: Puntos de Ultrasonido | AB14: Falla Detectada UT | AC14: Observación UT | AD14: Fecha | AE14: Ejecutado MTTO | AF14: Observación
B15: U.P. PESADO | C15: ESTE | D15: 1 | E15: Amarre | H15: 6 | N15: 3 | P15: 3 | S15: Contaminación. Bajante de PAT de los pararrayos cortado. Seccionadores M-450 cerrados.
B16: U.P. PESADO | C16: ESTE | D16: 2 | E16: Pase con Derivación en 90° | G16: 6 | H16: 3 | I16: 2 | K16: 2 | S16: NIVEL 3: Curceta doblada. Asialdores de espigas inclinados. Se debe corregir esta irregularidad.
B17: U.P. PESADO | C17: ESTE | D17: 3 | E17: Pase | G17: 3 | N17: 3 | S17: Contaminación
B18: U.P. PESADO | C18: ESTE | D18: 4 | E18: Pase | G18: 2 | I18: 2 | S18: Contaminación. En el vano comprendido entre los postes 4 y 5 hay un pino cercano a la línea. Se recomienda poda.
B19: U.P. PESADO | C19: ESTE | D19: 5 | E19: Amarre con Derivación en 90° | I19: 9 | S19: Contaminación. En el vano comprendido entre los postes 4 y 5 hay un pino cercano a la línea. Se recomienda poda.
B20: U.P. PESADO | C20: ESTE | D20: 6 | E20: Pase | G20: 3 | N20: 3 | S20: Contaminación
B21: U.P. PESADO | C21: ESTE | D21: 7 | E21: Pase | G21: 3 | S21: Contaminación
B22: U.P. PESADO | C22: ESTE | D22: 8 | E22: Pase | G22: 3 | N22: 3 | S22: Contaminación
B23: U.P. PESADO | C23: ESTE | D23: 9 | E23: Pase | G23: 3 | S23: Contaminación
B24: U.P. PESADO | C24: ESTE | D24: 10 | E24: Pase | G24: 3 | N24: 3 | S24: Contaminación. Poste sin PAT.
B25: U.P. PESADO | C25: ESTE | D25: 11 | E25: Pase | G25: 3 | I25: 2 | S25: Contaminación
B26: U.P. PESADO | C26: ESTE | D26: 12 | E26: Amarre con Derivación en 90° | I26: 9 | S26: Contaminación
B27: U.P. PESADO | C27: ESTE | D27: 13 | E27: Pase | G27: 3 | N27: 3 | S27: Contaminación
B28: U.P. PESADO | C28: ESTE | D28: 14 | E28: Pase | G28: 3 | S28: Contaminación. Palillos con cierto grado de corrosión en el acople al aislador. Aislador de la fase C presenta inclinación. Se debe corregir esta irregularidad.
B29: U.P. PESADO | C29: ESTE | D29: 15 | E29: Pase | G29: 3 | N29: 3 | S29: Contaminación. Palillos con cierto grado de corrosión en el acople al aislador.
B30: U.P. PESADO | C30: ESTE | D30: 16 | E30: Pase | G30: 3 | S30: Contaminación. Palillos con cierto grado de corrosión en el acople al aislador.
B31: U.P. PESADO | C31: ESTE | D31: 17 | E31: Pase | G31: 3 | N31: 3 | S31: Contaminación. Palillos con cierto grado de corrosión en el acople al aislador.
B32: U.P. PESADO | C32: ESTE | D32: 18 | E32: Pase | G32: 3 | S32: Contaminación
B33: U.P. PESADO | C33: ESTE | D33: 19 | E33: Amarre en 45° con Derivación en 90° | I33: 12 | S33: Contaminación
B34: U.P. PESADO | C34: ESTE | D34: 20 | E34: Amarre en 45° | I34: 6 | S34: Contaminación. Poste sin PAT.
B35: U.P. PESADO | C35: ESTE | D35: 21 | E35: Amarre | H35: 1 | I35: 5 | P35: 3 | S35: Contaminación. Seccionadores cerrados. Nido de aves en el seccionador de la fase C.
B36: U.P. PESADO | C36: ESTE | D36: 22 | E36: Pase | G36: 3 | N36: 3 | S36: Contaminación
B37: U.P. PESADO | C37: ESTE | D37: 23 | E37: Amarre con Derivación en 45° | I37: 9 | S37: Contaminación
B38: U.P. PESADO | C38: ESTE | D38: 24 | E38: Pase | G38: 3 | K38: 3 | N38: 3 | S38: Contaminación. Tres cortacorrientes abiertos. Se recomienda retirarlos.
B39: U.P. PESADO | C39: ESTE | D39: 25 | E39: Pase | G39: 3 | K39: 3 | S39: Contaminación. Tres cortacorrientes abiertos y sin conexión a la línea. Se recomienda retirarlos.
B40: U.P. PESADO | C40: ESTE | D40: 26 | E40: Amarre en 45° | I40: 6 | S40: Contaminación. Poste sin PAT.
B41: U.P. PESADO | C41: ESTE | D41: 27 | E41: Amarre con Derivación en 45° | I41: 9 | S41: Contaminación
B42: U.P. PESADO | C42: ESTE | D42: 28 | E42: Amarre | I42: 6 | N42: 3 | P42: 3 | S42: Contaminación. Seccionadores cerrados.
B43: U.P. PESADO | C43: ESTE | D43: 29 | E43: Pase | G43: 3 | S43: Contaminación. Poste sin PAT.
B44: U.P. PESADO | C44: ESTE | D44: 30 | E44: Pase con Derivación en 45° | G44: 3 | I44: 3 | N44: 3 | P44: 3 | S44: NIVEL 3: Palillos con alto grado de corrosión. Se recomienda cambiarlos. Seccionadores cerrados.
B45: U.P. PESADO | C45: ESTE | D45: 31 | E45: Pase | G45: 3 | S45: Contaminación. Palillos con cierto grado de corrosión. Poste sin PAT.
B46: U.P. PESADO | C46: ESTE | D46: 32 | E46: Pase | G46: 3 | N46: 3 | S46: NIVEL 3: Palillos con corrosión y pérdida de material. Se recomienda cambiarlos.
B47: U.P. PESADO | C47: ESTE | D47: 33 | E47: Pase | G47: 3 | S47: Contaminación. Palillos con corrosión. Se recomienda cambiarlos.
B48: U.P. PESADO | C48: ESTE | D48: 34 | E48: Pase Tx | G48: 3 | K48: 3 | N48: 3 | S48: Contaminación. Palillos con corrosión. Se recomienda cambiarlos.
B49: U.P. PESADO | C49: ESTE | D49: 35 | E49: Pase | G49: 3 | N49: 3 | S49: Contaminación. Palillos con corrosión. Se recomienda cambiarlos. No se aprecia la PAT del poste.
B50: U.P. PESADO | C50: ESTE | D50: 36 | E50: Pase | G50: 3 | S50: Contaminación. Palillos con corrosión. Se recomienda cambiarlos.
B51: U.P. PESADO | C51: ESTE | D51: 37 | E51: Pase con Derivación en 90° | G51: 4 | I51: 3 | N51: 3 | S51: NIVEL 3: Palillos con corrosión y pérdida de material. Se deben cambiar.
B52: U.P. PESADO | C52: ESTE | D52: 38 | E52: Pase | G52: 3 | S52: NIVEL 3: Palillos con corrosión y pérdida de material. Se deben cambiar.
B53: U.P. PESADO | C53: ESTE | D53: 39 | E53: Pase | G53: 3 | N53: 3 | S53: Contaminación. Palillos con cierto grado de corrosión en el acople al aislador.
B54: U.P. PESADO | C54: ESTE | D54: 40 | E54: Amarre | G54: 1 | I54: 6 | S54: Contaminación. Poste sin PAT.
B55: U.P. PESADO | C55: MEREY-29 | D55: 329 | E55: Pase con Derivación en 45° | G55: 4 | H55: 3 | K55: 1 | P55: 9 (1 Rec) | S55: Contaminación. Palillos con cierto grado de corrosión en el acople al aislador. Poste de Interconexión con el Circuito Merey 29.
B56: U.P. PESADO | C56: ESTE | D56: 41 | E56: Amarre | I56: 6 | N56: 3 | P56: 3 | S56: Contaminación. Seccionadores cerrados.
B57: U.P. PESADO | C57: ESTE | D57: 42 | E57: Pase | G57: 3 | S57: Contaminación. Poste sin PAT.
B58: U.P. PESADO | C58: ESTE | D58: 43 | E58: Pase | G58: 3 | K58: 3 | N58: 3 | S58: Contaminación. Pararrayos y cortacorrientes fuera de servicio. Se recomienda retirarlos.
B59: U.P. PESADO | C59: ESTE | D59: 44 | E59: Pase | G59: 3 | S59: Contaminación. Cable de guarda cortado en el vano comprendido entre los postes 44 y 45.
B60: U.P. PESADO | C60: ESTE | D60: 45 | E60: Pase con Derivación en 45° | G60: 3 | H60: 3 | K60: 2 | N60: 3 | S60: Contaminación. Dos cortacorrientes cerrados que dan hacia una derivación monofásica. No se aprecia la PAT del poste.
B61: U.P. PESADO | C61: ESTE | D61: 46 | E61: Pase | G61: 3 | S61: Contaminación. Poste sin PAT.
B62: U.P. PESADO | C62: ESTE | D62: 47 | E62: Pase | G62: 3 | N62: 3 | S62: Contaminación
B63: U.P. PESADO | C63: ESTE | D63: 48 | E63: Pase | G63: 3 | S63: Contaminación. Poste sin PAT.
B64: U.P. PESADO | C64: ESTE | D64: 49 | E64: Pase | G64: 3 | N64: 3 | S64: Contaminación
B65: U.P. PESADO | C65: ESTE | D65: 50 | E65: Pase | G65: 3 | K65: 3 | S65: NIVEL 3: Contaminación. Aislador de la fase C roto en la falda interior. Se debe reemplazar. Tres cortacorrientes abiertos que están desconectados de la línea. Se recomienda retirarlos. Poste sin PAT.
B66: U.P. PESADO | C66: ESTE | D66: 51 | E66: Pase | G66: 3 | S66: Contaminación. Poste sin PAT.
B67: U.P. PESADO | C67: ESTE | D67: 52 | E67: Pase | G67: 3 | N67: 3 | S67: Contaminación
B68: U.P. PESADO | C68: ESTE | D68: 53 | E68: Amarre con Derivación en 45° | I68: 9 | S68: NIVEL 3: Aisladores muy contaminados. Cadena de aisladores de la fase C fogoneado. Se debe reemplazar.
B69: U.P. PESADO | C69: ESTE | D69: 54 | E69: Amarre | I69: 6 | K69: 3 | S69: Contaminación. Tres cortacorrientes. Dos cerrados y uno abierto. No se continuó con el circuito debido a que continúa monofásica.
B70: U.P. PESADO | C70: ESTE | D70: 55 | E70: Pase | G70: 3 | S70: Contaminación
B71: U.P. PESADO | C71: ESTE | D71: 56 | E71: Pase | G71: 3 | N71: 3 | S71: NIVEL 3: Contaminación. Palillo del aislador de la fase C con alto grado de corrosión y pérdida de material. Se debe cambiar. El aislador de la fase B tiene partidura en la falda inferior.
B72: U.P. PESADO | C72: ESTE | D72: 57 | E72: Pase | G72: 3 | S72: Contaminación. No se aprecia la PAT del poste debido a la vegetación.
B73: U.P. PESADO | C73: ESTE | D73: 58 | E73: Pase | G73: 3 | N73: 3 | S73: Contaminación
B74: U.P. PESADO | C74: ESTE | D74: 59 | E74: Pase | G74: 3 | S74: NIVEL 3: Contaminación. Los aisladores están desacoplado de los palillos. La abrazadera que sostiene el cable de guarda esta mas abajo de la altura normal. Cable de guarda muy cercano a la línea en el vano comprendido entre los postes 58 y 59. Y está cortado hacia los postes 60 y 61. Corregir esta irregularidad. No se aprecia la PAT del poste.
B75: U.P. PESADO | C75: ESTE | D75: 60 | E75: Amarre | H75: 3 | J75: 3 | P75: 3 | S75: Contaminación. Seccionadores cerrados. Poste sin cable de guarda. Corregir esta irregularidad.
B76: U.P. PESADO | C76: ESTE | D76: 61 | E76: Amarre | G76: 1 | H76: 3 | J76: 3 | P76: 1st | S76: Contaminación. Cable de guarda cortado desde el poste 59 hasta el poste 61. No se aprecia la PAT del poste. Un seccionador tripolar sin conexión a la línea. Aledaño, un poste con dos cortacorrientes que están abiertos y conectados a la línea.
B77: U.P. PESADO | C77: ESTE | D77: 62 | E77: Pase | G77: 3 | N77: 3 | S77: Contaminación. Uno de los pararrayos está desprendido de la cruceta. Se recomienda reemplazar los tres pararrayos.
B78: U.P. PESADO | C78: ESTE | D78: 63 | E78: Pase | G78: 3 | N78: 2 | S78: Contaminación. Pararrayos dañados. Se deben reemplazar. No se aprecia la PAT del poste.
B79: U.P. PESADO | C79: ESTE | D79: 64 | E79: Amarre con Derivación en 45° | G79: 2 | H79: 9 | S79: Contaminación
B80: U.P. PESADO | C80: ESTE | D80: 65 | E80: Amarre | H80: 6 | N80: 3 | P80: 3 | S80: Contaminación. Seccionadores abiertos. No se continuó el circuito debido a que la línea está desmantelada.
B81: U.P. PESADO | C81: ESTE | D81: 66 | E81: Amarre | H81: 6 | N81: 3 | P81: 3 | S81: Contaminación. PAT de los pararrayos con conexión directa a la cruceta. Seccionadores nuevos cerrados.
B82: U.P. PESADO | C82: ESTE | D82: 67 | E82: Pase | G82: 3 | S82: NIVEL 3: Contaminación. Palillos con corrosión y pérdida de material en las fases A y C. Se deben cambiar.
B83: U.P. PESADO | C83: ESTE | D83: 68 | E83: Pase | G83: 3 | N83: 2 | S83: Aisladores y pararrayos muy contaminados. Pararrayos dañados. Se deben reemplazar.
B84: U.P. PESADO | C84: ESTE | D84: 69 | E84: Pase | G84: 3 | S84: Aisladores muy cantaminados. Palillos con corrosión. Se deben cambiar.
B85: U.P. PESADO | C85: ESTE | D85: 70 | E85: Pase | G85: 3 | N85: 3 | S85: Contaminación. Pararrayos dañados. Se deben reemplazar.
B86: U.P. PESADO | C86: ESTE | D86: 71 | E86: Pase | G86: 3 | S86: NIVEL 3: Contaminación. Aisladores rotos y palillos con corrosión. Se deben remplazar los tres aisladores con sus palillos.
B87: U.P. PESADO | C87: ESTE | D87: 72 | E87: Pase | G87: 3 | N87: 3 | S87: NIVEL 3: Aisladores y pararrayos muy contaminados. Aislador y pararrayos de la fase C dañados. Se deben reemplazar.
B88: U.P. PESADO | C88: ESTE | D88: 73 | E88: Pase | G88: 3 | S88: NIVEL 3: Aisladores con deterioro (fogoneados). Se deben reemplazar.
B89: U.P. PESADO | C89: ESTE | D89: 74 | E89: Pase | G89: 3 | N89: 3 | S89: Contaminación. PAT de los pararrayos con conexión directa a la cruceta.
B90: U.P. PESADO | C90: ESTE | D90: 75 | E90: Pase | G90: 3 | S90: NIVEL 3: Contaminación. Palillos con cierto grado de corrosión en el acople al aislador. Aislador de la fase B fogoneado. Se debe reemplazar.
B91: U.P. PESADO | C91: ESTE | D91: 76 | E91: Amarre | G91: 1 | H91: 6 | P91: 3 | S91: NIVEL 3: Contaminación. Seccionadores cerrados. Dos de ellos están dañados y fuera de servicio. Se recomienda reemplazar los dañados. Vegetación enredada en el poste. Se recomienda poda.
B92: U.P. PESADO | C92: ESTE | D92: 77 | E92: Amarre con Derivación en 90° | H92: 9 | S92: Contaminación. Cable de guarda cortado en el vano comprendido entre los postes 77 y 78 y entre los postes 77 y 81.
B93: U.P. PESADO | C93: ESTE | D93: 78 | E93: Amarre | H93: 6 | K93: 3 | S93: Contaminación. Tres cortacorrientes. Dos cerrados y uno abierto. No se continuó con el circuito debido a que continúa monofásico. Poste sin cable de guarda.
B94: U.P. PESADO | C94: ESTE | D94: 79 | E94: Pase | G94: 3 | S94: Aisladores muy contaminados. Palillos con cierto grado de corrosión en el acople al aislador. Poste sin cable de guarda. Corregir esta irregularidad. Poste sin PAT.
B95: U.P. PESADO | C95: ESTE | D95: 80 | E95: Pase con Derivación en 45° | G95: 3 | H95: 2 | K95: 2 | S95: NIVEL 3: Aisladores muy contaminados. Los tres aisladores presentan inclinación longitudinal. Se debe corregir esta irregularidad. Dos cortacorrientes cerrados que dan hacia una derivación monofásica hacia finca. No se aprecia la PAT del poste. Poste sin cable de guarda. Corregir esta irregularidad.
B96: U.P. PESADO | C96: ESTE | D96: 81 | E96: Amarre en 45° | H96: 6 | S96: Contaminación. No se aprecia la PAT del poste. Cable de guarda cortado entre los postes 77 y 81.
B97: U.P. PESADO | C97: ESTE | D97: 82 | E97: Suspensión con Derivación en 90° | H97: 2 | I97: 3 | K97: 2 | N97: 3 | S97: Contaminación. Rotula ojo de los aisladores con cierto grado de corrosión. Derivación monofásica hacia finca.
B98: U.P. PESADO | C98: ESTE | D98: 83 | E98: Suspensión | I98: 3 | S98: Contaminación. Cable de guarda cortado entre el poste 83 y 85. Corregir esta irregularidad. Poste sin PAT.
B99: U.P. PESADO | C99: ESTE | D99: 84 | E99: Suspensión | I99: 3 | N99: 1 | S99: Contaminación. Ausencia de pararrayos. Se recomienda istalar un nuevo juego de pararrayos. Poste sin cable de guarda. Corregir esta irregularidad.
B100: U.P. PESADO | C100: ESTE | D100: 85 | E100: Suspensión | I100: 3 | S100: NIVEL 3: Contaminación. Cable de guarda cortado entre el poste 83 y 85. Corregir esta irregularidad. El cable de guarda esta a la misma altura de la línea de 69kV en el vano comprendido entre los postes 85 y 86. Corrgir esta irregularidad. Poste sin PAT.
B101: U.P. PESADO | C101: ESTE | D101: 86 | E101: Suspensión | I101: 3 | S101: NIVEL 3: Contaminación. Cadena de aisladores de la fase B esta fogoneado. Se debe reemplazar de inmediato. Poste sin PAT.
B102: U.P. PESADO | C102: ESTE | D102: 87 | E102: Amarre con Derivación en 90° | H102: 9 | S102: Contaminación. Poste sin PAT. Derivación hacia finca.
B103: U.P. PESADO | C103: ESTE | D103: 88 | E103: Suspensión | I103: 3 | S103: Contaminación. Poste sin PAT.
B104: U.P. PESADO | C104: ESTE | D104: 89 | E104: Suspensión | I104: 3 | N104: 3 | S104: Contaminación
B105: U.P. PESADO | C105: ESTE | D105: 90 | E105: Suspensión | I105: 3 | S105: Contaminación. Poste sin PAT.
...

Sheet Oeste
E3: Calidad | AF3: CODIGO: FO-CA-GE-02-E
AF4: REVISION: 00
E5: Máster de Inspección | AF5: FECHA DE EMISIÓN: 28-02-2024
B8: Nombre del Proyecto: | E8: "Mantenimiento En El Sistema Eléctrico De Distribución 13.8 Kv De La División Ayacucho" | Y8: Nro. de Contrato: | AB8: 4600135303
B9: Disciplina | E9: Electricidad | Y9: Ubicación: | AB9: División Ayacucho
B10: DATOS | F10: MANTENIMIENTO PREDICTIVO EJECUTADO | AD10: MANTENIMIENTO PREVENTIVO EJECUTADO
F12: VISUAL | T12: TERMOGRAFÍA | Y12: ULTRASONIDO | AD12: INTERVENCIÓN
F13: Componentes
B14: Frente | C14: Circuito | D14: Nro. De poste | E14: Descripción | F14: Fecha V | G14: Aislador de Espiga (AE) | H14: Aislador Polimericos (APT ) 34,5 Kv | I14: Aislador de Cadena (Ac) | J14: Aislador Polimericos (APs ) 69 Kv | K14: Cortacorriente (CC) | L14: Abierto | M14: Cerrado | N14: Pararrayos (P) | O14: Grapa ( G ) | P14: Seccionador (SM) | Q14: Abierto 2 | R14: Cerrado3 | S14: Falla Detectada V | T14: Fecha T | U14: Ejecutado T | V14: Puntos de Termografía | W14: Falla Detectada T | X14: Observación T | Y14: Fecha UT | Z14: Ejecutado UT | AA14: Puntos de Ultrasonido | AB14: Falla Detectada UT | AC14: Observación UT | AD14: Fecha | AE14: Ejecutado MTTO | AF14: Observación
B15: U.P. PESADO | C15: OESTE | D15: 1 | E15: Amarre | G15: 3 | H15: 6 | N15: 3 | P15: 3 | S15: Contaminación. Tres seccionadores abiertos. Herajes (pernos rocados) con cierto grado de corrosión. Poste sin PAT. Cable de guarda cortado entre los postes 1 y 2. corregir esta irregularidad.
B16: U.P. PESADO | C16: OESTE | D16: 2 | E16: Pase con Derivación en 90° | G16: 6 | H16: 3 | N16: 3 | P16: 3 | S16: Aisladores y pararrayos muy contaminados. Un pararrayos desconectado de la línea. Dos aisladores de espigas de 15 kV sin conexión a la línea. Tres seccionadores cerrados que van hacia una derivación que interconecta con el Circuito Este.
B17: U.P. PESADO | C17: OESTE | D17: 3 | E17: Pase | G17: 3 | K17: 2 | N17: 3 | S17: Contaminación. Uno de los pararrayos esta desconectado de la línea, y cuelga del cable de PAT. Corrigir esta irregularidad. Dos cortacorrientes fuera de servicio (desconectados de la línea).
B18: U.P. PESADO | C18: OESTE | D18: 4 | E18: Pase | G18: 3 | K18: 1 | S18: Contaminación. Un cortacorriente fuera de servicio. (Sin conexión a la línea)
B19: U.P. PESADO | C19: OESTE | D19: 5 | E19: Amarre con Derivación en 90° | H19: 9 | S19: Contaminación
B20: U.P. PESADO | C20: OESTE | D20: 6 | E20: Amarre | H20: 6 | P20: 3 | S20: Contaminación. Seccionadores M-162 cerrados.
B21: U.P. PESADO | C21: OESTE | D21: 7 | E21: Pase | G21: 3 | N21: 3 | S21: Contaminación
B22: U.P. PESADO | C22: OESTE | D22: 8 | E22: Pase | G22: 3 | S22: Contaminación
B23: U.P. PESADO | C23: OESTE | D23: 9 | E23: Pase Tx | G23: 3 | K23: 3 | N23: 3 | S23: Contaminación. Tres cortacorrientes cerrados y con transformador conectado. Poste sin PAT. Red de baja tensión en la misma posteadura.
B24: U.P. PESADO | C24: OESTE | D24: 10 | E24: Pase | G24: 3 | S24: Contaminación. Poste sin PAT.
B25: U.P. PESADO | C25: OESTE | D25: 11 | E25: Pase | G25: 3 | N25: 3 | S25: Contaminación. No se aprecia la PAT del poste.
B26: U.P. PESADO | C26: OESTE | D26: 12 | E26: Amarre con Derivación en 90° | H26: 9 | S26: Contaminación
B27: U.P. PESADO | C27: OESTE | D27: 13 | E27: Pase | G27: 3 | S27: Contaminación
B28: U.P. PESADO | C28: OESTE | D28: 14 | E28: Amarre con Derivación en 90° | H28: 9 | S28: Contaminación. Poste sin PAT.
B29: U.P. PESADO | C29: OESTE | D29: 15 | E29: Poste Terminal | G29: 8 | H29: 9 | K29: 3 | N29: 3 | S29: Contaminación. Tres cortacorrientes abiertos y sin carga conectada. No se aprecia la PAT del poste.
B30: U.P. PESADO | C30: OESTE | D30: 16 | E30: Amarre | G30: 1 | H30: 3 | I30: 3 | S30: Contaminación. Poste sin PAT.
B31: U.P. PESADO | C31: OESTE | D31: 17 | E31: Pase con Derivación en 90° | G31: 4 | H31: 3 | K31: 3 | N31: 3 | S31: Contaminación. Derivación a traves de tres cortacorrientes que estan cerrados. Poste sin PAT.
B32: U.P. PESADO | C32: OESTE | D32: 18 | E32: Pase | G32: 3 | S32: Contaminación. Poste sin PAT.
B33: U.P. PESADO | C33: OESTE | D33: 19 | E33: Poste Terminal | I33: 3 | N33: 3 | S33: Contaminación. Poste sin PAT.
B34: U.P. PESADO | C34: OESTE | D34: 20 | E34: Amarre | G34: 1 | H34: 6 | S34: Contaminación. Poste sin PAT.
B35: U.P. PESADO | C35: OESTE | D35: 21 | E35: Pase | G35: 3 | S35: Contaminación. Poste sin PAT.
B36: U.P. PESADO | C36: OESTE | D36: 22 | E36: Pase | G36: 3 | N36: 3 | S36: Contaminación. Poste sin PAT.
B37: U.P. PESADO | C37: OESTE | D37: 23 | E37: Amarre en 90° | G37: 2 | H37: 6 | S37: Contaminación. Poste sin PAT.
B38: U.P. PESADO | C38: OESTE | D38: 24 | E38: Poste Terminal Tx | H38: 3 | K38: 3 | N38: 3 | S38: Aisladores y pararrayos muy contaminados. Tres cortacorrientes cerrados que dan hacia un banco de tansformadores. Poste sin PAT.
B39: U.P. PESADO | C39: OESTE | D39: 25 | E39: Amarre | I39: 6 | N39: 3 | P39: 6 (1 ST) | S39: Contaminación. Seis seccionadores monopolares cerrados y uno tripolar abierto. Árboles de mediana altura rosando la estructura. Se debe podar.
B40: U.P. PESADO | C40: OESTE | D40: 26 | E40: Pase con Derivación en 90° | G40: 3 | I40: 3 | S40: Contaminación
B41: U.P. PESADO | C41: OESTE | D41: 27 | E41: Poste Terminal | I41: 3 | K41: 3 | S41: Contaminación. Tres cortacorrientes abiertos y sin carga conectada. Poste sin PAT.
B42: U.P. PESADO | C42: OESTE | D42: 28 | E42: Pase | G42: 3 | N42: 2 | S42: Contaminación. Un pararrayos desprendido. Se recomienda instalar un nuevo juego de pararrayos.
B43: U.P. PESADO | C43: OESTE | D43: 29 | E43: Pase | G43: 3 | S43: NIVEL 3: Contaminación. Aislador de la fase A fogoneado. Se debe reemplazar. Poste sin PAT.
B44: U.P. PESADO | C44: OESTE | D44: 30 | E44: Pase con Derivación en 90° | G44: 3 | H44: 2 | K44: 2 | N44: 3 | S44: Contaminación. Aislador de la fase B desacoplado del palillo. Corregir esta irregularidad. Derivación monofásica hacia finca a traves de dos cortacorrientes que estan cerrados.
B45: U.P. PESADO | C45: OESTE | D45: 31 | E45: Pase | G45: 3 | N45: 3 | S45: Contaminación. En el vano comprendido entre los postes 31 y 32 se recomienda colocar separadores de línea con aisladores polimericos.
B46: U.P. PESADO | C46: OESTE | D46: 32 | E46: Amarre con Derivación en 90° | I46: 9 | S46: Contaminación. Poste ligeramente pandeado. Poste sin PAT. Cable de guarda cortado en el vano comprendido entre los postes 32 y 33.
B47: U.P. PESADO | C47: OESTE | D47: 33 | E47: Amarre | I47: 6 | P47: 3 | S47: Contaminación. Seccionadores M-177 abiertos. No se continuó el circuito.
B48: U.P. PESADO | C48: OESTE | D48: 34 | E48: Amarre | I48: 6 | N48: 3 | P48: 3 | S48: Contaminación. Seccionadores M-180 cerrados. Presencia de nido de aves en el seccionador de la fase C. Poste sin PAT.
B49: U.P. PESADO | C49: OESTE | D49: 35 | E49: Pase | G49: 3 | S49: Contaminación. Palillos con cierto grado de corrosión en el acople al aislador. Poste sin PAT.
B50: U.P. PESADO | C50: OESTE | D50: 36 | E50: Pase | G50: 3 | K50: 3 | N50: 3 | S50: Contaminación. Palillos con cierto grado de corrosión en el acople al aislador. Tres cortacorrientes abiertos y sin carga conectada. Poste sin PAT.
B51: U.P. PESADO | C51: OESTE | D51: 37 | E51: Pase | G51: 3 | S51: NIVEL 3: Contaminación. Palillos con cierto grado de corrosión en el acople al aislador. El de la fase A tiene pérdida de material. Se recomienda reemplazar. Poste sin PAT.
B52: U.P. PESADO | C52: OESTE | D52: 38 | E52: Pase | G52: 3 | N52: 3 | S52: Contaminación. Palillos con cierto grado de corrosión en el acople al aislador.
B53: U.P. PESADO | C53: OESTE | D53: 39 | E53: Pase | G53: 3 | K53: 2 | S53: Contaminación. Palillos con cierto grado de corrosión en el acople al aislador. Dos cortacorrientes abiertos y sin carga conectada.
B54: U.P. PESADO | C54: OESTE | D54: 40 | E54: Pase | G54: 3 | N54: 3 | S54: NIVEL 3: Contaminación. Palillos con corrosión y pérdida de material. Se deben cambiar.
B55: U.P. PESADO | C55: OESTE | D55: 41 | E55: Pase | G55: 3 | K55: 3 | N55: 3 | S55: Contaminación. Palillos con cierto grado de corrosión en el acople al aislador. Tres cortacorrientes abiertos y sin carga conectada.
B56: U.P. PESADO | C56: OESTE | D56: 42 | E56: Pase | G56: 3 | S56: Contaminación. Palillos con cierto grado de corrosión en el acople al aislador.
B57: U.P. PESADO | C57: OESTE | D57: 43 | E57: Pase con Derivación en 45° | G57: 3 | I57: 3 | N57: 3 | P57: 3 | S57: NIVEL 3: Contaminación. Palillos con cierto grado de corrosión en el acople al aislador. Tres seccionadores cerrados que dan hacia una derivación. Aislador cadena de la fase C fogoneado. Se debe cambiar. Cable de guarda cortado en el vano comprendido entre los postes 43 y 44. Corregir esta irregularidad.
B58: U.P. PESADO | C58: OESTE | D58: 44 | E58: Pase | G58: 3 | S58: Contaminación. Palillos con cierto grado de corrosión en el acople al aislador. Aislador de la fase B inclinado. Corregir esta irregularidad. Poste sin PAT.
B59: U.P. PESADO | C59: OESTE | D59: 45 | E59: Pase | G59: 3 | N59: 3 | S59: Aisladores y pararrayos muy contaminados. Palillos con cierto grado de corrosión en el acople al aislador.
B60: U.P. PESADO | C60: OESTE | D60: 46 | E60: Amarre en 90° | G60: 2 | I60: 6 | S60: Aisladores y pararrayos muy contaminados. Palillos con cierto grado de corrosión en el acople al aislador.
B61: U.P. PESADO | C61: OESTE | D61: 47 | E61: Poste Terminal Tx | I61: 3 | K61: 3 | S61: Contaminación. Tres cortacorrientes cerrados que derivan hacia banco de transformador. Los tres cortacorrientes estan cerrados a traves de alambre. Se debe corregir esta irregularidad. Este banco está alimentando una red de baja tensión hacia finca. Poste sin PAT.
B62: U.P. PESADO | C62: OESTE | D62: 48 | E62: Pase | G62: 3 | S62: Contaminación. Palillos con cierto grado de corrosión en el acople al aislador. Poste sin PAT.
B63: U.P. PESADO | C63: OESTE | D63: 49 | E63: Pase con Derivación en 90° | G63: 4 | I63: 3 | S63: NIVEL 3: Aisladores muy contaminados. Palillos con corrosión. Aislador de paso hacia la derivación está roto. Se debe reemplazar. Poste sin PAT.
B64: U.P. PESADO | C64: OESTE | D64: 50 | E64: Amarre | G64: 1 | I64: 6 | N64: 3 | S64: Contaminación
B65: U.P. PESADO | C65: OESTE | D65: 51 | E65: Pase | G65: 3 | S65: Contaminación. Palillos con cierto grado de corrosión en el acople al aislador. Poste sin PAT.
B66: U.P. PESADO | C66: OESTE | D66: 52 | E66: Poste Terminal Tx | I66: 3 | K66: 3 | N66: 3 | S66: Contaminación. Tres cortacorrientes abiertos y sin carga conectada.
B67: U.P. PESADO | C67: OESTE | D67: 53 | E67: Pase | G67: 3 | S67: NIVEL 3: Contaminación. Palillos con cierto grado de corrosión en el acople al aislador. Aislador de la fase C con la falda inferior rota. Se debe reemplazar.
B68: U.P. PESADO | C68: OESTE | D68: 54 | E68: Pase | G68: 3 | N68: 3 | S68: Contaminación. Palillos con cierto grado de corrosión en el acople al aislador. Poste sin PAT.
B69: U.P. PESADO | C69: OESTE | D69: 55 | E69: Pase | G69: 3 | S69: NIVEL 3: Contaminación. Palillos con corrosión y pérdida de material. Se deben cambiar. Aislador de la fase B fogoneado. Se debe reemplazar.
B70: U.P. PESADO | C70: OESTE | D70: 56 | E70: Pase con Derivación en 90° | G70: 3 | I70: 3 | N70: 3 | S70: NIVEL 3: Aisladores y pararrayos muy contaminados. Palillos con corrosión y pérdida de material. Se deben cambiar. Poste sin PAT.
B71: U.P. PESADO | C71: OESTE | D71: 57 | E71: Pase | G71: 3 | S71: NIVEL 3: Aisladores muy contaminados. Palillos con corrosión y pérdida de material. Se deben cambiar.
B72: U.P. PESADO | C72: OESTE | D72: 58 | E72: Poste Terminal | I72: 3 | K72: 3 | N72: 3 | S72: Contaminación. Tres cortacorrientes abiertos y sin carga conectada. Poste sin PAT.
B73: U.P. PESADO | C73: OESTE | D73: 59 | E73: Pase | G73: 3 | K73: 3 | N73: 3 | S73: NIVEL 3: Contaminación. Palillos con corrosión y pérdida de material. Se deben cambiar. Cortacorrientes abiertos y sin carga conectada. Poste sin PAT.
B74: U.P. PESADO | C74: OESTE | D74: 60 | E74: Pase con Derivación en 90° | G74: 3 | I74: 3 | P74: 3 | S74: Contaminación. Palillos con corrosión. Tres seccionadores dañados (sin las cuchillas) que dan hacia una derivación. Poste sin PAT.
B75: U.P. PESADO | C75: OESTE | D75: 61 | E75: Amarre | G75: 1 | I75: 6 | N75: 3 | S75: Contaminación. Poste sin PAT.
B76: U.P. PESADO | C76: OESTE | D76: 62 | E76: Pase | G76: 3 | S76: Aisladores muy contaminados. Palillos con cierto grado de corrosión en el acople al aislador.
B77: U.P. PESADO | C77: OESTE | D77: 63 | E77: Amarre | G77: 3 | I77: 6 | K77: 6 | N77: 3 | P77: 1ST | S77: Contaminación. Estructura con seccionador tripolar T-073 cerrados. Aisladores del seccionador contaminados. Cortacorrientes abiertos y fuera de servicio. Se recomienda retirarlos.
B78: U.P. PESADO | C78: OESTE | D78: 64 | E78: Pase | G78: 3 | I78: 2 | S78: Contaminación. Palillos con corrosión.
B79: U.P. PESADO | C79: OESTE | D79: 65 | E79: Pase | G79: 3 | S79: NIVEL 3: Aisladores muy contaminados. Palillos con corrosión y pérdida de material. Se deben cambiar. Aisladores de las fase B y C fogoneados. Se deben reemplazar.
B80: U.P. PESADO | C80: OESTE | D80: 66 | E80: Pase | G80: 3 | K80: 3 | N80: 2 | S80: NIVEL 3: Aisladores y pararrayos muy contaminados. Palillos con alto grado de corrosión. Se deben cambiar. Aislador de la fase B inclinado. Se debe corregir esta irregularidad. Pararrayos deteriorados de los cuales uno esta desprendido. Se deben reemplazar.
B81: U.P. PESADO | C81: OESTE | D81: 67 | E81: Amarre con Derivación en 90° | I81: 9 | S81: Contaminación. Poste sin PAT.
B82: U.P. PESADO | C82: OESTE | D82: 68 | E82: Pase con Derivación en 45° | G82: 3 | I82: 2 | S82: Contaminación. Palillos con cierto grado de corrosión en el acople al aislador.
B83: U.P. PESADO | C83: OESTE | D83: 69 | E83: Poste Terminal | I83: 3 | S83: Contaminación. No se aprecia la PAT del poste debido a la vegetación.
B84: U.P. PESADO | C84: OESTE | D84: 70 | E84: Pase | G84: 3 | S84: Contaminación. Palillos con corrosión.
B85: U.P. PESADO | C85: OESTE | D85: 71 | E85: Pase | G85: 3 | S85: Contaminación. Palillos con cierto grado de corrosión en el acople al aislador.
B86: U.P. PESADO | C86: OESTE | D86: 72 | E86: Pase | G86: 3 | S86: Contaminación. Palillos con cierto grado de corrosión en el acople al aislador.
B87: U.P. PESADO | C87: OESTE | D87: 73 | E87: Pase | G87: 3 | K87: 3 | S87: NIVEL 3: Contaminación. Aislador de la fase B con partidura en la falda inferior. Se debe reemplazar. Tres cortacorrientes abiertos y sin carga conectada . El de la fase A esta fogoneado y con partidura. Se deben retirar los tres cortacorrientes. Poste sin PAT.
B88: U.P. PESADO | C88: OESTE | D88: 74 | E88: Pase Tx | G88: 3 | K88: 3 | N88: 3 | S88: Contaminación. Palillos con corrosión. Los pararrayos no tiene conexión al PAT. Corregir esta irregularidad. Tres cortacorrientes cerrados que derivan hacia un banco de transformador que esta operativo.
B89: U.P. PESADO | C89: OESTE | D89: 75 | E89: Pase | G89: 3 | S89: Contaminación
B90: U.P. PESADO | C90: OESTE | D90: 76 | E90: Pase con Derivación en 45° | G90: 3 | I90: 3 | P90: 3 | S90: Contaminación. Palillos con cierto grado de corrosión en el acople al aislador. Seccionadores cerrados que dan hacia una derivación. Poste sin PAT.
B91: U.P. PESADO | C91: OESTE | D91: 77 | E91: Pase | G91: 3 | S91: Contaminación. Palillos con cierto grado de corrosión en el acople al aislador. Poste sin PAT.
B92: U.P. PESADO | C92: OESTE | D92: 78 | E92: Poste Terminal | I92: 3 | K92: 3 | N92: 3 | S92: Contaminación. Tres cortacorrientes abiertos y sin carga conectada.
B93: U.P. PESADO | C93: OESTE | D93: 79 | E93: Amarre Tx | G93: 1 | I93: 6 | K93: 3 | S93: Contaminación. Tres cortacorrientes abiertos y sin carga conectada.
B94: U.P. PESADO | C94: OESTE | D94: 80 | E94: Pase | G94: 3 | N94: 3 | S94: Aisladores y pararrayos muy contaminados. Poste sin PAT.
B95: U.P. PESADO | C95: OESTE | D95: 81 | E95: Pase | G95: 3 | S95: Contaminación
B96: U.P. PESADO | C96: OESTE | D96: 82 | E96: Pase | G96: 3 | N96: 3 | S96: Contaminación. Poste sin PAT.
B97: U.P. PESADO | C97: OESTE | D97: 83 | E97: Amarre | G97: 1 | I97: 6 | K97: 3 | S97: Contaminación. Tres cortacorrientes abiertos y sin carga conectada. Árboles de mediana altura debajo de la línea. Se recomienda poda.
B98: U.P. PESADO | C98: OESTE | D98: 84 | E98: Amarre | I98: 6 | N98: 3 | P98: 3 | S98: Contaminación. Seccionadores M-181 cerrados.
B99: U.P. PESADO | C99: OESTE | D99: 85 | E99: Pase | G99: 3 | K99: 3 | N99: 3 | S99: NIVEL 3: Contaminación. Aislador de la fase A con la falda inferior rota. Aislador de la fase C fogoneado. Se deben reemplazar los tres aisladores. Tres cortacorrientes abiertos y sin carga conectada. Poste sin PAT. Árboles de mediana altura debajo de la línea. Se remocienda poda.
B100: U.P. PESADO | C100: OESTE | D100: 86 | E100: Amarre en 45° | I100: 6 | S100: Contaminación. Poste sin PAT. Árboles de mediana altura debajo de la línea. Se recomienda poda.
B101: U.P. PESADO | C101: OESTE | D101: 87 | E101: Pase | G101: 3 | N101: 3 | S101: Contaminación. Poste sin PAT. Árboles de mediana altura debajo de la línea. Se recomienda poda.
B102: U.P. PESADO | C102: OESTE | D102: 88 | E102: Pase | G102: 3 | N102: 3 | S102: Contaminación. Poste sin PAT. Árboles de mediana altura debajo de la línea. Un Árbol rosando la línea. Se debe podar.
B103: U.P. PESADO | C103: OESTE | D103: 89 | E103: Pase | G103: 3 | N103: 3 | S103: NIVEL 3: Contaminación. Poste sin PAT. Un Árbol rosando la línea. Se debe podar.
B104: U.P. PESADO | C104: OESTE | D104: 90 | E104: Pase | G104: 3 | S104: Contaminación. Palillos con cierto grado de corrosión en el acople al aislador. Árboles de mediana altura recostado del poste. Se debe cortar. Árboles debajo de la línea y estan muy cercanos a ella. Se debe podar.
B105: U.P. PESADO | C105: OESTE | D105: 91 | E105: Pase | G105: 3 | K105: 3 | S105: Contaminación. Palillos con cierto grado de corrosión en el acople al aislador. Tres cortacorrientes abiertos y sin carga conectada. Árbol de mediana altura rosando la línea. Se debe cortar. Árboles debajo de la línea y estan muy cercanos a ella. Se debe podar.
...

Sheet Norte
E3: Calidad | AF3: CODIGO: FO-CA-GE-02-E
AF4: REVISION: 00
E5: Máster de Inspección | AF5: FECHA DE EMISIÓN: 28-02-2024
B8: Nombre del Proyecto: | E8: "Mantenimiento En El Sistema Eléctrico De Distribución 13.8 Kv De La División Ayacucho" | Y8: Nro. de Contrato: | AB8: 4600135303
B9: Disciplina | E9: Electricidad | Y9: Ubicación: | AB9: División Ayacucho
B10: DATOS | F10: MANTENIMIENTO PREDICTIVO EJECUTADO | AD10: MANTENIMIENTO PREVENTIVO EJECUTADO
F12: VISUAL | T12: TERMOGRAFÍA | Y12: ULTRASONIDO | AD12: INTERVENCIÓN
F13: Componentes
B14: Frente | C14: Circuito | D14: Nro. De poste | E14: Descripción | F14: Fecha V | G14: Aislador de Espiga (AE) | H14: Aislador Polimericos (APT ) 34,5 Kv | I14: Aislador de Cadena (Ac) | J14: Aislador Polimericos (APs ) 69 Kv | K14: Cortacorriente (CC) | L14: Abierto | M14: Cerrado | N14: Pararrayos (P) | O14: Grapa ( G ) | P14: Seccionador (SM) | Q14: Abierto 2 | R14: Cerrado3 | S14: Falla Detectada V | T14: Fecha T | U14: Ejecutado T | V14: Puntos de Termografía | W14: Falla Detectada T | X14: Observación T | Y14: Fecha UT | Z14: Ejecutado UT | AA14: Puntos de Ultrasonido | AB14: Falla Detectada UT | AC14: Observación UT | AD14: Fecha | AE14: Ejecutado MTTO | AF14: Observación
B15: U.P. PESADO | C15: NORTE | D15: 1 | E15: Amarre | I15: 6 | N15: 3 | P15: 3 | S15: Contaminación. Seccionadores M-192 abiertos.
B16: U.P. PESADO | C16: NORTE | D16: 2 | E16: Suspensión | H16: 1 | I16: 2 | N16: 3 | S16: Contaminación
B17: U.P. PESADO | C17: NORTE | D17: 3 | E17: Suspensión con Derivación en 45° | G17: 1 | I17: 6 | P17: 3 | S17: NIVEL 3: Contaminación. Cadena de aisladores de la fase A de la derivación esta fogoneado. Se debe cambiar. Seccionadores M-136 cerrados. Poste de interconexión del Circuito Lejos con el Circuito Norte de la S/E Melones.
B18: U.P. PESADO | C18: NORTE | D18: 4 | E18: Suspensión | I18: 3 | N18: 1 | S18: NIVEL 3: Contaminación. Pararrayos dañados. Pin de acople de los aisladores con corrosión. Se deben cambiar. Se deben instalar tres nuevos pararrayos.
B19: U.P. PESADO | C19: NORTE | D19: 5 | E19: Suspensión | I19: 3 | N19: 1 | S19: NIVEL 3: Contaminación. Pin de acople de los aisladores con corrosión. Se deben cambiar. Pararrayos deteriorados. Se deben instalar tres nuevos pararrayos.
B20: U.P. PESADO | C20: NORTE | D20: 6 | E20: Suspensión | I20: 3 | N20: 3 | S20: Contaminación. Pararrayos deteriorados. Se deben reemplazar. Pin de acople de los aisladores con cierto grado de corrosión. Se recomienda cambiarlos.
B21: U.P. PESADO | C21: NORTE | D21: 7 | E21: Suspensión | I21: 3 | S21: Contaminación. Pin de acople de los aisladores con cierto grado de corrosión. Se recomienda cambiarlos.
B22: U.P. PESADO | C22: NORTE | D22: 8 | E22: Suspensión | I22: 3 | N22: 3 | S22: NIVEL 3: Contaminación. Pin de acople de los aisladores con corrosión. Se deben cambiar. Pinos cercanos a la línea. Se debe podar.
B23: U.P. PESADO | C23: NORTE | D23: 9 | E23: Suspensión | I23: 3 | S23: Contaminación. Poste sin PAT.
B24: U.P. PESADO | C24: NORTE | D24: 10 | E24: Suspensión | I24: 3 | N24: 3 | S24: NIVEL 3: Contaminación. Pin de acople y rótula ojo de los aisladores con alto grado de corrosión y pérdida de material. Se deben cambiar de inmediato.
B25: U.P. PESADO | C25: NORTE | D25: 11 | E25: Amarre | I25: 6 | S25: Contaminación
B26: U.P. PESADO | C26: NORTE | D26: 12 | E26: Amarre | I26: 8 | K26: 2 | S26: Contaminación. Dos cortacorrientes abiertos y sin carga conectada. Dos cadenas de aisladores que daban hacia una derivación que se encuentra desmantelada.
B27: U.P. PESADO | C27: NORTE | D27: 13 | E27: Suspensión | I27: 3 | S27: NIVEL 3: Contaminación. Pin de acople de los aisladores con corrosión. Se deben cambiar.
B28: U.P. PESADO | C28: NORTE | D28: 14 | E28: Suspensión | I28: 3 | N28: 2 | S28: NIVEL 3: Contaminación. Falta un pararrayos. Los dos que están instalados presentan deterioro. Pin de acople de los aisladores de las fases A y B con alto grado de corrosión y pérdida de material. Se deben cambiar las tres cadenas de aisladores. Se recomienda instalar nuevo juego de pararrayos.
B29: U.P. PESADO | C29: NORTE | D29: 15 | E29: Suspensión | I29: 3 | S29: Contaminación. Pin de acople de los aisladores con cierto grado de corrosión. Se recomienda cambiarlos. Poste sin PAT.
B30: U.P. PESADO | C30: NORTE | D30: 16 | E30: Suspensión | I30: 3 | N30: 3 | S30: Contaminación
B31: U.P. PESADO | C31: NORTE | D31: 17 | E31: Suspensión | I31: 3 | S31: NIVEL 3: Contaminación. Pin de acople de los aisladores con corrosión. Se deben cambiar. Poste sin PAT.
B32: U.P. PESADO | C32: NORTE | D32: 18 | E32: Suspensión | I32: 3 | S32: Contaminación. Pin de acople de los aisladores con cierto grado de corrosión. Se recomienda cambiarlos. Poste sin PAT.
B33: U.P. PESADO | C33: NORTE | D33: 19 | E33: Suspensión | I33: 3 | N33: 3 | S33: Contaminación. Pin de acople de los aisladores con cierto grado de corrosión. Se recomienda cambiarlos.
B34: U.P. PESADO | C34: NORTE | D34: 20 | E34: Suspensión | I34: 3 | S34: Contaminación. No se aprecia la PAT del poste debido a la vegetación.
B35: U.P. PESADO | C35: NORTE | D35: 21 | E35: Suspensión | I35: 3 | N35: 3 | S35: Contaminación. Pin de acople de los aisladores con cierto grado de corrosión. Se recomienda cambiarlos.
B36: U.P. PESADO | C36: NORTE | D36: 22 | E36: Suspensión | I36: 3 | S36: Contaminación. Pin de acople de los aisladores con cierto grado de corrosión. Se recomienda cambiarlos. No se aprecia la PAT del poste debido a la vegetación. Árbol pegado al poste. Se debe podar.
B37: U.P. PESADO | C37: NORTE | D37: 23 | E37: Suspensión | I37: 3 | S37: Contaminación
B38: U.P. PESADO | C38: NORTE | D38: 24 | E38: Suspensión | I38: 3 | S38: NIVEL 3: Contaminación. Pinos cercanos a la línea en el vano comprendido entres los postes 24 y 25. Se debe podar. Poste sin PAT.
B39: U.P. PESADO | C39: NORTE | D39: 25 | E39: Suspensión | I39: 3 | N39: 3 | S39: Contaminación. Árbol pegado al poste. Se debe podar.
B40: U.P. PESADO | C40: NORTE | D40: 26 | E40: Suspensión | I40: 3 | S40: NIVEL 3: Aisladores muy contaminados. Pin de acople de los aisladores con corrosión. Se deben cambiar. No se aprecia la PAT del poste debido a la vegatación.
B41: U.P. PESADO | C41: NORTE | D41: 27 | E41: Suspensión | I41: 3 | N41: 3 | S41: NIVEL 3: Contaminación. Pin de acople de los aisladores con alto grado de corrosión y pérdida de material. Se deben cambiar de inmediato. Vegetación alrededor del poste. Se debe cortar.
B42: U.P. PESADO | C42: NORTE | D42: 28 | E42: Suspensión | I42: 3 | S42: NIVEL 3: Contaminación. Pin de acople de los aisladores con alto grado de corrosión y pérdida de material. Se deben cambiar de inmediato. No se aprecia la PAT del poste debido a la vegetación.
B43: U.P. PESADO | C43: NORTE | D43: 29 | E43: Suspensión con Derivación en 90° | H43: 2 | I43: 3 | K43: 2 | N43: 3 | S43: NIVEL 3: Contaminación. Pin de acople de los aisladores con alto grado de corrosión y pérdida de material. Se deben cambiar de inmediato. No se aprecia la PAT del poste debido a la vegetación. Derivación monofásica hacia finca a traves de dos cortacorrientes que estan abiertos.
B44: U.P. PESADO | C44: NORTE | D44: 30 | E44: Suspensión | I44: 3 | S44: NIVEL 3: Contaminación. Pin de acople de los aisladores con corrosión. Se deben cambiar. No se aprecia la PAT del poste debido a la vegetación.
B45: U.P. PESADO | C45: NORTE | D45: 31 | E45: Suspensión | I45: 3 | S45: NIVEL 3: Contaminación. Pin de acople de los aisladores con alto grado de corrosión. Se deben cambiar de inmediato. Poste sin PAT.
B46: U.P. PESADO | C46: NORTE | D46: 32 | E46: Suspensión | I46: 3 | N46: 3 | S46: NIVEL 3: Contaminación. Pin de acople de los aisladores con corrosión. Se deben cambiar. No se aprecia la PAT del poste debido a la vegetación.
B47: U.P. PESADO | C47: NORTE | D47: 33 | E47: Suspensión | I47: 3 | S47: NIVEL 3: Contaminación. Pin de acople del aislador de la fase A con alto grado de corrosión y pérdida de material. Se deben cambiar los tres aisladores.
B48: U.P. PESADO | C48: NORTE | D48: 34 | E48: Suspensión | I48: 3 | N48: 3 | S48: NIVEL 3: Contaminación. Pin de acople de los aisladores con corrosión. Se deben cambiar.
B49: U.P. PESADO | C49: NORTE | D49: 35 | E49: Suspensión | I49: 3 | S49: Contaminación. Pin de acople de los aisladores con cierto grado de corrosión. Se recomienda cambiarlos. No se aprecia la PAT del poste debido a la vegetación.
B50: U.P. PESADO | C50: NORTE | D50: 36 | E50: Amarre con Derivación en 90° | I50: 9 | S50: Contaminación
B51: U.P. PESADO | C51: NORTE | D51: 37 | E51: Amarre | I51: 6 | K51: 3 | S51: Contaminación. Tres cortacorrientes de los cuales dos estan cerrados y el circuito continua monofásico (derivación monofásica hacia finca).
B52: U.P. PESADO | C52: NORTE | D52: 38 | E52: Suspensión | I52: 3 | N52: 3 | S52: NIVEL 3: Contaminación. Pin de acople de los aisladores con alto grado de corrosión. Se deben cambiar. No se aprecia la PAT debido a la vegetación.
B53: U.P. PESADO | C53: NORTE | D53: 39 | E53: Suspensión | I53: 3 | S53: Aisladores muy contaminados. Pin de acople de los aisladores con cierto grado de corrosión. Se recomienda cambiarlos. Poste sin PAT.
B54: U.P. PESADO | C54: NORTE | D54: 40 | E54: Suspensión | I54: 3 | N54: 3 | S54: Contaminación. Pararrayos deteriorados. Se deben reemplazar. Pin de acople de los aisladores con cierto grado de corrosión. Se recomienda cambiarlos. No se aprecia la PAT del poste debido a la vegetación.
B55: U.P. PESADO | C55: NORTE | D55: 41 | E55: Suspensión | I55: 3 | S55: Contaminación. Pin de acople de los aisladores con cierto grado de corrosión. Se recomienda cambiarlos. No se aprecia la PAT del poste debido a la vegetación.
B56: U.P. PESADO | C56: NORTE | D56: 42 | E56: Suspensión | I56: 3 | N56: 3 | S56: Contaminación. Pararrayos deteriorados. Se deben reemplazar. Pin de acople de los aisladores con cierto grado de corrosión. Se recomienda cambiarlos. No se aprecia la PAT del poste debido a la vegetación.
B57: U.P. PESADO | C57: NORTE | D57: 43 | E57: Suspensión | I57: 3 | S57: Contaminación. Pin de acople de los aisladores con cierto grado de corrosión. Se recomienda cambiarlos. Poste sin PAT.
B58: U.P. PESADO | C58: NORTE | D58: 44 | E58: Suspensión | I58: 3 | S58: Contaminación. Pin de acople de los aisladores con cierto grado de corrosión. Se recomienda cambiarlos. Poste sin PAT.
B59: U.P. PESADO | C59: NORTE | D59: 45 | E59: Suspensión | I59: 3 | S59: Contaminación. Pin de acople de los aisladores con cierto grado de corrosión. Se recomienda cambiarlos. No se aprecia la PAT del poste debido a la vegetación.
B60: U.P. PESADO | C60: NORTE | D60: 46 | E60: Suspensión | I60: 3 | N60: 3 | S60: Contaminación. Pin de acople de los aisladores con cierto grado de corrosión. Se recomienda cambiarlos. Pararrayos deteriorados. Se deben reemplazar.
B61: U.P. PESADO | C61: NORTE | D61: 47 | E61: Suspensión | I61: 3 | S61: NIVEL 3: Contaminación. Pin de acople de los aisladores con alto grado de corrosión. Se deben cambiar.
B62: U.P. PESADO | C62: NORTE | D62: 48 | E62: Amarre en 90° | I62: 6 | S62: Contaminación
B63: U.P. PESADO | C63: NORTE | D63: 49 | E63: Amarre | I63: 6 | N63: 3 | P63: 3 (1ST) | S63: Contaminación. Tres seccionadores monopolares cerrados. Un seccionador tripolar sin conexión a la línea. No se aprecia la PAT del poste debido a la vegatación.
B64: U.P. PESADO | C64: NORTE | D64: 50 | E64: Pase | G64: 3 | S64: Contaminación. Palillos con cierto grado de corrosión en el acople al aislador. No se aprecia la PAT del poste debido a la vegatación.
B65: U.P. PESADO | C65: NORTE | D65: 51 | E65: Pase | G65: 3 | N65: 3 | S65: Contaminación. No se aprecia la PAT del poste debido a la vegatación.
B66: U.P. PESADO | C66: NORTE | D66: 52 | E66: Pase | G66: 3 | S66: Contaminación. No se aprecia la PAT del poste debido a la vegatación.
B67: U.P. PESADO | C67: NORTE | D67: 53 | E67: Pase | G67: 3 | N67: 3 | S67: NIVEL 3: Contaminación. Aislador de la fase C con la falda inferior rota. Se debe reemplazar. Tres pararrayos sin conexión a la línea. Corregir esta irregularidad. No se aprecia la PAT del poste debido a la vegetación.
B68: U.P. PESADO | C68: NORTE | D68: 54 | E68: Pase | G68: 3 | S68: Contaminación. Poste sin PAT.
B69: U.P. PESADO | C69: NORTE | D69: 55 | E69: Pase | G69: 3 | N69: 3 | S69: Contaminación. Palillos con cierto grado de corrosión en el acople al aislador.
B70: U.P. PESADO | C70: NORTE | D70: 56 | E70: Pase | G70: 3 | I70: 2 | K70: 3 | N70: 1 | S70: Contaminación. Pararrayos dañados. Se deben reemplazar. Poste con banco de capacitores fuera de servicio. Tres cortacorrientes abiertos y sin carga conectada. No se aprecia la PAT del poste debido a la vegetación.
B71: U.P. PESADO | C71: NORTE | D71: 57 | E71: Amarre con Derivación en 45° | I71: 12 | S71: Contaminación
B72: U.P. PESADO | C72: NORTE | D72: 58 | E72: Amarre en 45° con Derivación en 90° | H72: 9 | S72: Contaminación. Árbol de mediana altura muy cercano al poste. Se debe podar. No se aprecia la PAT del poste debido a la vegetación.
B73: U.P. PESADO | C73: NORTE | D73: 59 | E73: Amarre | H73: 3 | I73: 3 | N73: 3 | S73: Contaminación. Árbol de mediana altura pegado al poste. Se debe podar. No se aprecia la PAT del poste debido a la vegetación. La continuación de línea no está conectada al circuito.
B74: U.P. PESADO | C74: NORTE | D74: 60 | E74: Amarre en 45° | G74: 10 | H74: 6 | K74: 3 | S74: Contaminación. Tres cortacorrientes dañados. Se deben retirar. Poste sin PAT.
B75: U.P. PESADO | C75: NORTE | D75: 61 | E75: Poste Terminal | H75: 3 | K75: 3 | N75: 3 | S75: Contaminación. Tres cortacorrientes abiertos y sin carga conectada. Poste sin PAT.
B76: U.P. PESADO | C76: NORTE | D76: 62 | E76: Amarre | H76: 3 | I76: 3 | K76: 3 | N76: 3 | S76: Contaminación. Tres cortacorrientes de línea cerrados. Poste sin PAT.
B77: U.P. PESADO | C77: NORTE | D77: 63 | E77: Pase | G77: 3 | N77: 1 | S77: Contaminación. Un solo pararrayos y sin conexión a la línea. Se recomienda instalar un nuevo juego de pararrayos. No se aprecia la PAT del poste debido a la vegetación.
B78: U.P. PESADO | C78: NORTE | D78: 64 | E78: Pase con Derivación en 45° | G78: 3 | I78: 2 | K78: 5 | N78: 3 | S78: NIVEL 3: Aisladores muy contaminados. Pararrayos sin conexión a la línea. Cinco cortacorrientes abiertos y sin carga conectada. Derivación monofásica fuera de servicio. Pinos y otros árboles muy cercanos a la línea en el vano comprendido entre los postes 64 y 65. Se deben podar
B79: U.P. PESADO | C79: NORTE | D79: 65 | E79: Pase | G79: 3 | N79: 3 | S79: NIVEL 3: Contaminación. Los pararrayos están desprendidos de la cruceta y colgando de la línea. Se deben reemplazar. No se aprecia la PAT del poste debido a la vegetación.
B80: U.P. PESADO | C80: NORTE | D80: 66 | E80: Pase | G80: 3 | S80: NIVEL 3: Contaminación. Palillos con cierto grado de corrosión en el acople al aislador. Densa vegetación alrededor del poste. Se debe podar. No se aprecia la PAT del poste debido a la vegetación.
B81: U.P. PESADO | C81: NORTE | D81: 67 | E81: Pase | G81: 3 | N81: 3 | S81: NIVEL 3: Contaminación. Pararrayos dañados. Se deben reemplazar. Densa vegetación alrededor del poste. Se debe podar. No se aprecia la PAT del poste debido a la vegetación.
B82: U.P. PESADO | C82: NORTE | D82: 68 | E82: Pase | G82: 3 | N82: 3 | S82: Contaminación. Pararrayos dañados. Se deben reemplazar. Poste sin PAT.
B83: U.P. PESADO | C83: NORTE | D83: 69 | E83: Pase | G83: 3 | K83: 3 | S83: Contaminación. Tres cortacorrientes que estan rotos y con conexión a la línea. Se deben retirar.
B84: U.P. PESADO | C84: NORTE | D84: 70 | E84: Pase con Derivación en 45° | G84: 4 | I84: 3 | N84: 2 | S84: Contaminación. Dos pararrayos dañados y uno desprendido (no están conecatados a la línea). Se debe instalar un nuevo juego de pararrayos. Poste sin PAT.
B85: U.P. PESADO | C85: NORTE | D85: 71 | E85: Poste Terminal | I85: 3 | S85: Contaminación. Poste sin PAT.
B86: U.P. PESADO | C86: NORTE | D86: 72 | E86: Pase | G86: 3 | S86: Contaminación. Palillos con cierto grado de corrosión en el acople al aislador. Poste sin PAT.
B87: U.P. PESADO | C87: NORTE | D87: 73 | E87: Pase en 45° | G87: 3 | N87: 3 | S87: Contaminación. Pararrayos dañados. Se deben reemplazar. La línea presenta un pequeño angulo que amerita que se instalen tres aisladores de espigas adicionales.
B88: U.P. PESADO | C88: NORTE | D88: 74 | E88: Pase | G88: 3 | S88: Contaminación. Palillos con corrosión en el acople al aislador. Árbol pegado del poste. Se debe podar. Poste sin PAT.
B89: U.P. PESADO | C89: NORTE | D89: 75 | E89: Pase | G89: 3 | S89: Contaminación. Palillos con cierto grado de corrosión en el acople al aislador. No se aprecia la PAT del poste debido a la vegetación.
B90: U.P. PESADO | C90: NORTE | D90: 76 | E90: Pase | G90: 3 | S90: NIVEL 3: Contaminación. Aisladores de las fases A y B con la falda inferior rota. Se debe reemplazar los tres aisladores. Poste sin PAT.
B91: U.P. PESADO | C91: NORTE | D91: 77 | E91: Pase con Derivación en 45° | G91: 3 | I91: 3 | N91: 1 | S91: Contaminación. Un solo pararrayos instalado. Se debe instalar un nuevo juego de pararrayos. Poste sin PAT.
B92: U.P. PESADO | C92: NORTE | D92: 78 | E92: Poste Terminal Tx | I92: 3 | K92: 3 | N92: 3 | S92: Contaminación. Pararrayos deteriorados. Se deben reemplazar. Tres cortacorrientes abiertos y sin carga conectada.
B93: U.P. PESADO | C93: NORTE | D93: 79 | E93: Pase | G93: 3 | S93: Contaminación
B94: U.P. PESADO | C94: NORTE | D94: 80 | E94: Pase | G94: 3 | N94: 3 | S94: Contaminación. Pararrayos deteriorados y sin conexión a la línea. Se deben instalar un nuevo juego de pararrayos. Poste sin PAT.
B95: U.P. PESADO | C95: NORTE | D95: 81 | E95: Pase | G95: 3 | S95: Contaminación. Palillos con cierto grado de corrosión en el acople al aislador.
B96: U.P. PESADO | C96: NORTE | D96: 82 | E96: Pase | G96: 3 | N96: 2 | S96: Contaminación. Palillos con cierto grado de corrosión en el acople al aislador. Pararrayos dañados. Se deben reemplazar. Poste sin PAT.
B97: U.P. PESADO | C97: NORTE | D97: 83 | E97: Pase | G97: 3 | S97: Contaminación. Árboles pegados al poste. Se debe podar. Poste sin PAT.
B98: U.P. PESADO | C98: NORTE | D98: 84 | E98: Pase | G98: 3 | K98: 3 | S98: Contaminación. Palillos con corrosión en el acople al aislador. Se recomienda cambiarlos. Tres cortacorrientes abiertos y sin carga conectada.
B99: U.P. PESADO | C99: NORTE | D99: 85 | E99: Pase con Derivación en 45° | G99: 3 | H99: 2 | S99: NIVEL 3: Contaminación. Palillo de la fase C con alto grado de corrosión y pérdida de material. Se debe cambiar. Poste sin PAT. Derivación monofásica hacia finca.
B100: U.P. PESADO | C100: NORTE | D100: 86 | E100: Pase con Derivación en 90° | G100: 5 | H100: 3 | N100: 3 | S100: Contaminación. Palillos con cierto grado de corrosión en el acople al aislador. Pararrayos deteriorados. Se deben reemplazar. Derivación trifasica hacia finca.
B101: U.P. PESADO | C101: NORTE | D101: 87 | E101: Pase | G101: 3 | S101: Contaminación. Palillos con cierto grado de corrosión en el acople al aislador. Árbol pegado del poste. Se debe podar.
B102: U.P. PESADO | C102: NORTE | D102: 88 | E102: Pase | G102: 3 | S102: Contaminación. Se recomienda instalar juego de pararrayos.
B103: U.P. PESADO | C103: NORTE | D103: 89 | E103: Pase | G103: 3 | S103: Contaminación. No se aprecia la PAT del poste debido a la vegetación. Árbol de mediana altura muy cercano al poste. Se debe podar.
B104: U.P. PESADO | C104: NORTE | D104: 90 | E104: Pase | G104: 3 | S104: Contaminación. Árbol de mediana altura muy cercano al poste. Se debe podar.
B105: U.P. PESADO | C105: NORTE | D105: 91 | E105: Pase con Derivación en 90° | G105: 4 | H105: 3 | P105: 3 | S105: Contaminación. Tres seccionadores dañados (sin cuchilla) que dan hacia una derivación. La misma esta fuera de servicio.
...

Sheet Lejos
E3: Calidad | AF3: CODIGO: FO-CA-GE-02-E
AF4: REVISION: 00
E5: Máster de Inspección | AF5: FECHA DE EMISIÓN: 28-02-2024
B8: Nombre del Proyecto: | E8: "Mantenimiento En El Sistema Eléctrico De Distribución 13.8 Kv De La División Ayacucho" | Y8: Nro. de Contrato: | AB8: 4600135303
B9: Disciplina | E9: Electricidad | Y9: Ubicación: | AB9: División Ayacucho
B10: DATOS | F10: MANTENIMIENTO PREDICTIVO EJECUTADO | AD10: MANTENIMIENTO PREVENTIVO EJECUTADO
F12: VISUAL | T12: TERMOGRAFÍA | Y12: ULTRASONIDO | AD12: INTERVENCIÓN
F13: Componentes
B14: Frente | C14: Circuito | D14: Nro. De poste | E14: Descripción | F14: Fecha V | G14: Aislador de Espiga (AE) | H14: Aislador Polimericos (APT ) 34,5 Kv | I14: Aislador de Cadena (Ac) | J14: Aislador Polimericos (APs ) 69 Kv | K14: Cortacorriente (CC) | L14: Abierto | M14: Cerrado | N14: Pararrayos (P) | O14: Grapa ( G ) | P14: Seccionador (SM) | Q14: Abierto 2 | R14: Cerrado3 | S14: Falla Detectada V | T14: Fecha T | U14: Ejecutado T | V14: Puntos de Termografía | W14: Falla Detectada T | X14: Observación T | Y14: Fecha UT | Z14: Ejecutado UT | AA14: Puntos de Ultrasonido | AB14: Falla Detectada UT | AC14: Observación UT | AD14: Fecha | AE14: Ejecutado MTTO | AF14: Observación
B15: U.P. PESADO | C15: LEJOS | D15: 1-A | E15: Amarre Tx | G15: 2 | H15: 6 | K15: 3 | S15: Contaminación. Tres cortacorrientes cerrados que derivan hacia un banco de transformador.
B16: U.P. PESADO | C16: LEJOS | D16: 1 | E16: Amarre | G16: 6 | H16: 6 | N16: 5 | P16: 3 | S16: Contaminación. Pararrayos deteriorados. Se debe instalar un nuevo juego de pararrayos. Seccionadores M-464 cerrados.
B17: U.P. PESADO | C17: LEJOS | D17: 2 | E17: Pase | G17: 3 | N17: 3 | S17: Contaminación. No se aprecia la PAT del poste debido a la vegetación. Un papagayo colgando de la fase C cerca del aislador.
B18: U.P. PESADO | C18: LEJOS | D18: 3 | E18: Pase | G18: 3 | N18: 2 | S18: Contaminación. Los pararrayos estan dañados. Se debe instalar un nuevo juego de pararrayos.
B19: U.P. PESADO | C19: LEJOS | D19: 4 | E19: Amarre en 90° con Derivación en 45° | G19: 3 | H19: 9 | S19: Contaminación. Derivación hacia poste 3 del Circuito Norte de la S/E Melones, en el cual se interconectan.
B20: U.P. PESADO | C20: LEJOS | D20: 5 | E20: Amarre | G20: 3 | H20: 6 | N20: 6 | S20: NIVEL 3: Contaminación. Seis pararrayos dañados. Se recomienda instalar juego de tres pararrayos. Están cortados los puentes que le dan continuidad al circuito. Corregir esta irregularidad. Pinos cercanos a la línea en el vano comprendido entre los postes 5 y 6. Se deben podar. El conductor de la fase C esta a muy baja altura. Corregir esta irregularidad.
B21: U.P. PESADO | C21: LEJOS | D21: 6 | E21: Pase | G21: 3 | S21: NIVEL 3: Contaminación. Aislador de la fase B y C inclinados. Se debe corregir esta irregularidad. Conductores a muy baja altura entre los postes 6 y 7. Pinos muy cercanos a la línea se debe podar.
B22: U.P. PESADO | C22: LEJOS | D22: 7 | E22: Pase | G22: 3 | N22: 6 | S22: NIVEL 3: Contaminación. Aisladores inclinados. Pararrayos deteriorados. Se debe instalar un nuevo juego de pararrayos. Curceta doblada. Se debe reemplazar. Poste pandeado. Corregir esta irregularidad. Pinos muy cercanos a la línea en el vano comprendido entre los postes 7 y 8. Se deben podar. Poste sin PAT.
B23: U.P. PESADO | C23: LEJOS | D23: 8 | E23: Pase | G23: 2 | S23: NIVEL 3: Contaminación. Solo dos aisladores instalados de los cuales uno esta inclinado. El poste esta pandeado. Línea cortada en el vano comprendido entre los postes 8 y 9. Poste sin PAT. Pinos muy cernanos a la línea en el vano comprendido entre los postes 8 y 9. Se debe podar.
B24: U.P. PESADO | C24: LEJOS | D24: 9 | E24: Pase | G24: 1 | S24: NIVEL 3: Contaminación. Uno solo aislador. Curceta doblada. Se debe reemplazar. Se deben instalar tres aisladores de espigas con sus respectivos palillos. Poste pandeado. Línea cortada.
B25: U.P. PESADO | C25: LEJOS | D25: 10 | E25: Pase | G25: \ | H25: \ | I25: \ | J25: \ | K25: \ | N25: \ | P25: \ | S25: NIVEL 3: Sin aisladores. Se deben instalar nuevos aisladores de espigas con sus respectivos palillos. Sin línea. Poste pandeado.
B26: U.P. PESADO | C26: LEJOS | D26: 11 | E26: Pase | G26: 3 | N26: 2 | S26: NIVEL 3: Contaminación. Dos aisladores inclinados y uno roto en la falda inferior. Cruceta doblada. Pararrayos desprendidos. Se debe instalar nueva cruceta, nuevos aisladores y nuevos pararrayos. Pinos muy cercanos a la línea. Se debe podar.
B27: U.P. PESADO | C27: LEJOS | D27: 12 | E27: Pase | G27: \ | H27: \ | I27: \ | J27: \ | K27: \ | N27: \ | P27: \ | S27: NIVEL 3: Sin aisladores. Se deben instalar nuevos aisladores de espigas con sus respectivos palillos. Pinos muy cercanos a línea. Se debe podar. Poste sin PAT.
B28: U.P. PESADO | C28: LEJOS | D28: 13 | E28: Amarre | G28: 3 | N28: 2 | S28: NIVEL 3: Sin los aisladores de amarre. Pararrayos dañados. Se deben instalar los aisladores de amarre y un nuevo juego de pararrayos.
B29: U.P. PESADO | C29: LEJOS | D29: 14 | E29: Pase | G29: 1 | S29: NIVEL 3: Solo un aislador de espiga instalado. Se deben instalar tres nuevos aisladores de espiga con sus respectivos palillos. Pinos muy cercanos a la línea. Se debe podar. Poste sin PAT.
B30: U.P. PESADO | C30: LEJOS | D30: 15 | E30: Pase | G30: \ | H30: \ | I30: \ | J30: \ | K30: \ | N30: \ | P30: \ | S30: NIVEL 3: Sin aisladores. Se deben instalar tres aisladores de espigas con sus respectivos palillos.
B31: U.P. PESADO | C31: LEJOS | D31: 16 | E31: Pase | G31: 3 | S31: NIVEL 3: Aisladores contaminados. Línea cortada. Pinos muy cercanos al vano entre los postes 16 y 17. Se debe podar. Poste sin PAT.
B32: U.P. PESADO | C32: LEJOS | D32: 17 | E32: Pase | G32: 2 | N32: 3 | S32: NIVEL 3: Contaminación. Solo dos aisladores y tres pararrayos instalados. Línea cortada. Se deben instalar tres nuevos aisladores con sus respectivos palillos y tres nuevos pararrayos. Se debe instalar nueva cruceta. Pinos muy cercanos al vano entre los postes 17 y 18. Poste sin PAT.
B33: U.P. PESADO | C33: LEJOS | D33: 18 | E33: Pase | G33: 3 | S33: NIVEL 3: Contaminación. Cruceta doblada. Se debe reemplazar. Se deben inslatar tres nuevos aisladores con sus respectivos palillos. Poste sin PAT. Pinos muy cercanos a la línea. Se debe podar.
B34: U.P. PESADO | C34: LEJOS | D34: 19 | E34: Pase | G34: 3 | N34: 2 | S34: NIVEL 3: Contaminación. Aislador de la fase B con la falda inferior rota. Pararrayos deteriorados. Se debe reemplazar. Se deben reemplazar los aisladores, los pararrayos y la cruceta.
B35: U.P. PESADO | C35: LEJOS | D35: 20 | E35: Pase | G35: 3 | H35: 2 | S35: NIVEL 3: Contaminación. Aisladores desacoplados del palillo. Se deben instalar nuevos aisladores con sus respectivos palillos y nueva cruceta. Pinos muy cercanos a la línea. Se debe podar. Poste sin PAT.
B36: U.P. PESADO | C36: LEJOS | D36: 21 | E36: Amarre | H36: 6 | N36: 3 | P36: 3 | S36: NIVEL 3: Contaminación. Se deben instalar tres nuevos aisladores polimericos y tres nuevos pararrayos.
E39: C.A METALMECANICA INDUSTRIAL NAVAL | Q39: P.D.V.S.A
E40: NOMBRE Y APELLIDO: | Q40: NOMBRE Y APELLIDO:
E41: LAULUIS LAREZ | Q41: JOSE BASTARDO
E42: CARGO: INGENIERO RESIDENTE | Q42: CARGO: SUPERVISOR
E43: FIRMA: | Q43: FIRMA:

Sheet 10.1
E3: Calidad | AF3: CODIGO: FO-CA-GE-02-E
AF4: REVISION: 00
E5: Máster de Inspección | AF5: FECHA DE EMISIÓN: 28-02-2024
B8: Nombre del Proyecto: | E8: "Mantenimiento En El Sistema Eléctrico De Distribución 13.8 Kv De La División Ayacucho" | Y8: Nro. de Contrato: | AB8: 4600135303
B9: Disciplina | E9: Electricidad | Y9: Ubicación: | AB9: División Ayacucho
B10: DATOS | F10: MANTENIMIENTO PREDICTIVO EJECUTADO | AD10: MANTENIMIENTO PREVENTIVO EJECUTADO
F12: VISUAL | T12: TERMOGRAFÍA | Y12: ULTRASONIDO | AD12: INTERVENCIÓN
F13: Componentes
B14: Frente | C14: Circuito | D14: Nro. De poste | E14: Descripción | F14: Fecha V | G14: Aislador de Espiga (AE) | H14: Aislador Polimericos (APT ) 34,5 Kv | I14: Aislador de Cadena (Ac) | J14: Aislador Polimericos (APs ) 69 Kv | K14: Cortacorriente (CC) | L14: Abierto | M14: Cerrado | N14: Pararrayos (P) | O14: Grapa ( G ) | P14: Seccionador (SM) | Q14: Abierto 2 | R14: Cerrado3 | S14: Falla Detectada V | T14: Fecha T | U14: Ejecutado T | V14: Puntos de Termografía | W14: Falla Detectada T | X14: Observación T | Y14: Fecha UT | Z14: Ejecutado UT | AA14: Puntos de Ultrasonido | AB14: Falla Detectada UT | AC14: Observación UT | AD14: Fecha | AE14: Ejecutado MTTO | AF14: Observación
B15: U.P. EXTRAPESADO | C15: 10.1 | D15: 1 | E15: Amarre | H15: 9 | N15: 6 | P15: 6 | S15: Contaminación. Seccionadores cerrados. Tornillería de los terminales de conexión de las copas terminales a los seccionadores, con corrosion.
B16: U.P. EXTRAPESADO | C16: 10.1 | D16: 2 | E16: Amarre en 45° | G16: 1 | H16: 6 | S16: Contaminación. Herrajes con cierto grado de corrosión. Poste de interconexion con el circuito Sur de Bare.
B17: U.P. EXTRAPESADO | C17: 10.1 | D17: 3 | E17: Pase | G17: 6 | N17: 5 | S17: Contaminación. Pararrayos muy contaminados. Palillos con cierto grado de corrosión en el acople al aislador.
B18: U.P. EXTRAPESADO | C18: 10.1 | D18: 4 | E18: Pase | G18: 6 | N18: 6 | S18: Contaminación. Pararrayos muy contaminados. Aisladores de espiga fase A y B muy contaminados. Se recomienda reemplazarlos.
B19: U.P. EXTRAPESADO | C19: 10.1 | D19: 5 | E19: Pase | G19: 6 | S19: Contaminación.
B20: U.P. EXTRAPESADO | C20: 10.1 | D20: 6 | E20: Pase | G20: 6 | N20: 6 | S20: Contaminación. Palillos con corrosión en el acople al aislador.
B21: U.P. EXTRAPESADO | C21: 10.1 | D21: 7 | E21: Pase | G21: 6 | S21: Contaminación. Pallillos con corrosión en el acople al aislador.
B22: U.P. EXTRAPESADO | C22: 10.1 | D22: 8 | E22: Pase | G22: 6 | N22: 6 | S22: Contaminación.
B23: U.P. EXTRAPESADO | C23: 10.1 | D23: 9 | E23: Pase | G23: 6 | S23: Contaminación. Pallillos con corrosión en el acople al aislador.
B24: U.P. EXTRAPESADO | C24: 10.1 | D24: 10 | E24: Pase | G24: 6 | N24: 6 | S24: Contaminación. Palillos con corrosión en el acople al aislador.
B25: U.P. EXTRAPESADO | C25: 10.1 | D25: 11 | E25: Amarre | G25: 6 | H25: 12 | S25: Contaminación. Perno roscado con cierto grado de corrosión.
B26: U.P. EXTRAPESADO | C26: 10.1 | D26: 12 | E26: Pase | G26: 6 | N26: 6 | S26: Contaminación. Palillos con corrosión en el acople al aislador.
B27: U.P. EXTRAPESADO | C27: 10.1 | D27: 13 | E27: Pase | G27: 6 | S27: Contaminación.
B28: U.P. EXTRAPESADO | C28: 10.1 | D28: 14 | E28: Pase | G28: 6 | N28: 6 | S28: Contaminación.
B29: U.P. EXTRAPESADO | C29: 10.1 | D29: 15 | E29: Pase | G29: 6 | S29: Contaminación. Palillos con corrosión en el acople al aislador.
B30: U.P. EXTRAPESADO | C30: 10.1 | D30: 16 | E30: Pase | G30: 6 | S30: Contaminación. Palillos con corrosión en el acople al aislador.
B31: U.P. EXTRAPESADO | C31: 10.1 | D31: 17 | E31: Pase | G31: 6 | S31: Contaminación. Palillos con corrosión en el acople al aislador.
B32: U.P. EXTRAPESADO | C32: 10.1 | D32: 18 | E32: Amarre | G32: 2 | H32: 12 | N32: 3 | S32: Contaminación.
B33: U.P. EXTRAPESADO | C33: 10.1 | D33: 19 | E33: Pase | G33: 6 | S33: Contaminación.
B34: U.P. EXTRAPESADO | C34: 10.1 | D34: 20 | E34: Amarre en 45° | G34: 6 | H34: 12 | N34: 3 | S34: Contaminación. Herrajes (pernos roscados) con cierto grado de corrosión.
B35: U.P. EXTRAPESADO | C35: 10.1 | D35: 21 | E35: Pase | G35: 6 | S35: Contaminación.
B36: U.P. EXTRAPESADO | C36: 10.1 | D36: 22 | E36: Pase | G36: 6 | N36: 3 | S36: Contaminación.
B37: U.P. EXTRAPESADO | C37: 10.1 | D37: 23 | E37: Pase con Derivación en 45° | G37: 6 | H37: 3 | S37: NIVEL 3: Contaminación. Aislador de la fase C roto en la falda inferior. Se debe reemplazar.
B38: U.P. EXTRAPESADO | C38: 10.1 | D38: 24 | E38: Pase | G38: 6 | N38: 3 | S38: Contaminación.
B39: U.P. EXTRAPESADO | C39: 10.1 | D39: 25 | E39: Pase | G39: 6 | S39: NIVEL 3: Contaminación. El aislador de la fase B esta roto en la falda infeior. Se debe reemplazar.
B40: U.P. EXTRAPESADO | C40: 10.1 | D40: 26 | E40: Pase | G40: 6 | N40: 3 | S40: Contaminación. Palillos con cierto grado de corrosión en el acople al aislador.
B41: U.P. EXTRAPESADO | C41: 10.1 | D41: 27 | E41: Pase | G41: 6 | S41: Contaminación.
B42: U.P. EXTRAPESADO | C42: 10.1 | D42: 28 | E42: Pase | G42: 6 | S42: Contaminación.
B43: U.P. EXTRAPESADO | C43: 10.1 | D43: 29 | E43: Pase | G43: 6 | S43: Contaminación. Palillos con cierto grado de corrosión en el acople al aislador.
B44: U.P. EXTRAPESADO | C44: 10.1 | D44: 30 | E44: Pase | G44: 6 | S44: Contaminación.
B45: U.P. EXTRAPESADO | C45: 10.1 | D45: 31 | E45: Amarre en 45° | G45: 6 | H45: 12 | S45: Contaminación. Herrajes (pernos roscados) con corrosión.
B46: U.P. EXTRAPESADO | C46: 10.1 | D46: 32 | E46: Pase | G46: 6 | N46: 3 | S46: Contaminación.
B47: U.P. EXTRAPESADO | C47: 10.1 | D47: 33 | E47: Pase | G47: 6 | S47: Contaminación. Palillos con cierto grado de corrosión en el acople al aislador.
B48: U.P. EXTRAPESADO | C48: 10.1 | D48: 34 | E48: Pase | G48: 6 | N48: 3 | S48: Contaminación. Palillos con cierto grado de corrosión en el acople al aislador.
B49: U.P. EXTRAPESADO | C49: 10.1 | D49: 35 | E49: Amarre en 90° | G49: 6 | H49: 12 | S49: Contaminación. Herrajes (pernos roscados) con corrosión.
B50: U.P. EXTRAPESADO | C50: 10.1 | D50: 36 | E50: Pase | G50: 6 | N50: 3 | S50: Contaminación. Palillos con cierto grado de corrosión en el acople al aislador.
B51: U.P. EXTRAPESADO | C51: 10.1 | D51: 37 | E51: Pase | G51: 6 | S51: Contaminación. Palillos con cierto grado de corrosión en el acople al aislador.
B52: U.P. EXTRAPESADO | C52: 10.1 | D52: 38 | E52: Pase | G52: 6 | N52: 3 | S52: Contaminación. Palillos con cierto grado de corrosión en el acople al aislador.
B53: U.P. EXTRAPESADO | C53: 10.1 | D53: 39 | E53: Pase | G53: 6 | S53: Contaminación. Palillos con cierto grado de corrosión en el acople al aislador.
B54: U.P. EXTRAPESADO | C54: 10.1 | D54: 40 | E54: Pase | G54: 6 | N54: 3 | S54: Contaminación.
B55: U.P. EXTRAPESADO | C55: 10.1 | D55: 41 | E55: Amarre | H55: 12 | P55: 6 | S55: Contaminación. Seccionadores M-550 cerrados.
B56: U.P. EXTRAPESADO | C56: 10.1 | D56: 42 | E56: Pase | G56: 6 | N56: 3 | S56: Contaminación. Palillos con cierto grado de corrosión en el acople al aislador.
B57: U.P. EXTRAPESADO | C57: 10.1 | D57: 43 | E57: Pase | G57: 6 | S57: Contaminación. Palillos con cierto grado de corrosión en el acople al aislador.
B58: U.P. EXTRAPESADO | C58: 10.1 | D58: 44 | E58: Pase | G58: 6 | S58: Contaminación.
B59: U.P. EXTRAPESADO | C59: 10.1 | D59: 45 | E59: Amarre en 90° | G59: 5 | H59: 12 | S59: Contaminación. Herrajes (pernos roscados) con corrosión.
B60: U.P. EXTRAPESADO | C60: 10.1 | D60: 46 | E60: Pase | G60: 6 | N60: 3 | S60: Contaminación. Palillos con cierto grado de corrosión en el acople al aislador.
B61: U.P. EXTRAPESADO | C61: 10.1 | D61: 47 | E61: Pase con Derivación en 90° | G61: 6 | H61: 6 | P61: 3 | S61: Contaminación. Palillos con cierto grado de corrosión en el acople al aislador. Derivación con tres seccionadores M-521 cerrados.
B62: U.P. EXTRAPESADO | C62: 10.1 | D62: 48 | E62: Pase | G62: 6 | N62: 3 | S62: Contaminación.
B63: U.P. EXTRAPESADO | C63: 10.1 | D63: 49 | E63: Pase | G63: 6 | S63: Contaminación.
B64: U.P. EXTRAPESADO | C64: 10.1 | D64: 50 | E64: Pase | G64: 6 | N64: 3 | S64: Contaminación. Palillos con cierto grado de corrosión en el acople al aislador.
B65: U.P. EXTRAPESADO | C65: 10.1 | D65: 51 | E65: Pase | G65: 6 | S65: Contaminación. Palillos con corrosión.
B66: U.P. EXTRAPESADO | C66: 10.1 | D66: 52 | E66: Pase | G66: 6 | N66: 3 | S66: Contaminación.
B67: U.P. EXTRAPESADO | C67: 10.1 | D67: 53 | E67: Amarre en 90° con Derivación en 45° | G67: 5 | H67: 15 | S67: Contaminación.
B68: U.P. EXTRAPESADO | C68: 10.1 | D68: 54 | E68: Pase | G68: 6 | S68: Contaminación.
B69: U.P. EXTRAPESADO | C69: 10.1 | D69: 55 | E69: Amarre en 90° | G69: 5 | H69: 12 | S69: Contaminación.
B70: U.P. EXTRAPESADO | C70: 10.1 | D70: 56 | E70: Pase con derivación en 45° | G70: 6 | H70: 3 | N70: 3 | S70: Contaminación. Palillos con corrosión.
B71: U.P. EXTRAPESADO | C71: 10.1 | D71: 57 | E71: Amarre en 45° | G71: 4 | H71: 6 | K71: 2 | N71: 3 | P71: 9 SM / (1REC) | S71: Contaminación. Seccionadores M-1112 abiertos. Reconectador sin energia. Interconexión con otro circuito.
B72: U.P. EXTRAPESADO | C72: 10.1 | D72: 58 | E72: Amarre en 90° | G72: 6 | I72: 12 | S72: Contaminación.
B73: U.P. EXTRAPESADO | C73: 10.1 | D73: 59 | E73: Poste Terminal | I73: 6 | N73: 6 | P73: 6 | S73: Contaminación. Tres Seccionadores abiertos.
E76: C.A METALMECANICA INDUSTRIAL NAVAL | Q76: P.D.V.S.A
E77: NOMBRE Y APELLIDO: | Q77: NOMBRE Y APELLIDO:
E78: LAULUIS LAREZ | Q78: JOSE BASTARDO
E79: CARGO: INGENIERO RESIDENTE | Q79: CARGO: SUPERVISOR
E80: FIRMA: | Q80: FIRMA:

Sheet 10.2
E3: Calidad | AF3: CODIGO: FO-CA-GE-02-E
AF4: REVISION: 00
E5: Máster de Inspección | AF5: FECHA DE EMISIÓN: 28-02-2024
B8: Nombre del Proyecto: | E8: "Mantenimiento En El Sistema Eléctrico De Distribución 13.8 Kv De La División Ayacucho" | Y8: Nro. de Contrato: | AB8: 4600135303
B9: Disciplina | E9: Electricidad | Y9: Ubicación: | AB9: División Ayacucho
B10: DATOS | F10: MANTENIMIENTO PREDICTIVO EJECUTADO | AD10: MANTENIMIENTO PREVENTIVO EJECUTADO
F12: VISUAL | T12: TERMOGRAFÍA | Y12: ULTRASONIDO | AD12: INTERVENCIÓN
F13: Componentes
B14: Frente | C14: Circuito | D14: Nro. De poste | E14: Descripción | F14: Fecha V | G14: Aislador de Espiga (AE) | H14: Aislador Polimericos (APT ) 34,5 Kv | I14: Aislador de Cadena (Ac) | J14: Aislador Polimericos (APs ) 69 Kv | K14: Cortacorriente (CC) | L14: Abierto | M14: Cerrado | N14: Pararrayos (P) | O14: Grapa ( G ) | P14: Seccionador (SM) | Q14: Abierto 2 | R14: Cerrado3 | S14: Falla Detectada V | T14: Fecha T | U14: Ejecutado T | V14: Puntos de Termografía | W14: Falla Detectada T | X14: Observación T | Y14: Fecha UT | Z14: Ejecutado UT | AA14: Puntos de Ultrasonido | AB14: Falla Detectada UT | AC14: Observación UT | AD14: Fecha | AE14: Ejecutado MTTO | AF14: Observación
B15: U.P. EXTRAPESADO | C15: 10.2 | D15: 1 | E15: Poste Terminal | H15: 9 | N15: 6 | P15: 6 | S15: Contaminación. Seccionadores cerrados. Tornilleria de los terminales de conexión de las copas terminales a los seccionadores, con corrosión.
B16: U.P. EXTRAPESADO | C16: 10.2 | D16: 2 | E16: Amarre en 45° | G16: 1 | H16: 6 | S16: Contaminación. Herrajes con cierto grado de corrosión. Poste de interconexion con el circuito Sur de Bare.
B17: U.P. EXTRAPESADO | C17: 10.2 | D17: 3 | E17: Pase | G17: 6 | N17: 5 | S17: Contaminación. Pararrayos muy contaminados. Palillos con cierto grado de corrosión en el acople al aislador.
B18: U.P. EXTRAPESADO | C18: 10.2 | D18: 4 | E18: Pase | G18: 6 | N18: 6 | S18: Contaminación. Pararrayos muy contaminados. Aisladores de espiga fase A y B muy contaminados. Se recomienda reemplazarlos.
B19: U.P. EXTRAPESADO | C19: 10.2 | D19: 5 | E19: Pase | G19: 6 | S19: Contaminación.
B20: U.P. EXTRAPESADO | C20: 10.2 | D20: 6 | E20: Pase | G20: 6 | N20: 6 | S20: Contaminación. Palillos con corrosión en el acople al aislador.
B21: U.P. EXTRAPESADO | C21: 10.2 | D21: 7 | E21: Pase | G21: 6 | S21: Contaminación. Pallillos con corrosión en el acople al aislador.
B22: U.P. EXTRAPESADO | C22: 10.2 | D22: 8 | E22: Pase | G22: 6 | N22: 6 | S22: Contaminación.
B23: U.P. EXTRAPESADO | C23: 10.2 | D23: 9 | E23: Pase | G23: 6 | S23: Contaminación. Pallillos con corrosión en el acople al aislador.
B24: U.P. EXTRAPESADO | C24: 10.2 | D24: 10 | E24: Pase | G24: 6 | N24: 6 | S24: Contaminación. Palillos con corrosión en el acople al aislador.
B25: U.P. EXTRAPESADO | C25: 10.2 | D25: 11 | E25: Amarre | G25: 6 | H25: 12 | S25: Contaminación. Perno roscado con cierto grado de corrosión.
B26: U.P. EXTRAPESADO | C26: 10.2 | D26: 12 | E26: Pase | G26: 6 | N26: 6 | S26: Contaminación. Palillos con corrosión en el acople al aislador.
B27: U.P. EXTRAPESADO | C27: 10.2 | D27: 13 | E27: Pase | G27: 6 | S27: Contaminación.
B28: U.P. EXTRAPESADO | C28: 10.2 | D28: 14 | E28: Pase | G28: 6 | N28: 6 | S28: Contaminación.
B29: U.P. EXTRAPESADO | C29: 10.2 | D29: 15 | E29: Pase | G29: 6 | S29: Contaminación. Palillos con corrosión en el acople al aislador.
B30: U.P. EXTRAPESADO | C30: 10.2 | D30: 16 | E30: Pase | G30: 6 | S30: Contaminación. Palillos con corrosión en el acople al aislador.
B31: U.P. EXTRAPESADO | C31: 10.2 | D31: 17 | E31: Pase | G31: 6 | S31: Contaminación. Palillos con corrosión en el acople al aislador.
B32: U.P. EXTRAPESADO | C32: 10.2 | D32: 18 | E32: Amarre | G32: 2 | H32: 12 | N32: 3 | S32: Contaminación.
B33: U.P. EXTRAPESADO | C33: 10.2 | D33: 19 | E33: Pase | G33: 6 | S33: Contaminación.
B34: U.P. EXTRAPESADO | C34: 10.2 | D34: 20 | E34: Amarre en 45° | G34: 6 | H34: 12 | N34: 3 | S34: Contaminación. Herrajes (pernos roscados) con cierto grado de corrosión.
B35: U.P. EXTRAPESADO | C35: 10.2 | D35: 21 | E35: Pase | G35: 6 | S35: Contaminación.
B36: U.P. EXTRAPESADO | C36: 10.2 | D36: 22 | E36: Pase | G36: 6 | N36: 3 | S36: Contaminación.
B37: U.P. EXTRAPESADO | C37: 10.2 | D37: 23 | E37: Pase con Derivación en 45° | G37: 6 | H37: 3 | S37: NIVEL 3: Contaminación. Aislador de la fase C roto en la falda inferior. Se debe reemplazar.
B38: U.P. EXTRAPESADO | C38: 10.2 | D38: 24 | E38: Pase | G38: 6 | N38: 3 | S38: Contaminación.
B39: U.P. EXTRAPESADO | C39: 10.2 | D39: 25 | E39: Pase | G39: 6 | S39: NIVEL 3: Contaminación. El aislador de la fase B esta roto en la falda infeior. Se debe reemplazar.
B40: U.P. EXTRAPESADO | C40: 10.2 | D40: 26 | E40: Pase | G40: 6 | N40: 3 | S40: Contaminación. Palillos con cierto grado de corrosión en el acople al aislador.
B41: U.P. EXTRAPESADO | C41: 10.2 | D41: 27 | E41: Pase | G41: 6 | S41: Contaminación.
B42: U.P. EXTRAPESADO | C42: 10.2 | D42: 28 | E42: Pase | G42: 6 | S42: Contaminación.
B43: U.P. EXTRAPESADO | C43: 10.2 | D43: 29 | E43: Pase | G43: 6 | S43: Contaminación. Palillos con cierto grado de corrosión en el acople al aislador.
B44: U.P. EXTRAPESADO | C44: 10.2 | D44: 30 | E44: Pase | G44: 6 | S44: Contaminación.
B45: U.P. EXTRAPESADO | C45: 10.2 | D45: 31 | E45: Amarre en 45° | G45: 6 | H45: 12 | S45: Contaminación. Herrajes (pernos roscados) con corrosión.
B46: U.P. EXTRAPESADO | C46: 10.2 | D46: 32 | E46: Pase | G46: 6 | N46: 3 | S46: Contaminación.
B47: U.P. EXTRAPESADO | C47: 10.2 | D47: 33 | E47: Pase | G47: 6 | S47: Contaminación. Palillos con cierto grado de corrosión en el acople al aislador.
B48: U.P. EXTRAPESADO | C48: 10.2 | D48: 34 | E48: Pase | G48: 6 | N48: 3 | S48: Contaminación. Palillos con cierto grado de corrosión en el acople al aislador.
B49: U.P. EXTRAPESADO | C49: 10.2 | D49: 35 | E49: Amarre en 90° | G49: 6 | H49: 12 | S49: Contaminación. Herrajes (pernos roscados) con corrosión.
B50: U.P. EXTRAPESADO | C50: 10.2 | D50: 36 | E50: Pase | G50: 6 | N50: 3 | S50: Contaminación. Palillos con cierto grado de corrosión en el acople al aislador.
B51: U.P. EXTRAPESADO | C51: 10.2 | D51: 37 | E51: Pase | G51: 6 | S51: Contaminación. Palillos con cierto grado de corrosión en el acople al aislador.
B52: U.P. EXTRAPESADO | C52: 10.2 | D52: 38 | E52: Pase | G52: 6 | N52: 3 | S52: Contaminación. Palillos con cierto grado de corrosión en el acople al aislador.
B53: U.P. EXTRAPESADO | C53: 10.2 | D53: 39 | E53: Pase | G53: 6 | S53: Contaminación. Palillos con cierto grado de corrosión en el acople al aislador.
B54: U.P. EXTRAPESADO | C54: 10.2 | D54: 40 | E54: Pase | G54: 6 | N54: 3 | S54: Contaminación.
B55: U.P. EXTRAPESADO | C55: 10.2 | D55: 41 | E55: Amarre | H55: 12 | P55: 6 | S55: Contaminación. Seccionadores M-550 cerrados.
B56: U.P. EXTRAPESADO | C56: 10.2 | D56: 42 | E56: Pase | G56: 6 | N56: 3 | S56: Contaminación. Palillos con cierto grado de corrosión en el acople al aislador.
B57: U.P. EXTRAPESADO | C57: 10.2 | D57: 43 | E57: Pase | G57: 6 | S57: Contaminación. Palillos con cierto grado de corrosión en el acople al aislador.
B58: U.P. EXTRAPESADO | C58: 10.2 | D58: 44 | E58: Pase | G58: 6 | S58: Contaminación.
B59: U.P. EXTRAPESADO | C59: 10.2 | D59: 45 | E59: Amarre en 90° | G59: 5 | H59: 12 | S59: Contaminación. Herrajes (pernos roscados) con corrosión.
B60: U.P. EXTRAPESADO | C60: 10.2 | D60: 46 | E60: Pase | G60: 6 | N60: 3 | S60: Contaminación. Palillos con cierto grado de corrosión en el acople al aislador.
B61: U.P. EXTRAPESADO | C61: 10.2 | D61: 47 | E61: Pase con Derivación en 90° | G61: 6 | H61: 6 | P61: 3 | S61: Contaminación. Palillos con cierto grado de corrosión en el acople al aislador. Derivación con tres seccionadores M-521 cerrado.
B62: U.P. EXTRAPESADO | C62: 10.2 | D62: 48 | E62: Pase | G62: 6 | N62: 3 | S62: Contaminación.
B63: U.P. EXTRAPESADO | C63: 10.2 | D63: 49 | E63: Pase | G63: 6 | S63: Contaminación.
B64: U.P. EXTRAPESADO | C64: 10.2 | D64: 50 | E64: Pase | G64: 6 | N64: 3 | S64: Contaminación. Palillos con cierto grado de corrosión en el acople al aislador.
B65: U.P. EXTRAPESADO | C65: 10.2 | D65: 51 | E65: Pase | G65: 6 | S65: Contaminación. Palillos con corrosión.
B66: U.P. EXTRAPESADO | C66: 10.2 | D66: 52 | E66: Pase | G66: 6 | N66: 3 | S66: Contaminación.
B67: U.P. EXTRAPESADO | C67: 10.2 | D67: 53 | E67: Amarre en 90° con Derivación en 45° | G67: 5 | H67: 15 | S67: Contaminación.
B68: U.P. EXTRAPESADO | C68: 10.2 | D68: 54 | E68: Pase | G68: 6 | S68: Contaminación.
B69: U.P. EXTRAPESADO | C69: 10.2 | D69: 55 | E69: Amarre en 90° | G69: 5 | H69: 12 | S69: Contaminación.
B70: U.P. EXTRAPESADO | C70: 10.2 | D70: 56 | E70: Pase con derivación en 45° | G70: 6 | H70: 3 | N70: 3 | S70: Contaminación. Palillos con corrosión.
B71: U.P. EXTRAPESADO | C71: 10.2 | D71: 57 | E71: Amarre en 45° | G71: 4 | H71: 6 | K71: 2 | N71: 3 | P71: 9 SM / (1REC) | S71: Contaminación. Seccionadores M-1112. Reconectador sin energia. ESTE POSTE PERTENECE AL CIRCUITO 10.1 DE BARE.
B72: U.P. EXTRAPESADO | C72: 10.2 | D72: 58 | E72: Amarre en 90° | G72: 6 | I72: 12 | S72: Contaminación.
B73: U.P. EXTRAPESADO | C73: 10.2 | D73: 59 | E73: Poste Terminal | I73: 6 | N73: 6 | P73: 6 | S73: Contaminación. Tres Seccionadores abiertos.
B74: U.P. EXTRAPESADO | C74: 10.2 | D74: 60 | E74: Amarre con Derivación en 90° | G74: 3 | H74: 6 | I74: 3 | P74: 6 | S74: Contaminación. Pallillos con corrosión. Tres secccionadores cerrados y tres seccionadores abiertos (derivación).
B75: U.P. EXTRAPESADO | C75: 10.2 | D75: 61 | E75: Pase | G75: 3 | N75: 3 | S75: Contaminación. Palillos con cierto grado de corrosión en el acople al aislador.
B76: U.P. EXTRAPESADO | C76: 10.2 | D76: 62 | E76: Amarre en 45° con Derivación en 90° | G76: 2 | I76: 9 | P76: 3 | S76: Contaminación. Palillos con cierto grado de corrosión en el acople al aislador. Seccionadores de la derivación cerrados.
B77: U.P. EXTRAPESADO | C77: 10.2 | D77: 63 | E77: Pase | G77: 3 | S77: Contaminación. Palillos con cierto grado de corrosión en el acople al aislador.
B78: U.P. EXTRAPESADO | C78: 10.2 | D78: 64 | E78: Amarre | G78: 1 | I78: 6 | K78: 3 | N78: 3 | S78: Contaminación. Palillos con cierto grado de corrosión en el acople al aislador. Tres cortacorrientes abiertos.
B79: U.P. EXTRAPESADO | C79: 10.2 | D79: 65 | E79: Pase | G79: 3 | S79: Contaminación. Palillos con cierto grado de corrosión en el acople al aislador.
B80: U.P. EXTRAPESADO | C80: 10.2 | D80: 66 | E80: Amarre en 45° con Derivación en 90° | G80: 2 | I80: 9 | S80: Contaminación.
B81: U.P. EXTRAPESADO | C81: 10.2 | D81: 67 | E81: Amarre en 90° | G81: 1 | I81: 6 | P81: 3 | S81: Contaminación. Tres Seccionadores abiertos.
B82: U.P. EXTRAPESADO | C82: 10.2 | D82: 68 | E82: Amarre en 90° | G82: 1 | I82: 6 | S82: Contaminación. Palillos con cierto grado de corrosión en el acople al aislador.
B83: U.P. EXTRAPESADO | C83: 10.2 | D83: 69 | E83: Poste Terminal Tx | I83: 3 | K83: 3 | N83: 3 | S83: Contaminación. Tres cortacorrientes abiertos. Se recomienda retirarlos.
B84: U.P. EXTRAPESADO | C84: 10.2 | D84: 70 | E84: Amarre | G84: 1 | I84: 6 | N84: 3 | S84: Contaminación. Herrajes (pernos roscados) con corrosión.
B85: U.P. EXTRAPESADO | C85: 10.2 | D85: 71 | E85: Amarre | G85: 1 | I85: 6 | S85: Contaminación. Herrajes (pernos roscados) con corrosión.
B86: U.P. EXTRAPESADO | C86: 10.2 | D86: 72 | E86: Amarre | G86: 3 | H86: 3 | I86: 3 | P86: 3 | S86: Contaminación. Seccionadores cerrados. Este poste sirve de soporte del circuito Este de Bare.
B87: U.P. EXTRAPESADO | C87: 10.2 | D87: 73 | E87: Pase | G87: 6 | S87: Contaminación.
B88: U.P. EXTRAPESADO | C88: 10.2 | D88: 74 | E88: Amarre en 90° | G88: 1 | H88: 3 | I88: 3 | S88: Contaminación. Herrajes (pernos roscados) con corrosión.
B89: U.P. EXTRAPESADO | C89: 10.2 | D89: 75 | E89: Pase | G89: 3 | S89: Contaminación.
B90: U.P. EXTRAPESADO | C90: 10.2 | D90: 76 | E90: Amarre en 90° | G90: 1 | H90: 3 | I90: 3 | S90: Contaminación.
B91: U.P. EXTRAPESADO | C91: 10.2 | D91: 77 | E91: Amarre con Derivación en 90° | G91: 1 | H91: 9 | P91: 3 | S91: Contaminación. Seccionadores abiertos. Herrajes (pernos roscados) con cierto grado de corrosión.
B92: U.P. EXTRAPESADO | C92: 10.2 | D92: 78 | E92: Pase | G92: 3 | S92: Contaminación. Aislador de la fase C desacoplado del palillo con cierto grado de corrosión en el acople al aislador.
B93: U.P. EXTRAPESADO | C93: 10.2 | D93: 79 | E93: Pase con derivación en 45° | G93: 3 | I93: 3 | N93: 3 | S93: Contaminación.
B94: U.P. EXTRAPESADO | C94: 10.2 | D94: 80 | E94: Pase | G94: 3 | S94: Contaminación. Herrajes (pernos roscados) con corrosión.
B95: U.P. EXTRAPESADO | C95: 10.2 | D95: 81 | E95: Pase | G95: 3 | N95: 3 | S95: Contaminación. Palillos con cierto grado de corrosión en el acople al aislador.
B96: U.P. EXTRAPESADO | C96: 10.2 | D96: 82 | E96: Pase | G96: 3 | S96: Contaminación. Palillos con cierto grado de corrosión en el acople al aislador.
B97: U.P. EXTRAPESADO | C97: 10.2 | D97: 83 | E97: Pase con Derivación en 45° | G97: 3 | I97: 3 | P97: 3 | S97: Contaminación. Derivación monofásica con tres seccionadores (dos cerrados y uno abierto).
B98: U.P. EXTRAPESADO | C98: 10.2 | D98: 84 | E98: Pase | G98: 3 | N98: 3 | S98: Contaminación. Pararrayos desconectados de la línea. Se recomienda reemplazarlos.
B99: U.P. EXTRAPESADO | C99: 10.2 | D99: 85 | E99: Pase con Derivación en 90° | G99: 3 | I99: 3 | K99: 3 | S99: Contaminación. Palillos con cierto grado de corrosión en el acople al aislador. Derivación con tres cortacorrientes abiertos.
B100: U.P. EXTRAPESADO | C100: 10.2 | D100: 86 | E100: Pase | G100: 3 | S100: Contaminación. Palillos con cierto grado de corrosión en el acople al aislador.
B101: U.P. EXTRAPESADO | C101: 10.2 | D101: 87 | E101: Pase | G101: 3 | N101: 3 | S101: Contaminación. Palillos con cierto grado de corrosión en el acople al aislador. Pararrayos desconectados de la línea. Se recomienda reemplazarlos.
B102: U.P. EXTRAPESADO | C102: 10.2 | D102: 88 | E102: Pase | G102: 3 | S102: Contaminación. Palillos con corrosión en el acople al aislador.
B103: U.P. EXTRAPESADO | C103: 10.2 | D103: 89 | E103: Pase | G103: 3 | S103: Contaminación. Palillos con corrosión en el acople al aislador.
B104: U.P. EXTRAPESADO | C104: 10.2 | D104: 90 | E104: Pase con Derivación en 45° | G104: 3 | H104: 3 | K104: 3 | S104: Contaminación. Palillos con corrosión en el acople al aislador. Derivación abierta. Tres corta corriente abiertos. Arbol cercano a la línea.
B105: U.P. EXTRAPESADO | C105: 10.2 | D105: 91 | E105: Amarre en 45° | G105: 1 | H105: 1 | I105: 5 | S105: Contaminación. Palillos con corrosión en el acople al aislador. Herrajes (pernos roscados) con corrosión.
...

Sheet Kariña Sur
E3: Calidad | AF3: CODIGO: FO-CA-GE-02-E
AF4: REVISION: 00
E5: Máster de Inspección | AF5: FECHA DE EMISIÓN: 28-02-2024
B8: Nombre del Proyecto: | E8: "Mantenimiento En El Sistema Eléctrico De Distribución 13.8 Kv De La División Ayacucho" | Y8: Nro. de Contrato: | AB8: 4600135303
B9: Disciplina | E9: Electricidad | Y9: Ubicación: | AB9: División Ayacucho
B10: DATOS | F10: MANTENIMIENTO PREDICTIVO EJECUTADO | AD10: MANTENIMIENTO PREVENTIVO EJECUTADO
F12: VISUAL | T12: TERMOGRAFÍA | Y12: ULTRASONIDO | AD12: INTERVENCIÓN
F13: Componentes
B14: Frente | C14: Circuito | D14: Nro. De poste | E14: Descripción | F14: Fecha V | G14: Aislador de Espiga (AE) | H14: Aislador Polimericos (APT ) 34,5 Kv | I14: Aislador de Cadena (Ac) | J14: Aislador Polimericos (APs ) 69 Kv | K14: Cortacorriente (CC) | L14: Abierto | M14: Cerrado | N14: Pararrayos (P) | O14: Grapa ( G ) | P14: Seccionador (SM) | Q14: Abierto 2 | R14: Cerrado3 | S14: Falla Detectada V | T14: Fecha T | U14: Ejecutado T | V14: Puntos de Termografía | W14: Falla Detectada T | X14: Observación T | Y14: Fecha UT | Z14: Ejecutado UT | AA14: Puntos de Ultrasonido | AB14: Falla Detectada UT | AC14: Observación UT | AD14: Fecha | AE14: Ejecutado MTTO | AF14: Observación
B15: U.P. EXTRAPESADO | C15: KARIÑA SUR | D15: 1 | E15: Amarre | G15: 3 | H15: 6 | K15: 1 | M15: X | N15: 3 | O15: 7 | P15: 1 reconectador | S15: Contaminación. Pararrayos con alto grado de contaminación. Poste con un reconectador y un transformador de servicio auxilares. | T15: 45350 | U15: X | V15: 16 | AE15: Ejecutado
B16: U.P. PESADO | C16: KARIÑA SUR | D16: 2 | E16: Poste Suspensión | H16: 3 | S16: Contaminación
B17: U.P. PESADO | C17: KARIÑA SUR | D17: 3 | E17: Poste Suspensión | H17: 3 | S17: Contaminación
B18: U.P. PESADO | C18: KARIÑA SUR | D18: 4 | E18: Poste Suspensión | H18: 3 | N18: 3 | S18: Contaminación. Tornillería de fijación de los pararrayos con corrosión.
B19: U.P. PESADO | C19: KARIÑA SUR | D19: 5 | E19: Poste Suspensión | H19: 3 | S19: Contaminación
B20: U.P. PESADO | C20: KARIÑA SUR | D20: 6 | E20: Poste Suspensión | H20: 3 | S20: Contaminación
B21: U.P. PESADO | C21: KARIÑA SUR | D21: 7 | E21: Poste Suspensión | H21: 3 | N21: 3 | S21: Contaminación. Pararrayos muy contaminados. Tornillería de fijación de los pararayos con corrosión. No se aprecia la PAT del poste debido a la vegetación.
B22: U.P. PESADO | C22: KARIÑA SUR | D22: 8 | E22: Poste Suspensión | H22: 3 | S22: Contaminación
B23: U.P. PESADO | C23: KARIÑA SUR | D23: 9 | E23: Poste Suspensión | H23: 3 | S23: Contaminación
B24: U.P. EXTRAPESADO | C24: KARIÑA SUR | D24: 10 | E24: Amarre | G24: 1 | H24: 6 | N24: 3 | O24: 3 | S24: Contaminación. Tornillería de fijación de los pararrayos con corrosión. | T24: 45350 | U24: X | V24: 3
B25: U.P. PESADO | C25: KARIÑA SUR | D25: 11 | E25: Poste Suspensión | H25: 3 | S25: Contaminación
B26: U.P. PESADO | C26: KARIÑA SUR | D26: 12 | E26: Poste Suspensión | H26: 3 | S26: Contaminación
B27: U.P. PESADO | C27: KARIÑA SUR | D27: 13 | E27: Poste Suspensión | H27: 3 | N27: 3 | S27: Contaminación. Pararrayos muy contaminados. Tornillería de fijación de los pararayos con corrosión. El bajante de PAT de los pararrayos esta ligeramente partido.
B28: U.P. PESADO | C28: KARIÑA SUR | D28: 14 | E28: Poste Suspensión | H28: 3 | S28: Contaminación
B29: U.P. PESADO | C29: KARIÑA SUR | D29: 15 | E29: Poste Suspensión | H29: 3 | S29: Contaminación
B30: U.P. PESADO | C30: KARIÑA SUR | D30: 16 | E30: Poste Suspensión | H30: 3 | N30: 3 | S30: Contaminación. Pararrayos muy contaminados. Tornillería de fijación de los pararayos con corrosión.
B31: U.P. PESADO | C31: KARIÑA SUR | D31: 17 | E31: Poste Suspensión | H31: 3 | S31: Contaminación
B32: U.P. EXTRAPESADO | C32: KARIÑA SUR | D32: 18 | E32: Poste Suspensión con derivación en 90° | H32: 4 | O32: 1 | S32: Contaminación. Derivación monofásica hacia finca. | T32: 45350 | U32: X | V32: 1
B33: U.P. EXTRAPESADO | C33: KARIÑA SUR | D33: 19 | E33: Amarre | G33: 1 | H33: 6 | N33: 3 | O33: 3 | S33: Contaminación. Pararrayos muy contaminados. Tornillería de fijación de los pararayos con corrosión. | T33: 45350 | U33: X | V33: 3
B34: U.P. PESADO | C34: KARIÑA SUR | D34: 20 | E34: Poste Suspensión | H34: 3 | S34: Contaminación
B35: U.P. PESADO | C35: KARIÑA SUR | D35: 21 | E35: Poste Suspensión | H35: 3 | S35: Contaminación
B36: U.P. PESADO | C36: KARIÑA SUR | D36: 22 | E36: Poste Suspensión | H36: 3 | N36: 3 | S36: Contaminación. Pararrayos muy contaminados. Tornillería de fijación de los pararayos con corrosión.
B37: U.P. PESADO | C37: KARIÑA SUR | D37: 23 | E37: Poste Suspensión | H37: 3 | S37: Contaminación
B38: U.P. PESADO | C38: KARIÑA SUR | D38: 24 | E38: Poste Suspensión | H38: 3 | S38: Contaminación
B39: U.P. PESADO | C39: KARIÑA SUR | D39: 25 | E39: Poste Suspensión | H39: 3 | N39: 3 | S39: Contaminación. Pararrayos muy contaminados. Tornillería de fijación de los pararayos con corrosión.
B40: U.P. PESADO | C40: KARIÑA SUR | D40: 26 | E40: Poste Suspensión | H40: 3 | S40: Contaminación
B41: U.P. PESADO | C41: KARIÑA SUR | D41: 27 | E41: Poste Suspensión | H41: 3 | S41: Contaminación
B42: U.P. PESADO | C42: KARIÑA SUR | D42: 28 | E42: Poste Suspensión | H42: 3 | S42: Contaminación
B43: U.P. EXTRAPESADO | C43: KARIÑA SUR | D43: 29 | E43: Amarre | G43: 1 | H43: 6 | N43: 3 | O43: 3 | S43: Contaminación. Pararrayos muy contaminados. Tornillería de fijación de los pararayos con corrosión. | T43: 45350 | U43: X | V43: 3
B44: U.P. PESADO | C44: KARIÑA SUR | D44: 30 | E44: Poste Suspensión | H44: 3 | S44: Contaminación. En el vano comprendido entre los postes 30 y 31 hay un emplame en el conductor de la fase A.
B45: U.P. PESADO | C45: KARIÑA SUR | D45: 31 | E45: Poste Suspensión | H45: 3 | S45: Contaminación. En el vano comprendido entre los postes 30 y 31 hay un emplame en el conductor de la fase A.
B46: U.P. PESADO | C46: KARIÑA SUR | D46: 32 | E46: Poste Suspensión | H46: 3 | S46: Contaminación
B47: U.P. EXTRAPESADO | C47: KARIÑA SUR | D47: 33 | E47: Poste Suspensión con derivación en 90° | H47: 6 | K47: 3 | N47: 3 | O47: 4 | S47: Aisladores y pararrayos muy contaminados. Tornillería de fijación de los pararayos con corrosión. Derivación trifásica hacia finca. 3 cortacorrientes, dos abiertos y uno con fusible | T47: 45350 | U47: X | V47: 9 | X47: 2 CC Abierto y 1 Cerrado
B48: U.P. PESADO | C48: KARIÑA SUR | D48: 34 | E48: Poste Suspensión | H48: 3 | S48: Contaminación
B49: U.P. PESADO | C49: KARIÑA SUR | D49: 35 | E49: Poste Suspensión | H49: 3 | S49: Contaminación
B50: U.P. EXTRAPESADO | C50: KARIÑA SUR | D50: 36 | E50: Poste Suspensión Tx | H50: 3 | K50: 1 | M50: X | O50: 1 | S50: Contaminación. Un cortacorriente cerrado. | T50: 45350 | U50: X | V50: 4
B51: U.P. EXTRAPESADO | C51: KARIÑA SUR | D51: 37 | E51: Amarre en 45° | G51: 1 | H51: 6 | N51: 3 | O51: 3 | S51: Contaminación. Pararrayos muy contaminados. Tornillería de fijación de los pararayos con corrosión. | T51: 45350 | U51: X | V51: 3
B52: U.P. EXTRAPESADO | C52: KARIÑA SUR | D52: 38 | E52: Poste Suspensión con derivación en 90° | G52: 1 | H52: 6 | P52: 3 | R52: X | S52: Contaminación. Seccionadores cerrados. | T52: 45350 | U52: X | V52: 15
B53: U.P. EXTRAPESADO | C53: KARIÑA SUR | D53: 39 | E53: Amarre | H53: 9 | O53: 3 | S53: Contaminación. Poste con doble terna. Una terma desenergizada. | T53: 45350 | U53: X | V53: 3
B54: U.P. EXTRAPESADO | C54: KARIÑA SUR | D54: 40 | E54: Poste Suspensión | H54: 6 | O54: 6 | S54: Contaminación. No se aprecia la PAT del poste debido a la vegetación. | T54: 45350 | U54: X | V54: 6
B55: U.P. EXTRAPESADO | C55: KARIÑA SUR | D55: 41 | E55: Amarre en 45° | H55: 12 | O55: 12 | S55: Contaminación | T55: 45350 | U55: X | V55: 12
B56: U.P. PESADO | C56: KARIÑA SUR | D56: 42 | E56: Poste Suspensión | H56: 6 | S56: Contaminación. No se aprecia la PAT del poste debido a la vegetación.
B57: U.P. PESADO | C57: KARIÑA SUR | D57: 43 | E57: Poste Suspensión | H57: 6 | S57: Contaminación. No se aprecia la PAT del poste debido a la vegetación.
B58: U.P. PESADO | C58: KARIÑA SUR | D58: 44 | E58: Poste Suspensión | H58: 6 | S58: Contaminación. No se aprecia la PAT del poste debido a la vegetación.
B59: U.P. EXTRAPESADO | C59: KARIÑA SUR | D59: 45 | E59: Amarre en 45° | G59: 3 | H59: 12 | O59: 6 | S59: Contaminación. Palillos con cierto grado de corrosión en el acople a los aisladores. | T59: 45350 | U59: X | V59: 6
B60: U.P. PESADO | C60: KARIÑA SUR | D60: 46 | E60: Poste Suspensión | H60: 6 | S60: Contaminación. No se aprecia la PAT del poste debido a la vegetación.
